unsigned char RNN_temp_in_C_new_tflite[] = {
  0x1c, 0x00, 0x00, 0x00, 0x00, 0x00, 0x00, 0x00, 0x14, 0x00, 0x20, 0x00,
  0x1c, 0x00, 0x18, 0x00, 0x14, 0x00, 0x10, 0x00, 0x0c, 0x00, 0x00, 0x00,
  0x08, 0x00, 0x04, 0x00, 0x14, 0x00, 0x00, 0x00, 0x1c, 0x00, 0x00, 0x00,
  0x80, 0x00, 0x00, 0x00, 0xd8, 0x00, 0x00, 0x00, 0x34, 0x11, 0x00, 0x00,
  0x44, 0x11, 0x00, 0x00, 0x94, 0xad, 0x00, 0x00, 0x03, 0x00, 0x00, 0x00,
  0x01, 0x00, 0x00, 0x00, 0x04, 0x00, 0x00, 0x00, 0x32, 0xdd, 0xff, 0xff,
  0x0c, 0x00, 0x00, 0x00, 0x1c, 0x00, 0x00, 0x00, 0x38, 0x00, 0x00, 0x00,
  0x0f, 0x00, 0x00, 0x00, 0x73, 0x65, 0x72, 0x76, 0x69, 0x6e, 0x67, 0x5f,
  0x64, 0x65, 0x66, 0x61, 0x75, 0x6c, 0x74, 0x00, 0x01, 0x00, 0x00, 0x00,
  0x04, 0x00, 0x00, 0x00, 0x9c, 0xff, 0xff, 0xff, 0x89, 0x00, 0x00, 0x00,
  0x04, 0x00, 0x00, 0x00, 0x05, 0x00, 0x00, 0x00, 0x64, 0x65, 0x6e, 0x73,
  0x65, 0x00, 0x00, 0x00, 0x01, 0x00, 0x00, 0x00, 0x04, 0x00, 0x00, 0x00,
  0xfa, 0xdd, 0xff, 0xff, 0x04, 0x00, 0x00, 0x00, 0x07, 0x00, 0x00, 0x00,
  0x69, 0x6e, 0x70, 0x75, 0x74, 0x5f, 0x31, 0x00, 0x02, 0x00, 0x00, 0x00,
  0x34, 0x00, 0x00, 0x00, 0x04, 0x00, 0x00, 0x00, 0xdc, 0xff, 0xff, 0xff,
  0x8c, 0x00, 0x00, 0x00, 0x04, 0x00, 0x00, 0x00, 0x13, 0x00, 0x00, 0x00,
  0x43, 0x4f, 0x4e, 0x56, 0x45, 0x52, 0x53, 0x49, 0x4f, 0x4e, 0x5f, 0x4d,
  0x45, 0x54, 0x41, 0x44, 0x41, 0x54, 0x41, 0x00, 0x08, 0x00, 0x0c, 0x00,
  0x08, 0x00, 0x04, 0x00, 0x08, 0x00, 0x00, 0x00, 0x8b, 0x00, 0x00, 0x00,
  0x04, 0x00, 0x00, 0x00, 0x13, 0x00, 0x00, 0x00, 0x6d, 0x69, 0x6e, 0x5f,
  0x72, 0x75, 0x6e, 0x74, 0x69, 0x6d, 0x65, 0x5f, 0x76, 0x65, 0x72, 0x73,
  0x69, 0x6f, 0x6e, 0x00, 0x8e, 0x00, 0x00, 0x00, 0x58, 0x10, 0x00, 0x00,
  0x50, 0x10, 0x00, 0x00, 0x3c, 0x10, 0x00, 0x00, 0x28, 0x10, 0x00, 0x00,
  0x0c, 0x10, 0x00, 0x00, 0xf8, 0x0f, 0x00, 0x00, 0xe4, 0x0f, 0x00, 0x00,
  0xa0, 0x0f, 0x00, 0x00, 0xc8, 0x0e, 0x00, 0x00, 0xc0, 0x0e, 0x00, 0x00,
  0xb8, 0x0e, 0x00, 0x00, 0xb0, 0x0e, 0x00, 0x00, 0xa8, 0x0e, 0x00, 0x00,
  0xa0, 0x0e, 0x00, 0x00, 0x98, 0x0e, 0x00, 0x00, 0x90, 0x0e, 0x00, 0x00,
  0x88, 0x0e, 0x00, 0x00, 0x80, 0x0e, 0x00, 0x00, 0x78, 0x0e, 0x00, 0x00,
  0x70, 0x0e, 0x00, 0x00, 0x68, 0x0e, 0x00, 0x00, 0x60, 0x0e, 0x00, 0x00,
  0x58, 0x0e, 0x00, 0x00, 0x50, 0x0e, 0x00, 0x00, 0x48, 0x0e, 0x00, 0x00,
  0x40, 0x0e, 0x00, 0x00, 0x38, 0x0e, 0x00, 0x00, 0x30, 0x0e, 0x00, 0x00,
  0x28, 0x0e, 0x00, 0x00, 0x20, 0x0e, 0x00, 0x00, 0x18, 0x0e, 0x00, 0x00,
  0x10, 0x0e, 0x00, 0x00, 0xcc, 0x0d, 0x00, 0x00, 0xf8, 0x03, 0x00, 0x00,
  0xe4, 0x03, 0x00, 0x00, 0xdc, 0x03, 0x00, 0x00, 0xd4, 0x03, 0x00, 0x00,
  0xcc, 0x03, 0x00, 0x00, 0xc4, 0x03, 0x00, 0x00, 0xbc, 0x03, 0x00, 0x00,
  0xb4, 0x03, 0x00, 0x00, 0xac, 0x03, 0x00, 0x00, 0xa4, 0x03, 0x00, 0x00,
  0x9c, 0x03, 0x00, 0x00, 0x94, 0x03, 0x00, 0x00, 0x8c, 0x03, 0x00, 0x00,
  0x84, 0x03, 0x00, 0x00, 0x7c, 0x03, 0x00, 0x00, 0x74, 0x03, 0x00, 0x00,
  0x6c, 0x03, 0x00, 0x00, 0x64, 0x03, 0x00, 0x00, 0x5c, 0x03, 0x00, 0x00,
  0x54, 0x03, 0x00, 0x00, 0x4c, 0x03, 0x00, 0x00, 0x44, 0x03, 0x00, 0x00,
  0x3c, 0x03, 0x00, 0x00, 0x34, 0x03, 0x00, 0x00, 0x2c, 0x03, 0x00, 0x00,
  0x24, 0x03, 0x00, 0x00, 0x1c, 0x03, 0x00, 0x00, 0x14, 0x03, 0x00, 0x00,
  0x0c, 0x03, 0x00, 0x00, 0x04, 0x03, 0x00, 0x00, 0xfc, 0x02, 0x00, 0x00,
  0xf4, 0x02, 0x00, 0x00, 0xec, 0x02, 0x00, 0x00, 0xe4, 0x02, 0x00, 0x00,
  0xdc, 0x02, 0x00, 0x00, 0xd4, 0x02, 0x00, 0x00, 0xcc, 0x02, 0x00, 0x00,
  0xc4, 0x02, 0x00, 0x00, 0xbc, 0x02, 0x00, 0x00, 0xb4, 0x02, 0x00, 0x00,
  0xac, 0x02, 0x00, 0x00, 0xa4, 0x02, 0x00, 0x00, 0x9c, 0x02, 0x00, 0x00,
  0x94, 0x02, 0x00, 0x00, 0x8c, 0x02, 0x00, 0x00, 0x84, 0x02, 0x00, 0x00,
  0x7c, 0x02, 0x00, 0x00, 0x74, 0x02, 0x00, 0x00, 0x6c, 0x02, 0x00, 0x00,
  0x64, 0x02, 0x00, 0x00, 0x5c, 0x02, 0x00, 0x00, 0x54, 0x02, 0x00, 0x00,
  0x4c, 0x02, 0x00, 0x00, 0x44, 0x02, 0x00, 0x00, 0x3c, 0x02, 0x00, 0x00,
  0x34, 0x02, 0x00, 0x00, 0x2c, 0x02, 0x00, 0x00, 0x24, 0x02, 0x00, 0x00,
  0x1c, 0x02, 0x00, 0x00, 0x14, 0x02, 0x00, 0x00, 0x0c, 0x02, 0x00, 0x00,
  0x04, 0x02, 0x00, 0x00, 0xfc, 0x01, 0x00, 0x00, 0xf4, 0x01, 0x00, 0x00,
  0xec, 0x01, 0x00, 0x00, 0xe4, 0x01, 0x00, 0x00, 0xdc, 0x01, 0x00, 0x00,
  0xd4, 0x01, 0x00, 0x00, 0xcc, 0x01, 0x00, 0x00, 0xc4, 0x01, 0x00, 0x00,
  0xbc, 0x01, 0x00, 0x00, 0xb4, 0x01, 0x00, 0x00, 0xac, 0x01, 0x00, 0x00,
  0xa4, 0x01, 0x00, 0x00, 0x9c, 0x01, 0x00, 0x00, 0x94, 0x01, 0x00, 0x00,
  0x8c, 0x01, 0x00, 0x00, 0x84, 0x01, 0x00, 0x00, 0x7c, 0x01, 0x00, 0x00,
  0x74, 0x01, 0x00, 0x00, 0x6c, 0x01, 0x00, 0x00, 0x64, 0x01, 0x00, 0x00,
  0x5c, 0x01, 0x00, 0x00, 0x54, 0x01, 0x00, 0x00, 0x4c, 0x01, 0x00, 0x00,
  0x44, 0x01, 0x00, 0x00, 0x3c, 0x01, 0x00, 0x00, 0x34, 0x01, 0x00, 0x00,
  0x2c, 0x01, 0x00, 0x00, 0x24, 0x01, 0x00, 0x00, 0x1c, 0x01, 0x00, 0x00,
  0x14, 0x01, 0x00, 0x00, 0x0c, 0x01, 0x00, 0x00, 0x04, 0x01, 0x00, 0x00,
  0xfc, 0x00, 0x00, 0x00, 0xf4, 0x00, 0x00, 0x00, 0xec, 0x00, 0x00, 0x00,
  0xe4, 0x00, 0x00, 0x00, 0xdc, 0x00, 0x00, 0x00, 0xd4, 0x00, 0x00, 0x00,
  0xcc, 0x00, 0x00, 0x00, 0xc4, 0x00, 0x00, 0x00, 0xbc, 0x00, 0x00, 0x00,
  0xb4, 0x00, 0x00, 0x00, 0xac, 0x00, 0x00, 0x00, 0xa4, 0x00, 0x00, 0x00,
  0x84, 0x00, 0x00, 0x00, 0x1c, 0x00, 0x00, 0x00, 0x04, 0x00, 0x00, 0x00,
  0xa6, 0xe0, 0xff, 0xff, 0x04, 0x00, 0x00, 0x00, 0x08, 0x00, 0x00, 0x00,
  0x01, 0x00, 0x00, 0x00, 0x32, 0x00, 0x00, 0x00, 0xba, 0xe0, 0xff, 0xff,
  0x04, 0x00, 0x00, 0x00, 0x58, 0x00, 0x00, 0x00, 0x0c, 0x00, 0x00, 0x00,
  0x08, 0x00, 0x0e, 0x00, 0x08, 0x00, 0x04, 0x00, 0x08, 0x00, 0x00, 0x00,
  0x10, 0x00, 0x00, 0x00, 0x28, 0x00, 0x00, 0x00, 0x00, 0x00, 0x06, 0x00,
  0x08, 0x00, 0x04, 0x00, 0x06, 0x00, 0x00, 0x00, 0x04, 0x00, 0x00, 0x00,
  0x01, 0x00, 0x00, 0x00, 0xeb, 0x03, 0x00, 0x00, 0x00, 0x00, 0x0a, 0x00,
  0x10, 0x00, 0x0c, 0x00, 0x08, 0x00, 0x04, 0x00, 0x0a, 0x00, 0x00, 0x00,
  0x02, 0x00, 0x00, 0x00, 0x02, 0x00, 0x00, 0x00, 0x04, 0x00, 0x00, 0x00,
  0x06, 0x00, 0x00, 0x00, 0x32, 0x2e, 0x31, 0x31, 0x2e, 0x30, 0x00, 0x00,
  0x1e, 0xe1, 0xff, 0xff, 0x04, 0x00, 0x00, 0x00, 0x10, 0x00, 0x00, 0x00,
  0x32, 0x2e, 0x35, 0x2e, 0x30, 0x00, 0x00, 0x00, 0x00, 0x00, 0x00, 0x00,
  0x00, 0x00, 0x00, 0x00, 0x40, 0x56, 0xff, 0xff, 0x44, 0x56, 0xff, 0xff,
  0x48, 0x56, 0xff, 0xff, 0x4c, 0x56, 0xff, 0xff, 0x50, 0x56, 0xff, 0xff,
  0x54, 0x56, 0xff, 0xff, 0x58, 0x56, 0xff, 0xff, 0x5c, 0x56, 0xff, 0xff,
  0x60, 0x56, 0xff, 0xff, 0x64, 0x56, 0xff, 0xff, 0x68, 0x56, 0xff, 0xff,
  0x6c, 0x56, 0xff, 0xff, 0x70, 0x56, 0xff, 0xff, 0x74, 0x56, 0xff, 0xff,
  0x78, 0x56, 0xff, 0xff, 0x7c, 0x56, 0xff, 0xff, 0x80, 0x56, 0xff, 0xff,
  0x84, 0x56, 0xff, 0xff, 0x88, 0x56, 0xff, 0xff, 0x8c, 0x56, 0xff, 0xff,
  0x90, 0x56, 0xff, 0xff, 0x94, 0x56, 0xff, 0xff, 0x98, 0x56, 0xff, 0xff,
  0x9c, 0x56, 0xff, 0xff, 0xa0, 0x56, 0xff, 0xff, 0xa4, 0x56, 0xff, 0xff,
  0xa8, 0x56, 0xff, 0xff, 0xac, 0x56, 0xff, 0xff, 0xb0, 0x56, 0xff, 0xff,
  0xb4, 0x56, 0xff, 0xff, 0xb8, 0x56, 0xff, 0xff, 0xbc, 0x56, 0xff, 0xff,
  0xc0, 0x56, 0xff, 0xff, 0xc4, 0x56, 0xff, 0xff, 0xc8, 0x56, 0xff, 0xff,
  0xcc, 0x56, 0xff, 0xff, 0xd0, 0x56, 0xff, 0xff, 0xd4, 0x56, 0xff, 0xff,
  0xd8, 0x56, 0xff, 0xff, 0xdc, 0x56, 0xff, 0xff, 0xe0, 0x56, 0xff, 0xff,
  0xe4, 0x56, 0xff, 0xff, 0xe8, 0x56, 0xff, 0xff, 0xec, 0x56, 0xff, 0xff,
  0xf0, 0x56, 0xff, 0xff, 0xf4, 0x56, 0xff, 0xff, 0xf8, 0x56, 0xff, 0xff,
  0xfc, 0x56, 0xff, 0xff, 0x00, 0x57, 0xff, 0xff, 0x04, 0x57, 0xff, 0xff,
  0x08, 0x57, 0xff, 0xff, 0x0c, 0x57, 0xff, 0xff, 0x10, 0x57, 0xff, 0xff,
  0x14, 0x57, 0xff, 0xff, 0x18, 0x57, 0xff, 0xff, 0x1c, 0x57, 0xff, 0xff,
  0x20, 0x57, 0xff, 0xff, 0x24, 0x57, 0xff, 0xff, 0x28, 0x57, 0xff, 0xff,
  0x2c, 0x57, 0xff, 0xff, 0x30, 0x57, 0xff, 0xff, 0x34, 0x57, 0xff, 0xff,
  0x38, 0x57, 0xff, 0xff, 0x3c, 0x57, 0xff, 0xff, 0x40, 0x57, 0xff, 0xff,
  0x44, 0x57, 0xff, 0xff, 0x48, 0x57, 0xff, 0xff, 0x4c, 0x57, 0xff, 0xff,
  0x50, 0x57, 0xff, 0xff, 0x54, 0x57, 0xff, 0xff, 0x58, 0x57, 0xff, 0xff,
  0x5c, 0x57, 0xff, 0xff, 0x60, 0x57, 0xff, 0xff, 0x64, 0x57, 0xff, 0xff,
  0x68, 0x57, 0xff, 0xff, 0x6c, 0x57, 0xff, 0xff, 0x70, 0x57, 0xff, 0xff,
  0x74, 0x57, 0xff, 0xff, 0x78, 0x57, 0xff, 0xff, 0x7c, 0x57, 0xff, 0xff,
  0x80, 0x57, 0xff, 0xff, 0x84, 0x57, 0xff, 0xff, 0x88, 0x57, 0xff, 0xff,
  0x8c, 0x57, 0xff, 0xff, 0x90, 0x57, 0xff, 0xff, 0x94, 0x57, 0xff, 0xff,
  0x98, 0x57, 0xff, 0xff, 0x9c, 0x57, 0xff, 0xff, 0xa0, 0x57, 0xff, 0xff,
  0xa4, 0x57, 0xff, 0xff, 0xa8, 0x57, 0xff, 0xff, 0xac, 0x57, 0xff, 0xff,
  0xb0, 0x57, 0xff, 0xff, 0xb4, 0x57, 0xff, 0xff, 0xb8, 0x57, 0xff, 0xff,
  0xbc, 0x57, 0xff, 0xff, 0xc0, 0x57, 0xff, 0xff, 0xc4, 0x57, 0xff, 0xff,
  0xc8, 0x57, 0xff, 0xff, 0xcc, 0x57, 0xff, 0xff, 0xd0, 0x57, 0xff, 0xff,
  0xd4, 0x57, 0xff, 0xff, 0xd8, 0x57, 0xff, 0xff, 0xdc, 0x57, 0xff, 0xff,
  0xda, 0xe2, 0xff, 0xff, 0x04, 0x00, 0x00, 0x00, 0x01, 0x00, 0x00, 0x00,
  0x00, 0x00, 0x00, 0x00, 0xea, 0xe2, 0xff, 0xff, 0x04, 0x00, 0x00, 0x00,
  0xc4, 0x09, 0x00, 0x00, 0xd2, 0x05, 0x02, 0xf6, 0xea, 0xf9, 0xe1, 0x27,
  0xd8, 0xea, 0xf7, 0xf6, 0x3b, 0x0b, 0xcf, 0x04, 0xf0, 0x1e, 0xd9, 0xdb,
  0xd7, 0xde, 0x09, 0xfd, 0xec, 0xf9, 0x0e, 0x1a, 0x10, 0xfa, 0x1d, 0xeb,
  0xdc, 0xf2, 0xff, 0xf0, 0xe0, 0x16, 0xef, 0x2c, 0xf0, 0xe9, 0x11, 0xfd,
  0x07, 0x01, 0xd6, 0xfb, 0xf5, 0xdf, 0x0e, 0xef, 0x18, 0xea, 0x07, 0xf1,
  0x12, 0xea, 0xfd, 0xff, 0x03, 0xfa, 0xe8, 0x17, 0xc3, 0xdc, 0x16, 0x03,
  0xe2, 0x17, 0xe4, 0x10, 0x09, 0x00, 0xe9, 0x0a, 0xdf, 0x00, 0xd4, 0xfd,
  0x01, 0x0f, 0x03, 0x26, 0xf9, 0xdd, 0xeb, 0xfa, 0x25, 0x18, 0xec, 0xf7,
  0x10, 0xff, 0x18, 0x11, 0x06, 0x0a, 0x33, 0xf3, 0x0f, 0xf8, 0xee, 0x15,
  0x44, 0xeb, 0x0e, 0x01, 0x02, 0x17, 0xf7, 0xeb, 0x26, 0x1f, 0xfa, 0x04,
  0xec, 0x20, 0x20, 0x1b, 0x02, 0xfd, 0xfe, 0xf6, 0xfd, 0x32, 0x26, 0x0f,
  0xfd, 0x0a, 0x1d, 0xf8, 0x0f, 0xfb, 0x15, 0xec, 0x03, 0x16, 0x2a, 0x1c,
  0x23, 0xe4, 0x18, 0x00, 0xf5, 0x0e, 0x2d, 0x09, 0x11, 0x07, 0xe7, 0xf8,
  0x0b, 0x0e, 0xf3, 0x33, 0xed, 0x2a, 0xf6, 0x0d, 0xe5, 0x11, 0xff, 0x2b,
  0x0c, 0x25, 0xeb, 0x06, 0xf0, 0x12, 0x1d, 0xfc, 0xd5, 0x09, 0x24, 0xf0,
  0x08, 0xf3, 0x0c, 0x09, 0x09, 0x41, 0x0c, 0xfe, 0x0c, 0x13, 0x04, 0x05,
  0x02, 0x11, 0x16, 0x11, 0xf7, 0x2f, 0x00, 0x10, 0x04, 0xff, 0xcc, 0xf5,
  0xdd, 0xf0, 0xdc, 0xf9, 0xed, 0x04, 0x03, 0x31, 0xf3, 0x1f, 0xfe, 0x14,
  0xd9, 0xe0, 0x14, 0x18, 0x10, 0xe4, 0x03, 0xef, 0xf4, 0xf2, 0xf5, 0x01,
  0x57, 0xf5, 0xef, 0xe0, 0x15, 0x13, 0xf0, 0xdc, 0xec, 0x06, 0x1f, 0xf8,
  0xf7, 0xda, 0xd6, 0xe3, 0xd2, 0x04, 0xda, 0xaf, 0x14, 0xf3, 0x07, 0xe8,
  0xe8, 0x0e, 0xfc, 0x18, 0xe4, 0xeb, 0x3c, 0xef, 0x0d, 0xf9, 0xf3, 0x2b,
  0xd6, 0xd9, 0x16, 0x07, 0x1c, 0xd5, 0xfb, 0xe1, 0xf8, 0x0d, 0xeb, 0xee,
  0x0b, 0xe9, 0x18, 0x0c, 0x29, 0xf2, 0xfb, 0x19, 0x04, 0x20, 0x17, 0x06,
  0x16, 0x10, 0xe6, 0xf9, 0x2d, 0x24, 0x05, 0x0f, 0x15, 0x26, 0xfb, 0xe7,
  0x09, 0x03, 0x05, 0xda, 0x09, 0xf7, 0x1a, 0x06, 0xfa, 0x03, 0xec, 0x09,
  0x04, 0xf7, 0x07, 0x04, 0xf6, 0xef, 0xe3, 0xe3, 0xf2, 0xe1, 0xf7, 0xf7,
  0xfc, 0xdd, 0x02, 0xfc, 0xee, 0x1f, 0xf2, 0x05, 0xd5, 0x01, 0x03, 0xef,
  0x04, 0xe6, 0x0f, 0xe2, 0x09, 0xfb, 0xe3, 0xf5, 0xe5, 0x05, 0x0e, 0x12,
  0x11, 0xf6, 0x17, 0xdf, 0x10, 0xc3, 0x0d, 0xe2, 0x12, 0xd5, 0x2e, 0x13,
  0x13, 0xbc, 0xe7, 0x36, 0xfd, 0xfc, 0xe9, 0xf9, 0xe0, 0xef, 0xe7, 0x06,
  0xed, 0x2e, 0xd1, 0xfb, 0x2b, 0xf2, 0x25, 0x18, 0x00, 0xff, 0x0f, 0x11,
  0xdb, 0xf8, 0x15, 0x3a, 0x16, 0xc0, 0x06, 0xe0, 0x09, 0x12, 0xe6, 0x00,
  0xe8, 0x54, 0xf9, 0xff, 0xfd, 0xe4, 0x37, 0x21, 0xea, 0x12, 0x2d, 0xf9,
  0xea, 0x08, 0x24, 0x17, 0xf8, 0x24, 0x16, 0x1b, 0x01, 0x0c, 0x0e, 0x01,
  0xf5, 0xce, 0xf1, 0x04, 0x0c, 0xef, 0x4b, 0x14, 0x05, 0x07, 0xed, 0x0c,
  0xf3, 0xe0, 0xf5, 0x09, 0xf6, 0xfc, 0xf5, 0x1a, 0xd7, 0x09, 0xd0, 0x0d,
  0xfe, 0x12, 0xff, 0x22, 0x13, 0x24, 0x03, 0x38, 0x2a, 0x34, 0x03, 0xd1,
  0xd7, 0xfc, 0x0c, 0xe6, 0xf4, 0xf6, 0x05, 0xe5, 0xf2, 0xea, 0x00, 0xf8,
  0x19, 0xde, 0x14, 0xf8, 0xff, 0x0c, 0xf8, 0xde, 0x10, 0xc4, 0xe9, 0xf3,
  0x19, 0x08, 0xdd, 0xe3, 0x05, 0x04, 0xed, 0x08, 0xf3, 0xdd, 0xca, 0xee,
  0x04, 0xe6, 0x11, 0xea, 0x09, 0x1b, 0xe6, 0xfa, 0xfd, 0xf2, 0x02, 0xff,
  0x06, 0xf4, 0x07, 0x11, 0xf2, 0xff, 0x09, 0x15, 0xe5, 0x1b, 0xdc, 0x12,
  0x24, 0xe4, 0xf7, 0xe8, 0xe4, 0xea, 0x2c, 0xf4, 0xf1, 0x01, 0x09, 0xe6,
  0x03, 0xf9, 0xdc, 0x2a, 0xec, 0x05, 0xe6, 0x05, 0xf1, 0x00, 0x1b, 0xea,
  0x01, 0xfd, 0xeb, 0xc1, 0x02, 0xd6, 0x0e, 0x0c, 0x00, 0xe8, 0xf8, 0x07,
  0x20, 0x03, 0x07, 0xe8, 0xe0, 0xf1, 0xde, 0xf5, 0xef, 0xe5, 0xff, 0x0a,
  0x0e, 0x08, 0xe3, 0xf5, 0xee, 0xd8, 0x04, 0x00, 0xeb, 0x1c, 0xd3, 0x02,
  0xf5, 0xe6, 0x0b, 0xee, 0x01, 0xf5, 0xf1, 0x01, 0xf7, 0xe6, 0xde, 0xe6,
  0xfe, 0xf4, 0x26, 0x09, 0xcd, 0xdd, 0xd5, 0xf3, 0x02, 0xef, 0xd7, 0xf2,
  0xe8, 0x07, 0xfd, 0xf5, 0xfc, 0x15, 0x20, 0x08, 0x20, 0x09, 0x03, 0x29,
  0x01, 0xbd, 0xfc, 0x1a, 0xf4, 0x0b, 0xeb, 0xf8, 0x00, 0xf6, 0x26, 0xf0,
  0x00, 0x0c, 0xd0, 0xec, 0x04, 0x1b, 0xfa, 0xfa, 0xf6, 0xe8, 0x03, 0xd7,
  0x05, 0x33, 0xf7, 0x02, 0xfb, 0xec, 0xdf, 0x0b, 0x3f, 0x07, 0x0a, 0xea,
  0xd5, 0xf2, 0xf6, 0xf2, 0x19, 0x09, 0x0a, 0xd8, 0x06, 0xef, 0x13, 0x1a,
  0xdf, 0x0d, 0xe4, 0x10, 0xfa, 0xda, 0x06, 0xc5, 0x0b, 0xfd, 0x2d, 0xfc,
  0xf0, 0xeb, 0x0b, 0x07, 0xeb, 0x1a, 0x04, 0xda, 0xff, 0x01, 0x10, 0x0f,
  0xed, 0x21, 0x02, 0x06, 0xfe, 0x0f, 0xfe, 0x0e, 0xf4, 0x25, 0x0c, 0x16,
  0x07, 0x09, 0x03, 0x03, 0x05, 0xea, 0xea, 0x00, 0xeb, 0xf6, 0x1a, 0xe8,
  0xc3, 0x37, 0xf8, 0x04, 0x25, 0xd5, 0xfd, 0x12, 0xdb, 0xf2, 0xd9, 0x1f,
  0xfb, 0xfd, 0x08, 0xe2, 0x15, 0xf1, 0xd0, 0xf8, 0xdb, 0xb3, 0x13, 0xf3,
  0x19, 0x01, 0x1a, 0x59, 0xee, 0xc3, 0xf7, 0x09, 0x09, 0xf7, 0xfb, 0xf2,
  0xe3, 0x16, 0xec, 0x17, 0xf6, 0x06, 0x0e, 0xee, 0xbb, 0x19, 0x18, 0x01,
  0xe8, 0x1a, 0xff, 0xf8, 0xe8, 0xee, 0xdb, 0xe7, 0xf4, 0xf7, 0x20, 0x04,
  0xff, 0x0e, 0x03, 0x10, 0x0c, 0x11, 0x06, 0xd1, 0x0f, 0x08, 0x04, 0x23,
  0x0a, 0x09, 0x0c, 0xd6, 0x1f, 0x0d, 0xea, 0x15, 0x04, 0x0a, 0x12, 0xef,
  0x0b, 0x01, 0xfb, 0x25, 0x11, 0xdd, 0xf3, 0x06, 0xfb, 0xd9, 0x03, 0xf1,
  0x14, 0x21, 0x02, 0xd6, 0x07, 0x07, 0xf6, 0x1a, 0x0f, 0x11, 0x08, 0x25,
  0xfc, 0x09, 0x0f, 0xfc, 0x29, 0x1d, 0x27, 0xfa, 0xee, 0x09, 0x06, 0x07,
  0x16, 0xf4, 0xec, 0xf7, 0x0b, 0x05, 0xfb, 0xe0, 0x0d, 0x0d, 0x01, 0xd3,
  0x05, 0xf5, 0x0e, 0x06, 0xf4, 0x20, 0x15, 0x0e, 0x04, 0x0a, 0x07, 0xf9,
  0x1e, 0x07, 0x11, 0xfa, 0xe1, 0x31, 0x25, 0x0a, 0xc9, 0x0b, 0x06, 0xfe,
  0xf4, 0xe7, 0x07, 0x21, 0xfd, 0x12, 0x1d, 0xf8, 0x10, 0xee, 0xe0, 0xfb,
  0x0e, 0xf1, 0x1c, 0xf1, 0x00, 0xee, 0x06, 0xf5, 0x07, 0xf9, 0x2f, 0x18,
  0x23, 0xf9, 0x0f, 0x07, 0xf7, 0x0c, 0xf5, 0xfc, 0xfb, 0x15, 0x08, 0x04,
  0x02, 0xf9, 0x1d, 0xf6, 0xda, 0x06, 0x01, 0x0c, 0x11, 0xf5, 0x28, 0xf8,
  0xe4, 0xe8, 0x01, 0x06, 0xfa, 0x1c, 0xf9, 0xdb, 0x13, 0x03, 0x03, 0x39,
  0x12, 0x26, 0xfa, 0xf6, 0x0e, 0xdf, 0x13, 0x17, 0x16, 0xf3, 0xe3, 0x1e,
  0x01, 0x2b, 0x21, 0xfa, 0x20, 0x17, 0x03, 0x12, 0xff, 0x12, 0xd0, 0x20,
  0xf8, 0x1d, 0x10, 0xca, 0x26, 0x0a, 0x14, 0x05, 0xe8, 0xf1, 0xed, 0x07,
  0xf9, 0xf3, 0x03, 0x06, 0xf9, 0x09, 0xdd, 0xf3, 0xfe, 0xff, 0xe1, 0xd4,
  0xf2, 0xdc, 0xe8, 0xe4, 0xfe, 0xde, 0xe1, 0xf0, 0xef, 0xd9, 0x21, 0xe2,
  0xec, 0xfc, 0xe1, 0x15, 0x14, 0xf3, 0xf8, 0xff, 0xf8, 0x00, 0xf2, 0xfa,
  0xf9, 0xeb, 0xe4, 0x0d, 0x09, 0xe9, 0xeb, 0xf1, 0x17, 0x01, 0xf7, 0x11,
  0x25, 0xf1, 0x41, 0xe9, 0x12, 0x19, 0x0d, 0x0d, 0x0e, 0x10, 0x10, 0xf0,
  0xf5, 0xe8, 0x0d, 0x04, 0xcf, 0xe6, 0x0d, 0x08, 0x0b, 0xf3, 0x11, 0x3d,
  0xe9, 0xbb, 0xfe, 0xff, 0x20, 0x13, 0x20, 0x05, 0x3b, 0xfb, 0x20, 0x09,
  0xf8, 0x0c, 0xe8, 0x03, 0xd5, 0xec, 0xf2, 0xdd, 0x27, 0x00, 0xfc, 0x15,
  0x07, 0x05, 0x0e, 0x00, 0x02, 0x03, 0x16, 0xf3, 0xe9, 0x05, 0xf3, 0xe2,
  0x00, 0xca, 0x0f, 0xed, 0xfa, 0x20, 0x18, 0x17, 0x1a, 0x28, 0xff, 0x03,
  0xe9, 0x06, 0x12, 0x2b, 0x0d, 0xf5, 0x26, 0x00, 0x21, 0xef, 0x05, 0x05,
  0x3c, 0xea, 0x01, 0xe8, 0x01, 0x09, 0xed, 0x0e, 0x0b, 0x0b, 0x21, 0x1f,
  0xe6, 0xd7, 0xd0, 0xf3, 0xcd, 0xde, 0x01, 0x02, 0xdc, 0xe6, 0xfe, 0x0d,
  0xf9, 0xe1, 0xd7, 0xfa, 0xfd, 0xf5, 0x0b, 0x00, 0xdb, 0x03, 0x04, 0xfe,
  0xce, 0xf8, 0xfc, 0xe2, 0x0e, 0xe6, 0xeb, 0xe9, 0x29, 0xfc, 0xee, 0xe7,
  0xf0, 0x0a, 0x05, 0x03, 0xf4, 0xf8, 0x15, 0x07, 0x06, 0xfe, 0xea, 0x05,
  0x01, 0xe2, 0xe3, 0x10, 0xfc, 0xf8, 0xd8, 0x06, 0xfb, 0x0d, 0xf8, 0x0c,
  0x0f, 0xf7, 0xfd, 0x02, 0xef, 0xec, 0x15, 0xf9, 0xf5, 0xf6, 0xf9, 0xdb,
  0xfc, 0xf4, 0x11, 0x01, 0xdb, 0x09, 0xfa, 0x24, 0xe0, 0xe2, 0xf3, 0x0c,
  0xef, 0xfb, 0xf3, 0xe4, 0x01, 0xf4, 0xef, 0xec, 0xe9, 0x14, 0xe1, 0x24,
  0x06, 0x03, 0xe8, 0x00, 0xdc, 0xf3, 0xf4, 0xfb, 0xfc, 0x20, 0x06, 0x0e,
  0xf6, 0xfc, 0xfe, 0xd5, 0xee, 0xfa, 0xea, 0x09, 0xfe, 0xf2, 0x04, 0x00,
  0xeb, 0x1d, 0xe8, 0xff, 0x05, 0x02, 0x17, 0x21, 0x15, 0xe9, 0xec, 0x04,
  0x03, 0x08, 0x08, 0xf4, 0xfc, 0xcd, 0xcd, 0xb6, 0x0a, 0x16, 0xef, 0x0c,
  0xf5, 0x08, 0xf6, 0x11, 0x02, 0x05, 0xe7, 0xef, 0x29, 0xe9, 0xf9, 0xeb,
  0xec, 0xe0, 0xfc, 0xcc, 0x00, 0xe5, 0xe7, 0x1c, 0x08, 0xde, 0x0c, 0xe9,
  0x26, 0xe9, 0x15, 0xff, 0xd8, 0xf7, 0x30, 0xe7, 0x1b, 0xed, 0x0e, 0xec,
  0xf6, 0xf4, 0x12, 0xf9, 0x01, 0x00, 0x19, 0x01, 0xf0, 0xf1, 0x0c, 0xee,
  0xeb, 0x0f, 0xe7, 0x01, 0xff, 0xee, 0xcf, 0x03, 0xec, 0xff, 0x05, 0xe7,
  0xee, 0x13, 0x12, 0x08, 0x18, 0xf0, 0x17, 0xf2, 0xfa, 0x03, 0xfe, 0x0d,
  0x18, 0xfd, 0x13, 0xf7, 0xfe, 0x0b, 0x2a, 0xee, 0x29, 0x02, 0xcc, 0x04,
  0x14, 0x1d, 0x03, 0x0e, 0x07, 0xef, 0xe7, 0x09, 0x0f, 0x07, 0xa0, 0x0e,
  0x02, 0xfc, 0xe7, 0xb2, 0x00, 0x01, 0xf4, 0xf4, 0xd8, 0x11, 0xee, 0xf6,
  0xe5, 0xe4, 0xf8, 0x06, 0xe9, 0xe2, 0x07, 0xd3, 0xfc, 0x01, 0x0d, 0xf4,
  0x0b, 0xf4, 0x07, 0xfa, 0xf2, 0xf5, 0xf5, 0xfa, 0xdd, 0x07, 0xf1, 0x19,
  0xeb, 0xda, 0xef, 0xe9, 0xef, 0xff, 0xef, 0xf4, 0x11, 0xf9, 0x1d, 0xf9,
  0x10, 0xfe, 0x0f, 0x00, 0xeb, 0x2a, 0x07, 0xea, 0xf9, 0x0a, 0xfc, 0x14,
  0x02, 0x1a, 0xe2, 0x04, 0x31, 0xf0, 0xf0, 0x12, 0x08, 0xfe, 0x0f, 0x11,
  0x0e, 0x1a, 0xe8, 0xfd, 0x13, 0x16, 0x17, 0xe6, 0x02, 0xf1, 0x01, 0x36,
  0xec, 0x01, 0x25, 0xf1, 0x0c, 0x14, 0xe4, 0xfd, 0xfd, 0xd6, 0x34, 0x08,
  0xfd, 0xdd, 0xdf, 0xf5, 0x0d, 0x16, 0x0f, 0xff, 0xf8, 0x03, 0xcf, 0x00,
  0xd9, 0x0b, 0x02, 0xfa, 0x12, 0xf2, 0x15, 0x01, 0xf2, 0x18, 0x2c, 0x13,
  0xdd, 0xf3, 0xfe, 0x03, 0x05, 0xf8, 0x14, 0xf7, 0x0a, 0x13, 0xf5, 0x03,
  0x13, 0x0d, 0x0e, 0xf3, 0xdc, 0x10, 0xff, 0xf7, 0xcb, 0xff, 0xf0, 0x1e,
  0xd8, 0xbd, 0xfd, 0xdf, 0xfe, 0x05, 0xc5, 0x01, 0x32, 0x29, 0xe0, 0x07,
  0xca, 0x04, 0x19, 0xef, 0x05, 0xf3, 0x05, 0x1d, 0xff, 0x16, 0x03, 0x3d,
  0x1a, 0x0d, 0x04, 0xf5, 0x08, 0xfb, 0x03, 0xfe, 0x00, 0x21, 0x0c, 0x1e,
  0xf7, 0x0a, 0x00, 0x0b, 0x09, 0x1d, 0x0a, 0xee, 0xf8, 0x08, 0xf9, 0x38,
  0x04, 0x1e, 0xeb, 0x0c, 0x1b, 0x15, 0x2e, 0xf4, 0xf8, 0x08, 0xf7, 0x1f,
  0x0e, 0x02, 0x0e, 0xec, 0xf0, 0x0b, 0x02, 0xfb, 0xd9, 0xd6, 0x54, 0x02,
  0xda, 0x40, 0xf4, 0xf8, 0x11, 0x3d, 0xf3, 0xfb, 0xd5, 0xee, 0xd1, 0xfc,
  0x11, 0x3f, 0x08, 0xe4, 0xf7, 0x16, 0xfd, 0x0a, 0x0b, 0x14, 0xe1, 0x02,
  0xed, 0xfb, 0x1e, 0x32, 0x29, 0xfe, 0x0e, 0xf7, 0x38, 0x0f, 0xf0, 0xe5,
  0x04, 0x15, 0xfe, 0xf2, 0xfc, 0x1e, 0xf3, 0xfc, 0xf6, 0xf7, 0xea, 0xff,
  0xfb, 0xf6, 0xe4, 0xd2, 0xfd, 0x1a, 0xf2, 0xf9, 0x0f, 0xfa, 0x02, 0xdc,
  0x10, 0xeb, 0x26, 0x0e, 0xe0, 0xfa, 0xec, 0x19, 0xe9, 0xff, 0xf3, 0x04,
  0xff, 0xfd, 0x16, 0xed, 0xf8, 0xf8, 0xfa, 0xf9, 0xee, 0xf7, 0xea, 0x0c,
  0xf2, 0xee, 0xe9, 0xe9, 0x0a, 0x0e, 0xf4, 0x09, 0xda, 0xe5, 0x11, 0xec,
  0xde, 0xf1, 0xf8, 0xd8, 0x09, 0x06, 0xef, 0xed, 0xed, 0x2e, 0xf2, 0xf7,
  0x0c, 0x0f, 0x0c, 0xfe, 0xe4, 0xd5, 0xe7, 0x23, 0xfc, 0xf3, 0xe9, 0x00,
  0x00, 0x28, 0xe0, 0xef, 0xf7, 0xe6, 0xfb, 0xec, 0x18, 0xf6, 0x01, 0xe3,
  0xeb, 0x07, 0xe6, 0xea, 0xe7, 0xf3, 0xfa, 0x02, 0xf1, 0x06, 0xcf, 0xc3,
  0xef, 0x23, 0xd5, 0xec, 0xef, 0xeb, 0x16, 0xe8, 0x10, 0xfb, 0x14, 0xed,
  0x00, 0x09, 0xe7, 0x12, 0x1c, 0xdc, 0xf2, 0xd7, 0xf7, 0x0b, 0xff, 0x13,
  0xe3, 0xf6, 0x09, 0x03, 0x03, 0x09, 0xf8, 0x02, 0xef, 0x18, 0xf0, 0xd0,
  0x00, 0xe6, 0xc8, 0xd4, 0xda, 0x17, 0xf9, 0x1b, 0x1b, 0xcc, 0x08, 0x26,
  0xe7, 0xd1, 0xca, 0x04, 0xfb, 0x13, 0x02, 0x19, 0xff, 0xe0, 0x19, 0xd9,
  0x0c, 0xf5, 0xd9, 0xe8, 0x30, 0x24, 0xef, 0x0f, 0x05, 0xe3, 0x0b, 0xfe,
  0xb4, 0xf5, 0x08, 0xf6, 0x08, 0xf7, 0x0c, 0x07, 0xf1, 0x43, 0x05, 0xce,
  0x07, 0x20, 0xcc, 0x2b, 0xb2, 0x04, 0x07, 0x1a, 0xe4, 0xf4, 0xff, 0x06,
  0xfc, 0xd7, 0xb8, 0x00, 0x03, 0x03, 0xe2, 0xf0, 0xeb, 0xe3, 0x18, 0xff,
  0x04, 0xf6, 0xed, 0xfe, 0xf0, 0xf6, 0xec, 0xed, 0x00, 0x09, 0xf1, 0x16,
  0x0e, 0xf1, 0x04, 0x2c, 0x03, 0xda, 0xf9, 0x07, 0x0a, 0xf1, 0xde, 0xec,
  0xf6, 0x0e, 0x09, 0x10, 0xf3, 0xdc, 0xef, 0xf5, 0x19, 0xed, 0x12, 0x12,
  0x05, 0xda, 0x25, 0xf5, 0xe8, 0xf0, 0xdd, 0x0c, 0x0b, 0xf9, 0x0d, 0xf5,
  0x1d, 0x23, 0x22, 0x2d, 0x25, 0xd1, 0x30, 0xf5, 0x0a, 0x06, 0xea, 0x1d,
  0xfc, 0x06, 0x23, 0xf7, 0xfa, 0xcb, 0x06, 0x09, 0xfd, 0x0c, 0x12, 0xf4,
  0x25, 0x0a, 0x00, 0x09, 0x27, 0x14, 0xee, 0xf2, 0x22, 0xfc, 0x16, 0xff,
  0xf1, 0x1d, 0xde, 0xf9, 0x01, 0xf5, 0x2f, 0xf3, 0xf9, 0xea, 0xe3, 0xe7,
  0xeb, 0xf9, 0xf8, 0x22, 0xe7, 0xfa, 0xfd, 0xea, 0xe6, 0xf6, 0x02, 0xcc,
  0xcd, 0xeb, 0x06, 0x14, 0xe5, 0xf5, 0x18, 0x1c, 0x38, 0xfc, 0xfe, 0x0d,
  0xf7, 0xf4, 0xe2, 0xfc, 0xec, 0x00, 0x1c, 0xea, 0x1e, 0xe3, 0x28, 0x03,
  0x28, 0x23, 0x05, 0xf0, 0xee, 0xf6, 0xfa, 0x11, 0xfb, 0xf2, 0xe3, 0x11,
  0xf4, 0x00, 0x10, 0x24, 0xed, 0x23, 0xc6, 0xe8, 0x25, 0xe9, 0x18, 0xfa,
  0x06, 0xf0, 0xf1, 0x14, 0x12, 0xd7, 0xe4, 0x18, 0xe4, 0xdf, 0x38, 0x03,
  0xf6, 0xfb, 0x0a, 0xcf, 0x0e, 0x40, 0x0b, 0xfd, 0x01, 0xfa, 0xe5, 0xf9,
  0xfe, 0xd4, 0xc5, 0xe2, 0x1c, 0x33, 0xb4, 0xed, 0xfe, 0xe1, 0x05, 0xd7,
  0xf6, 0xef, 0x03, 0x02, 0x27, 0x0f, 0xfa, 0xeb, 0x0b, 0x09, 0x0e, 0x14,
  0x07, 0xf1, 0x0d, 0xd9, 0xd8, 0xf7, 0x13, 0xd2, 0x12, 0x36, 0x31, 0x13,
  0xdb, 0x10, 0x0f, 0x06, 0x12, 0x0f, 0x13, 0x1e, 0xf8, 0x0e, 0xcf, 0x0b,
  0xe3, 0xf7, 0xc4, 0x17, 0x0d, 0xf2, 0xd3, 0x0b, 0xfe, 0x04, 0x04, 0xe0,
  0x1a, 0xfb, 0xe7, 0xf7, 0x07, 0x24, 0x12, 0xdf, 0xf3, 0x0e, 0xde, 0xfa,
  0xf0, 0xf5, 0xfb, 0x1f, 0x11, 0x13, 0x17, 0x2a, 0xe2, 0x0e, 0xf1, 0xeb,
  0xc4, 0xfc, 0xff, 0x01, 0x0a, 0xe9, 0x20, 0xed, 0x16, 0xf7, 0x11, 0xea,
  0x18, 0xdf, 0xf6, 0xee, 0x32, 0xfc, 0xde, 0x1a, 0x17, 0xed, 0x03, 0xe5,
  0xe5, 0x07, 0xb5, 0xfc, 0x1e, 0x35, 0x17, 0xfe, 0xf4, 0xea, 0xf2, 0x06,
  0x16, 0x0a, 0x0e, 0x14, 0x15, 0xee, 0x09, 0xfe, 0x03, 0xf7, 0xe7, 0x14,
  0xfa, 0x11, 0x0f, 0xf7, 0xeb, 0x0b, 0x03, 0x1f, 0x18, 0xfe, 0x10, 0xf7,
  0x16, 0x12, 0xec, 0xd0, 0x0c, 0x0b, 0xf0, 0x26, 0x06, 0x0a, 0x25, 0x23,
  0x12, 0x17, 0x1a, 0x0c, 0x2b, 0x18, 0xf5, 0xf2, 0x05, 0xc4, 0x12, 0xfb,
  0xf8, 0x21, 0xd9, 0x16, 0xf3, 0x07, 0x1a, 0xcf, 0xce, 0x15, 0xec, 0x01,
  0xe1, 0x05, 0xf3, 0xcf, 0x20, 0xf2, 0xd7, 0xdb, 0x13, 0x02, 0xde, 0x01,
  0xdb, 0x17, 0x0a, 0xfe, 0x0a, 0xc2, 0xfa, 0xe3, 0x02, 0xe4, 0x05, 0x0a,
  0xd3, 0xee, 0xce, 0xf7, 0x0d, 0x07, 0xf9, 0xdc, 0x0d, 0x0c, 0xee, 0x0c,
  0xeb, 0xfa, 0xf4, 0xfd, 0x00, 0xfc, 0x02, 0x01, 0x30, 0xf4, 0xdd, 0x1a,
  0x0a, 0xfa, 0xef, 0xe3, 0x0c, 0x04, 0x0a, 0xf9, 0x02, 0xf8, 0x0e, 0xe8,
  0xc7, 0x22, 0xfc, 0xf3, 0x06, 0x08, 0xfd, 0xe6, 0xde, 0xfa, 0xf2, 0x23,
  0xdb, 0x09, 0x14, 0xfc, 0xd8, 0xe3, 0xf3, 0xe7, 0xda, 0xfa, 0x2f, 0x18,
  0xfa, 0x34, 0x39, 0xfb, 0xf1, 0x0b, 0xe7, 0x10, 0x1e, 0x81, 0x0c, 0xfe,
  0xe6, 0xe8, 0xfc, 0x18, 0x16, 0xbc, 0xf4, 0x02, 0x17, 0x94, 0xf3, 0x05,
  0x19, 0x25, 0xea, 0x05, 0x12, 0xf3, 0x00, 0x07, 0x21, 0xf5, 0xd3, 0xfa,
  0xf1, 0x20, 0xf4, 0xf8, 0x0f, 0x22, 0x0a, 0xda, 0x06, 0xf1, 0xfa, 0xfc,
  0xed, 0xed, 0x19, 0x06, 0x04, 0x03, 0x13, 0x05, 0x0d, 0x00, 0x41, 0x06,
  0x17, 0x18, 0x1c, 0xfe, 0xff, 0xe6, 0xf4, 0xf2, 0x00, 0xfe, 0x0b, 0xfc,
  0xe8, 0x0d, 0x0d, 0x08, 0x0e, 0x0d, 0xf4, 0xff, 0x18, 0xff, 0xee, 0x05,
  0x10, 0x0c, 0xeb, 0xfd, 0x28, 0xd1, 0x0d, 0xee, 0xfd, 0xff, 0x03, 0xdb,
  0x14, 0xf3, 0xfc, 0x03, 0xf1, 0xe5, 0xde, 0xf9, 0xf3, 0x09, 0xd9, 0xfc,
  0x00, 0xf3, 0xf6, 0x0e, 0x13, 0x29, 0x14, 0xf9, 0x02, 0x1d, 0xca, 0x0e,
  0x01, 0x0a, 0xe9, 0xcb, 0xe6, 0xfa, 0xed, 0x19, 0x29, 0xbe, 0xf3, 0x0f,
  0x1f, 0xfb, 0x0e, 0xef, 0xee, 0x01, 0xf5, 0x0a, 0x27, 0x24, 0x0d, 0x12,
  0xeb, 0xdd, 0x07, 0xf7, 0x1a, 0xf5, 0xde, 0xf8, 0x13, 0xe0, 0xfd, 0xff,
  0xef, 0xc5, 0xed, 0xf2, 0x12, 0xea, 0xf4, 0xdd, 0xd8, 0xf6, 0xdc, 0xfd,
  0xd1, 0xcd, 0xea, 0xeb, 0xf0, 0xcc, 0x00, 0xe1, 0xd5, 0xfa, 0xf4, 0xe6,
  0x10, 0xf9, 0xe9, 0xe7, 0xf4, 0xd3, 0x06, 0xe3, 0xf1, 0xed, 0xef, 0xdc,
  0x0f, 0x06, 0xd2, 0xfa, 0xe7, 0xdc, 0xf7, 0x1f, 0x02, 0x0c, 0x0f, 0x11,
  0x16, 0x04, 0xf5, 0x1a, 0xeb, 0xef, 0xf6, 0xe4, 0x03, 0x00, 0xf7, 0x1e,
  0xf6, 0xc1, 0x01, 0xf2, 0x30, 0x08, 0x05, 0x15, 0x0a, 0x0d, 0xdc, 0x05,
  0x0c, 0xf7, 0x11, 0x2a, 0xf4, 0xf6, 0x15, 0x12, 0xdd, 0x08, 0x11, 0xe0,
  0x10, 0x0d, 0xf4, 0x14, 0xef, 0x1a, 0x1b, 0xf3, 0xba, 0xec, 0xff, 0xff,
  0x04, 0x00, 0x00, 0x00, 0x32, 0x00, 0x00, 0x00, 0x46, 0xe2, 0x7f, 0xad,
  0x95, 0x56, 0x11, 0x06, 0xf4, 0x2a, 0xfc, 0xd7, 0xd9, 0xe7, 0xd5, 0x58,
  0xe0, 0x10, 0xed, 0xe0, 0x48, 0x12, 0x2d, 0xcf, 0x0a, 0xba, 0xa8, 0x19,
  0x20, 0x0e, 0xc4, 0x66, 0xff, 0x1b, 0xd5, 0xd7, 0xf5, 0x1c, 0xc4, 0x06,
  0xf8, 0x4b, 0xaf, 0x0d, 0x1c, 0x70, 0x14, 0x30, 0x52, 0x59, 0x00, 0x00,
  0x00, 0x62, 0xff, 0xff, 0x04, 0x62, 0xff, 0xff, 0x08, 0x62, 0xff, 0xff,
  0x0c, 0x62, 0xff, 0xff, 0x10, 0x62, 0xff, 0xff, 0x14, 0x62, 0xff, 0xff,
  0x18, 0x62, 0xff, 0xff, 0x1c, 0x62, 0xff, 0xff, 0x20, 0x62, 0xff, 0xff,
  0x24, 0x62, 0xff, 0xff, 0x28, 0x62, 0xff, 0xff, 0x2c, 0x62, 0xff, 0xff,
  0x30, 0x62, 0xff, 0xff, 0x34, 0x62, 0xff, 0xff, 0x38, 0x62, 0xff, 0xff,
  0x3c, 0x62, 0xff, 0xff, 0x40, 0x62, 0xff, 0xff, 0x44, 0x62, 0xff, 0xff,
  0x48, 0x62, 0xff, 0xff, 0x4c, 0x62, 0xff, 0xff, 0x50, 0x62, 0xff, 0xff,
  0x54, 0x62, 0xff, 0xff, 0x58, 0x62, 0xff, 0xff, 0x56, 0xed, 0xff, 0xff,
  0x04, 0x00, 0x00, 0x00, 0xc8, 0x00, 0x00, 0x00, 0x64, 0xf7, 0xff, 0xff,
  0x7f, 0xfe, 0xff, 0xff, 0xcb, 0x06, 0x00, 0x00, 0x3a, 0x05, 0x00, 0x00,
  0x21, 0x10, 0x00, 0x00, 0xb3, 0xff, 0xff, 0xff, 0x8f, 0xec, 0xff, 0xff,
  0x97, 0xfe, 0xff, 0xff, 0x94, 0x00, 0x00, 0x00, 0x7f, 0xf6, 0xff, 0xff,
  0xf3, 0xf1, 0xff, 0xff, 0x7b, 0xf6, 0xff, 0xff, 0x72, 0x00, 0x00, 0x00,
  0x31, 0xf9, 0xff, 0xff, 0xb7, 0xee, 0xff, 0xff, 0xca, 0xfa, 0xff, 0xff,
  0x9e, 0x0a, 0x00, 0x00, 0xbf, 0x05, 0x00, 0x00, 0x29, 0x01, 0x00, 0x00,
  0x69, 0x0d, 0x00, 0x00, 0x97, 0xf9, 0xff, 0xff, 0x21, 0xfd, 0xff, 0xff,
  0x24, 0xff, 0xff, 0xff, 0x94, 0xf5, 0xff, 0xff, 0x33, 0x0f, 0x00, 0x00,
  0xc4, 0x12, 0x00, 0x00, 0x5a, 0x06, 0x00, 0x00, 0x4a, 0xf1, 0xff, 0xff,
  0xb1, 0x04, 0x00, 0x00, 0x1a, 0xf1, 0xff, 0xff, 0x2c, 0x04, 0x00, 0x00,
  0x4a, 0x00, 0x00, 0x00, 0x96, 0xf9, 0xff, 0xff, 0xe7, 0x0e, 0x00, 0x00,
  0x83, 0xfc, 0xff, 0xff, 0x48, 0x00, 0x00, 0x00, 0x67, 0xfd, 0xff, 0xff,
  0x1e, 0xfd, 0xff, 0xff, 0xa7, 0x08, 0x00, 0x00, 0xb8, 0x04, 0x00, 0x00,
  0x34, 0x02, 0x00, 0x00, 0xd7, 0x07, 0x00, 0x00, 0x97, 0x07, 0x00, 0x00,
  0x91, 0x04, 0x00, 0x00, 0xe4, 0xfe, 0xff, 0xff, 0x03, 0x04, 0x00, 0x00,
  0x58, 0xf5, 0xff, 0xff, 0x03, 0xee, 0xff, 0xff, 0x4b, 0x0b, 0x00, 0x00,
  0xa3, 0x0f, 0x00, 0x00, 0x2a, 0xee, 0xff, 0xff, 0x04, 0x00, 0x00, 0x00,
  0x32, 0x00, 0x00, 0x00, 0x85, 0xda, 0x7a, 0x9a, 0x85, 0x5f, 0xf1, 0xe5,
  0x54, 0x02, 0x09, 0x33, 0xad, 0xd6, 0x0a, 0x7f, 0x18, 0xbc, 0xd4, 0x40,
  0x3f, 0x35, 0xda, 0xe8, 0x10, 0xab, 0xb0, 0xf6, 0x2b, 0x0a, 0x9f, 0x5a,
  0x3c, 0x05, 0xeb, 0xf5, 0x17, 0x23, 0x26, 0xf6, 0xfd, 0x48, 0x9c, 0x31,
  0x0e, 0x72, 0x01, 0xb7, 0xee, 0x56, 0x00, 0x00, 0x6a, 0xee, 0xff, 0xff,
  0x04, 0x00, 0x00, 0x00, 0x04, 0x00, 0x00, 0x00, 0x2d, 0xf5, 0xff, 0xff,
  0x7a, 0xee, 0xff, 0xff, 0x04, 0x00, 0x00, 0x00, 0x04, 0x00, 0x00, 0x00,
  0x32, 0x00, 0x00, 0x00, 0x8a, 0xee, 0xff, 0xff, 0x04, 0x00, 0x00, 0x00,
  0x0c, 0x00, 0x00, 0x00, 0x01, 0x00, 0x00, 0x00, 0x00, 0x00, 0x00, 0x00,
  0x02, 0x00, 0x00, 0x00, 0xa2, 0xee, 0xff, 0xff, 0x04, 0x00, 0x00, 0x00,
  0x04, 0x00, 0x00, 0x00, 0x01, 0x00, 0x00, 0x00, 0xb2, 0xee, 0xff, 0xff,
  0x04, 0x00, 0x00, 0x00, 0x04, 0x00, 0x00, 0x00, 0x00, 0x00, 0x00, 0x00,
  0xc8, 0x63, 0xff, 0xff, 0xcc, 0x63, 0xff, 0xff, 0x0f, 0x00, 0x00, 0x00,
  0x4d, 0x4c, 0x49, 0x52, 0x20, 0x43, 0x6f, 0x6e, 0x76, 0x65, 0x72, 0x74,
  0x65, 0x64, 0x2e, 0x00, 0x01, 0x00, 0x00, 0x00, 0x14, 0x00, 0x00, 0x00,
  0x00, 0x00, 0x0e, 0x00, 0x18, 0x00, 0x14, 0x00, 0x10, 0x00, 0x0c, 0x00,
  0x08, 0x00, 0x04, 0x00, 0x0e, 0x00, 0x00, 0x00, 0x14, 0x00, 0x00, 0x00,
  0x1c, 0x00, 0x00, 0x00, 0x64, 0x12, 0x00, 0x00, 0x68, 0x12, 0x00, 0x00,
  0x6c, 0x12, 0x00, 0x00, 0x04, 0x00, 0x00, 0x00, 0x6d, 0x61, 0x69, 0x6e,
  0x00, 0x00, 0x00, 0x00, 0x51, 0x00, 0x00, 0x00, 0x2c, 0x12, 0x00, 0x00,
  0xe4, 0x11, 0x00, 0x00, 0x84, 0x11, 0x00, 0x00, 0x5c, 0x11, 0x00, 0x00,
  0xb8, 0x10, 0x00, 0x00, 0x80, 0x10, 0x00, 0x00, 0x38, 0x10, 0x00, 0x00,
  0xe8, 0x0f, 0x00, 0x00, 0xb0, 0x0f, 0x00, 0x00, 0x78, 0x0f, 0x00, 0x00,
  0x40, 0x0f, 0x00, 0x00, 0x08, 0x0f, 0x00, 0x00, 0xd0, 0x0e, 0x00, 0x00,
  0x98, 0x0e, 0x00, 0x00, 0x60, 0x0e, 0x00, 0x00, 0x28, 0x0e, 0x00, 0x00,
  0xf0, 0x0d, 0x00, 0x00, 0xb8, 0x0d, 0x00, 0x00, 0x80, 0x0d, 0x00, 0x00,
  0x48, 0x0d, 0x00, 0x00, 0x10, 0x0d, 0x00, 0x00, 0xd8, 0x0c, 0x00, 0x00,
  0xa0, 0x0c, 0x00, 0x00, 0x68, 0x0c, 0x00, 0x00, 0x30, 0x0c, 0x00, 0x00,
  0xf8, 0x0b, 0x00, 0x00, 0xc0, 0x0b, 0x00, 0x00, 0x88, 0x0b, 0x00, 0x00,
  0x50, 0x0b, 0x00, 0x00, 0x18, 0x0b, 0x00, 0x00, 0xe0, 0x0a, 0x00, 0x00,
  0xa8, 0x0a, 0x00, 0x00, 0x70, 0x0a, 0x00, 0x00, 0x38, 0x0a, 0x00, 0x00,
  0x00, 0x0a, 0x00, 0x00, 0xc8, 0x09, 0x00, 0x00, 0x90, 0x09, 0x00, 0x00,
  0x58, 0x09, 0x00, 0x00, 0x20, 0x09, 0x00, 0x00, 0xe8, 0x08, 0x00, 0x00,
  0xb0, 0x08, 0x00, 0x00, 0x78, 0x08, 0x00, 0x00, 0x40, 0x08, 0x00, 0x00,
  0x08, 0x08, 0x00, 0x00, 0xd0, 0x07, 0x00, 0x00, 0x98, 0x07, 0x00, 0x00,
  0x60, 0x07, 0x00, 0x00, 0x28, 0x07, 0x00, 0x00, 0xf0, 0x06, 0x00, 0x00,
  0xb8, 0x06, 0x00, 0x00, 0x80, 0x06, 0x00, 0x00, 0x48, 0x06, 0x00, 0x00,
  0x10, 0x06, 0x00, 0x00, 0xd8, 0x05, 0x00, 0x00, 0xa0, 0x05, 0x00, 0x00,
  0x68, 0x05, 0x00, 0x00, 0x30, 0x05, 0x00, 0x00, 0xf8, 0x04, 0x00, 0x00,
  0xc0, 0x04, 0x00, 0x00, 0x88, 0x04, 0x00, 0x00, 0x50, 0x04, 0x00, 0x00,
  0x18, 0x04, 0x00, 0x00, 0xe0, 0x03, 0x00, 0x00, 0xa8, 0x03, 0x00, 0x00,
  0x70, 0x03, 0x00, 0x00, 0x38, 0x03, 0x00, 0x00, 0x00, 0x03, 0x00, 0x00,
  0xc8, 0x02, 0x00, 0x00, 0x90, 0x02, 0x00, 0x00, 0x58, 0x02, 0x00, 0x00,
  0x20, 0x02, 0x00, 0x00, 0xe8, 0x01, 0x00, 0x00, 0xb0, 0x01, 0x00, 0x00,
  0x78, 0x01, 0x00, 0x00, 0x40, 0x01, 0x00, 0x00, 0x08, 0x01, 0x00, 0x00,
  0xd0, 0x00, 0x00, 0x00, 0x98, 0x00, 0x00, 0x00, 0x60, 0x00, 0x00, 0x00,
  0x28, 0x00, 0x00, 0x00, 0x04, 0x00, 0x00, 0x00, 0xe6, 0xef, 0xff, 0xff,
  0x0c, 0x00, 0x00, 0x00, 0x10, 0x00, 0x00, 0x00, 0x09, 0x00, 0x00, 0x00,
  0x01, 0x00, 0x00, 0x00, 0x89, 0x00, 0x00, 0x00, 0x01, 0x00, 0x00, 0x00,
  0x88, 0x00, 0x00, 0x00, 0xde, 0xf0, 0xff, 0xff, 0x14, 0x00, 0x00, 0x00,
  0x00, 0x00, 0x00, 0x08, 0x10, 0x00, 0x00, 0x00, 0x14, 0x00, 0x00, 0x00,
  0x07, 0x00, 0x00, 0x00, 0xa0, 0x65, 0xff, 0xff, 0x01, 0x00, 0x00, 0x00,
  0x88, 0x00, 0x00, 0x00, 0x03, 0x00, 0x00, 0x00, 0x87, 0x00, 0x00, 0x00,
  0x06, 0x00, 0x00, 0x00, 0x05, 0x00, 0x00, 0x00, 0x12, 0xf1, 0xff, 0xff,
  0x14, 0x00, 0x00, 0x00, 0x00, 0x00, 0x00, 0x0b, 0x14, 0x00, 0x00, 0x00,
  0x18, 0x00, 0x00, 0x00, 0x08, 0x00, 0x00, 0x00, 0xae, 0xef, 0xff, 0xff,
  0x00, 0x00, 0x00, 0x01, 0x01, 0x00, 0x00, 0x00, 0x87, 0x00, 0x00, 0x00,
  0x02, 0x00, 0x00, 0x00, 0x5c, 0x00, 0x00, 0x00, 0x86, 0x00, 0x00, 0x00,
  0x46, 0xf1, 0xff, 0xff, 0x14, 0x00, 0x00, 0x00, 0x00, 0x00, 0x00, 0x08,
  0x10, 0x00, 0x00, 0x00, 0x14, 0x00, 0x00, 0x00, 0x07, 0x00, 0x00, 0x00,
  0x08, 0x66, 0xff, 0xff, 0x01, 0x00, 0x00, 0x00, 0x86, 0x00, 0x00, 0x00,
  0x03, 0x00, 0x00, 0x00, 0x85, 0x00, 0x00, 0x00, 0x20, 0x00, 0x00, 0x00,
  0xff, 0xff, 0xff, 0xff, 0x7a, 0xf1, 0xff, 0xff, 0x14, 0x00, 0x00, 0x00,
  0x00, 0x00, 0x00, 0x0b, 0x14, 0x00, 0x00, 0x00, 0x18, 0x00, 0x00, 0x00,
  0x08, 0x00, 0x00, 0x00, 0x16, 0xf0, 0xff, 0xff, 0x00, 0x00, 0x00, 0x01,
  0x01, 0x00, 0x00, 0x00, 0x85, 0x00, 0x00, 0x00, 0x02, 0x00, 0x00, 0x00,
  0x5b, 0x00, 0x00, 0x00, 0x84, 0x00, 0x00, 0x00, 0xae, 0xf1, 0xff, 0xff,
  0x14, 0x00, 0x00, 0x00, 0x00, 0x00, 0x00, 0x08, 0x10, 0x00, 0x00, 0x00,
  0x14, 0x00, 0x00, 0x00, 0x07, 0x00, 0x00, 0x00, 0x70, 0x66, 0xff, 0xff,
  0x01, 0x00, 0x00, 0x00, 0x84, 0x00, 0x00, 0x00, 0x03, 0x00, 0x00, 0x00,
  0x83, 0x00, 0x00, 0x00, 0x20, 0x00, 0x00, 0x00, 0xff, 0xff, 0xff, 0xff,
  0xe2, 0xf1, 0xff, 0xff, 0x14, 0x00, 0x00, 0x00, 0x00, 0x00, 0x00, 0x0b,
  0x14, 0x00, 0x00, 0x00, 0x18, 0x00, 0x00, 0x00, 0x08, 0x00, 0x00, 0x00,
  0x7e, 0xf0, 0xff, 0xff, 0x00, 0x00, 0x00, 0x01, 0x01, 0x00, 0x00, 0x00,
  0x83, 0x00, 0x00, 0x00, 0x02, 0x00, 0x00, 0x00, 0x5a, 0x00, 0x00, 0x00,
  0x82, 0x00, 0x00, 0x00, 0x16, 0xf2, 0xff, 0xff, 0x14, 0x00, 0x00, 0x00,
  0x00, 0x00, 0x00, 0x08, 0x10, 0x00, 0x00, 0x00, 0x14, 0x00, 0x00, 0x00,
  0x07, 0x00, 0x00, 0x00, 0xd8, 0x66, 0xff, 0xff, 0x01, 0x00, 0x00, 0x00,
  0x82, 0x00, 0x00, 0x00, 0x03, 0x00, 0x00, 0x00, 0x81, 0x00, 0x00, 0x00,
  0x20, 0x00, 0x00, 0x00, 0xff, 0xff, 0xff, 0xff, 0x4a, 0xf2, 0xff, 0xff,
  0x14, 0x00, 0x00, 0x00, 0x00, 0x00, 0x00, 0x0b, 0x14, 0x00, 0x00, 0x00,
  0x18, 0x00, 0x00, 0x00, 0x08, 0x00, 0x00, 0x00, 0xe6, 0xf0, 0xff, 0xff,
  0x00, 0x00, 0x00, 0x01, 0x01, 0x00, 0x00, 0x00, 0x81, 0x00, 0x00, 0x00,
  0x02, 0x00, 0x00, 0x00, 0x59, 0x00, 0x00, 0x00, 0x80, 0x00, 0x00, 0x00,
  0x7e, 0xf2, 0xff, 0xff, 0x14, 0x00, 0x00, 0x00, 0x00, 0x00, 0x00, 0x08,
  0x10, 0x00, 0x00, 0x00, 0x14, 0x00, 0x00, 0x00, 0x07, 0x00, 0x00, 0x00,
  0x40, 0x67, 0xff, 0xff, 0x01, 0x00, 0x00, 0x00, 0x80, 0x00, 0x00, 0x00,
  0x03, 0x00, 0x00, 0x00, 0x7f, 0x00, 0x00, 0x00, 0x20, 0x00, 0x00, 0x00,
  0xff, 0xff, 0xff, 0xff, 0xb2, 0xf2, 0xff, 0xff, 0x14, 0x00, 0x00, 0x00,
  0x00, 0x00, 0x00, 0x0b, 0x14, 0x00, 0x00, 0x00, 0x18, 0x00, 0x00, 0x00,
  0x08, 0x00, 0x00, 0x00, 0x4e, 0xf1, 0xff, 0xff, 0x00, 0x00, 0x00, 0x01,
  0x01, 0x00, 0x00, 0x00, 0x7f, 0x00, 0x00, 0x00, 0x02, 0x00, 0x00, 0x00,
  0x55, 0x00, 0x00, 0x00, 0x7e, 0x00, 0x00, 0x00, 0xe6, 0xf2, 0xff, 0xff,
  0x14, 0x00, 0x00, 0x00, 0x00, 0x00, 0x00, 0x08, 0x10, 0x00, 0x00, 0x00,
  0x14, 0x00, 0x00, 0x00, 0x07, 0x00, 0x00, 0x00, 0xa8, 0x67, 0xff, 0xff,
  0x01, 0x00, 0x00, 0x00, 0x7e, 0x00, 0x00, 0x00, 0x03, 0x00, 0x00, 0x00,
  0x7d, 0x00, 0x00, 0x00, 0x20, 0x00, 0x00, 0x00, 0xff, 0xff, 0xff, 0xff,
  0x1a, 0xf3, 0xff, 0xff, 0x14, 0x00, 0x00, 0x00, 0x00, 0x00, 0x00, 0x0b,
  0x14, 0x00, 0x00, 0x00, 0x18, 0x00, 0x00, 0x00, 0x08, 0x00, 0x00, 0x00,
  0xb6, 0xf1, 0xff, 0xff, 0x00, 0x00, 0x00, 0x01, 0x01, 0x00, 0x00, 0x00,
  0x7d, 0x00, 0x00, 0x00, 0x02, 0x00, 0x00, 0x00, 0x54, 0x00, 0x00, 0x00,
  0x7c, 0x00, 0x00, 0x00, 0x4e, 0xf3, 0xff, 0xff, 0x14, 0x00, 0x00, 0x00,
  0x00, 0x00, 0x00, 0x08, 0x10, 0x00, 0x00, 0x00, 0x14, 0x00, 0x00, 0x00,
  0x07, 0x00, 0x00, 0x00, 0x10, 0x68, 0xff, 0xff, 0x01, 0x00, 0x00, 0x00,
  0x7c, 0x00, 0x00, 0x00, 0x03, 0x00, 0x00, 0x00, 0x7b, 0x00, 0x00, 0x00,
  0x20, 0x00, 0x00, 0x00, 0xff, 0xff, 0xff, 0xff, 0x82, 0xf3, 0xff, 0xff,
  0x14, 0x00, 0x00, 0x00, 0x00, 0x00, 0x00, 0x0b, 0x14, 0x00, 0x00, 0x00,
  0x18, 0x00, 0x00, 0x00, 0x08, 0x00, 0x00, 0x00, 0x1e, 0xf2, 0xff, 0xff,
  0x00, 0x00, 0x00, 0x01, 0x01, 0x00, 0x00, 0x00, 0x7b, 0x00, 0x00, 0x00,
  0x02, 0x00, 0x00, 0x00, 0x53, 0x00, 0x00, 0x00, 0x7a, 0x00, 0x00, 0x00,
  0xb6, 0xf3, 0xff, 0xff, 0x14, 0x00, 0x00, 0x00, 0x00, 0x00, 0x00, 0x08,
  0x10, 0x00, 0x00, 0x00, 0x14, 0x00, 0x00, 0x00, 0x07, 0x00, 0x00, 0x00,
  0x78, 0x68, 0xff, 0xff, 0x01, 0x00, 0x00, 0x00, 0x7a, 0x00, 0x00, 0x00,
  0x03, 0x00, 0x00, 0x00, 0x79, 0x00, 0x00, 0x00, 0x20, 0x00, 0x00, 0x00,
  0xff, 0xff, 0xff, 0xff, 0xea, 0xf3, 0xff, 0xff, 0x14, 0x00, 0x00, 0x00,
  0x00, 0x00, 0x00, 0x0b, 0x14, 0x00, 0x00, 0x00, 0x18, 0x00, 0x00, 0x00,
  0x08, 0x00, 0x00, 0x00, 0x86, 0xf2, 0xff, 0xff, 0x00, 0x00, 0x00, 0x01,
  0x01, 0x00, 0x00, 0x00, 0x79, 0x00, 0x00, 0x00, 0x02, 0x00, 0x00, 0x00,
  0x52, 0x00, 0x00, 0x00, 0x78, 0x00, 0x00, 0x00, 0x1e, 0xf4, 0xff, 0xff,
  0x14, 0x00, 0x00, 0x00, 0x00, 0x00, 0x00, 0x08, 0x10, 0x00, 0x00, 0x00,
  0x14, 0x00, 0x00, 0x00, 0x07, 0x00, 0x00, 0x00, 0xe0, 0x68, 0xff, 0xff,
  0x01, 0x00, 0x00, 0x00, 0x78, 0x00, 0x00, 0x00, 0x03, 0x00, 0x00, 0x00,
  0x77, 0x00, 0x00, 0x00, 0x20, 0x00, 0x00, 0x00, 0xff, 0xff, 0xff, 0xff,
  0x52, 0xf4, 0xff, 0xff, 0x14, 0x00, 0x00, 0x00, 0x00, 0x00, 0x00, 0x0b,
  0x14, 0x00, 0x00, 0x00, 0x18, 0x00, 0x00, 0x00, 0x08, 0x00, 0x00, 0x00,
  0xee, 0xf2, 0xff, 0xff, 0x00, 0x00, 0x00, 0x01, 0x01, 0x00, 0x00, 0x00,
  0x77, 0x00, 0x00, 0x00, 0x02, 0x00, 0x00, 0x00, 0x51, 0x00, 0x00, 0x00,
  0x76, 0x00, 0x00, 0x00, 0x86, 0xf4, 0xff, 0xff, 0x14, 0x00, 0x00, 0x00,
  0x00, 0x00, 0x00, 0x08, 0x10, 0x00, 0x00, 0x00, 0x14, 0x00, 0x00, 0x00,
  0x07, 0x00, 0x00, 0x00, 0x48, 0x69, 0xff, 0xff, 0x01, 0x00, 0x00, 0x00,
  0x76, 0x00, 0x00, 0x00, 0x03, 0x00, 0x00, 0x00, 0x75, 0x00, 0x00, 0x00,
  0x20, 0x00, 0x00, 0x00, 0xff, 0xff, 0xff, 0xff, 0xba, 0xf4, 0xff, 0xff,
  0x14, 0x00, 0x00, 0x00, 0x00, 0x00, 0x00, 0x0b, 0x14, 0x00, 0x00, 0x00,
  0x18, 0x00, 0x00, 0x00, 0x08, 0x00, 0x00, 0x00, 0x56, 0xf3, 0xff, 0xff,
  0x00, 0x00, 0x00, 0x01, 0x01, 0x00, 0x00, 0x00, 0x75, 0x00, 0x00, 0x00,
  0x02, 0x00, 0x00, 0x00, 0x50, 0x00, 0x00, 0x00, 0x74, 0x00, 0x00, 0x00,
  0xee, 0xf4, 0xff, 0xff, 0x14, 0x00, 0x00, 0x00, 0x00, 0x00, 0x00, 0x08,
  0x10, 0x00, 0x00, 0x00, 0x14, 0x00, 0x00, 0x00, 0x07, 0x00, 0x00, 0x00,
  0xb0, 0x69, 0xff, 0xff, 0x01, 0x00, 0x00, 0x00, 0x74, 0x00, 0x00, 0x00,
  0x03, 0x00, 0x00, 0x00, 0x73, 0x00, 0x00, 0x00, 0x20, 0x00, 0x00, 0x00,
  0xff, 0xff, 0xff, 0xff, 0x22, 0xf5, 0xff, 0xff, 0x14, 0x00, 0x00, 0x00,
  0x00, 0x00, 0x00, 0x0b, 0x14, 0x00, 0x00, 0x00, 0x18, 0x00, 0x00, 0x00,
  0x08, 0x00, 0x00, 0x00, 0xbe, 0xf3, 0xff, 0xff, 0x00, 0x00, 0x00, 0x01,
  0x01, 0x00, 0x00, 0x00, 0x73, 0x00, 0x00, 0x00, 0x02, 0x00, 0x00, 0x00,
  0x4f, 0x00, 0x00, 0x00, 0x72, 0x00, 0x00, 0x00, 0x56, 0xf5, 0xff, 0xff,
  0x14, 0x00, 0x00, 0x00, 0x00, 0x00, 0x00, 0x08, 0x10, 0x00, 0x00, 0x00,
  0x14, 0x00, 0x00, 0x00, 0x07, 0x00, 0x00, 0x00, 0x18, 0x6a, 0xff, 0xff,
  0x01, 0x00, 0x00, 0x00, 0x72, 0x00, 0x00, 0x00, 0x03, 0x00, 0x00, 0x00,
  0x71, 0x00, 0x00, 0x00, 0x20, 0x00, 0x00, 0x00, 0xff, 0xff, 0xff, 0xff,
  0x8a, 0xf5, 0xff, 0xff, 0x14, 0x00, 0x00, 0x00, 0x00, 0x00, 0x00, 0x0b,
  0x14, 0x00, 0x00, 0x00, 0x18, 0x00, 0x00, 0x00, 0x08, 0x00, 0x00, 0x00,
  0x26, 0xf4, 0xff, 0xff, 0x00, 0x00, 0x00, 0x01, 0x01, 0x00, 0x00, 0x00,
  0x71, 0x00, 0x00, 0x00, 0x02, 0x00, 0x00, 0x00, 0x4e, 0x00, 0x00, 0x00,
  0x70, 0x00, 0x00, 0x00, 0xbe, 0xf5, 0xff, 0xff, 0x14, 0x00, 0x00, 0x00,
  0x00, 0x00, 0x00, 0x08, 0x10, 0x00, 0x00, 0x00, 0x14, 0x00, 0x00, 0x00,
  0x07, 0x00, 0x00, 0x00, 0x80, 0x6a, 0xff, 0xff, 0x01, 0x00, 0x00, 0x00,
  0x70, 0x00, 0x00, 0x00, 0x03, 0x00, 0x00, 0x00, 0x6f, 0x00, 0x00, 0x00,
  0x20, 0x00, 0x00, 0x00, 0xff, 0xff, 0xff, 0xff, 0xf2, 0xf5, 0xff, 0xff,
  0x14, 0x00, 0x00, 0x00, 0x00, 0x00, 0x00, 0x0b, 0x14, 0x00, 0x00, 0x00,
  0x18, 0x00, 0x00, 0x00, 0x08, 0x00, 0x00, 0x00, 0x8e, 0xf4, 0xff, 0xff,
  0x00, 0x00, 0x00, 0x01, 0x01, 0x00, 0x00, 0x00, 0x6f, 0x00, 0x00, 0x00,
  0x02, 0x00, 0x00, 0x00, 0x4d, 0x00, 0x00, 0x00, 0x6e, 0x00, 0x00, 0x00,
  0x26, 0xf6, 0xff, 0xff, 0x14, 0x00, 0x00, 0x00, 0x00, 0x00, 0x00, 0x08,
  0x10, 0x00, 0x00, 0x00, 0x14, 0x00, 0x00, 0x00, 0x07, 0x00, 0x00, 0x00,
  0xe8, 0x6a, 0xff, 0xff, 0x01, 0x00, 0x00, 0x00, 0x6e, 0x00, 0x00, 0x00,
  0x03, 0x00, 0x00, 0x00, 0x6d, 0x00, 0x00, 0x00, 0x20, 0x00, 0x00, 0x00,
  0xff, 0xff, 0xff, 0xff, 0x5a, 0xf6, 0xff, 0xff, 0x14, 0x00, 0x00, 0x00,
  0x00, 0x00, 0x00, 0x0b, 0x14, 0x00, 0x00, 0x00, 0x18, 0x00, 0x00, 0x00,
  0x08, 0x00, 0x00, 0x00, 0xf6, 0xf4, 0xff, 0xff, 0x00, 0x00, 0x00, 0x01,
  0x01, 0x00, 0x00, 0x00, 0x6d, 0x00, 0x00, 0x00, 0x02, 0x00, 0x00, 0x00,
  0x4c, 0x00, 0x00, 0x00, 0x6c, 0x00, 0x00, 0x00, 0x8e, 0xf6, 0xff, 0xff,
  0x14, 0x00, 0x00, 0x00, 0x00, 0x00, 0x00, 0x08, 0x10, 0x00, 0x00, 0x00,
  0x14, 0x00, 0x00, 0x00, 0x07, 0x00, 0x00, 0x00, 0x50, 0x6b, 0xff, 0xff,
  0x01, 0x00, 0x00, 0x00, 0x6c, 0x00, 0x00, 0x00, 0x03, 0x00, 0x00, 0x00,
  0x6b, 0x00, 0x00, 0x00, 0x20, 0x00, 0x00, 0x00, 0xff, 0xff, 0xff, 0xff,
  0xc2, 0xf6, 0xff, 0xff, 0x14, 0x00, 0x00, 0x00, 0x00, 0x00, 0x00, 0x0b,
  0x14, 0x00, 0x00, 0x00, 0x18, 0x00, 0x00, 0x00, 0x08, 0x00, 0x00, 0x00,
  0x5e, 0xf5, 0xff, 0xff, 0x00, 0x00, 0x00, 0x01, 0x01, 0x00, 0x00, 0x00,
  0x6b, 0x00, 0x00, 0x00, 0x02, 0x00, 0x00, 0x00, 0x48, 0x00, 0x00, 0x00,
  0x6a, 0x00, 0x00, 0x00, 0xf6, 0xf6, 0xff, 0xff, 0x14, 0x00, 0x00, 0x00,
  0x00, 0x00, 0x00, 0x08, 0x10, 0x00, 0x00, 0x00, 0x14, 0x00, 0x00, 0x00,
  0x07, 0x00, 0x00, 0x00, 0xb8, 0x6b, 0xff, 0xff, 0x01, 0x00, 0x00, 0x00,
  0x6a, 0x00, 0x00, 0x00, 0x03, 0x00, 0x00, 0x00, 0x69, 0x00, 0x00, 0x00,
  0x20, 0x00, 0x00, 0x00, 0xff, 0xff, 0xff, 0xff, 0x2a, 0xf7, 0xff, 0xff,
  0x14, 0x00, 0x00, 0x00, 0x00, 0x00, 0x00, 0x0b, 0x14, 0x00, 0x00, 0x00,
  0x18, 0x00, 0x00, 0x00, 0x08, 0x00, 0x00, 0x00, 0xc6, 0xf5, 0xff, 0xff,
  0x00, 0x00, 0x00, 0x01, 0x01, 0x00, 0x00, 0x00, 0x69, 0x00, 0x00, 0x00,
  0x02, 0x00, 0x00, 0x00, 0x47, 0x00, 0x00, 0x00, 0x68, 0x00, 0x00, 0x00,
  0x5e, 0xf7, 0xff, 0xff, 0x14, 0x00, 0x00, 0x00, 0x00, 0x00, 0x00, 0x08,
  0x10, 0x00, 0x00, 0x00, 0x14, 0x00, 0x00, 0x00, 0x07, 0x00, 0x00, 0x00,
  0x20, 0x6c, 0xff, 0xff, 0x01, 0x00, 0x00, 0x00, 0x68, 0x00, 0x00, 0x00,
  0x03, 0x00, 0x00, 0x00, 0x67, 0x00, 0x00, 0x00, 0x20, 0x00, 0x00, 0x00,
  0xff, 0xff, 0xff, 0xff, 0x92, 0xf7, 0xff, 0xff, 0x14, 0x00, 0x00, 0x00,
  0x00, 0x00, 0x00, 0x0b, 0x14, 0x00, 0x00, 0x00, 0x18, 0x00, 0x00, 0x00,
  0x08, 0x00, 0x00, 0x00, 0x2e, 0xf6, 0xff, 0xff, 0x00, 0x00, 0x00, 0x01,
  0x01, 0x00, 0x00, 0x00, 0x67, 0x00, 0x00, 0x00, 0x02, 0x00, 0x00, 0x00,
  0x46, 0x00, 0x00, 0x00, 0x66, 0x00, 0x00, 0x00, 0xc6, 0xf7, 0xff, 0xff,
  0x14, 0x00, 0x00, 0x00, 0x00, 0x00, 0x00, 0x08, 0x10, 0x00, 0x00, 0x00,
  0x14, 0x00, 0x00, 0x00, 0x07, 0x00, 0x00, 0x00, 0x88, 0x6c, 0xff, 0xff,
  0x01, 0x00, 0x00, 0x00, 0x66, 0x00, 0x00, 0x00, 0x03, 0x00, 0x00, 0x00,
  0x65, 0x00, 0x00, 0x00, 0x20, 0x00, 0x00, 0x00, 0xff, 0xff, 0xff, 0xff,
  0xfa, 0xf7, 0xff, 0xff, 0x14, 0x00, 0x00, 0x00, 0x00, 0x00, 0x00, 0x0b,
  0x14, 0x00, 0x00, 0x00, 0x18, 0x00, 0x00, 0x00, 0x08, 0x00, 0x00, 0x00,
  0x96, 0xf6, 0xff, 0xff, 0x00, 0x00, 0x00, 0x01, 0x01, 0x00, 0x00, 0x00,
  0x65, 0x00, 0x00, 0x00, 0x02, 0x00, 0x00, 0x00, 0x45, 0x00, 0x00, 0x00,
  0x64, 0x00, 0x00, 0x00, 0x2e, 0xf8, 0xff, 0xff, 0x14, 0x00, 0x00, 0x00,
  0x00, 0x00, 0x00, 0x08, 0x10, 0x00, 0x00, 0x00, 0x14, 0x00, 0x00, 0x00,
  0x07, 0x00, 0x00, 0x00, 0xf0, 0x6c, 0xff, 0xff, 0x01, 0x00, 0x00, 0x00,
  0x64, 0x00, 0x00, 0x00, 0x03, 0x00, 0x00, 0x00, 0x63, 0x00, 0x00, 0x00,
  0x20, 0x00, 0x00, 0x00, 0xff, 0xff, 0xff, 0xff, 0x62, 0xf8, 0xff, 0xff,
  0x14, 0x00, 0x00, 0x00, 0x00, 0x00, 0x00, 0x0b, 0x14, 0x00, 0x00, 0x00,
  0x18, 0x00, 0x00, 0x00, 0x08, 0x00, 0x00, 0x00, 0xfe, 0xf6, 0xff, 0xff,
  0x00, 0x00, 0x00, 0x01, 0x01, 0x00, 0x00, 0x00, 0x63, 0x00, 0x00, 0x00,
  0x02, 0x00, 0x00, 0x00, 0x44, 0x00, 0x00, 0x00, 0x62, 0x00, 0x00, 0x00,
  0x96, 0xf8, 0xff, 0xff, 0x14, 0x00, 0x00, 0x00, 0x00, 0x00, 0x00, 0x08,
  0x10, 0x00, 0x00, 0x00, 0x14, 0x00, 0x00, 0x00, 0x07, 0x00, 0x00, 0x00,
  0x58, 0x6d, 0xff, 0xff, 0x01, 0x00, 0x00, 0x00, 0x62, 0x00, 0x00, 0x00,
  0x03, 0x00, 0x00, 0x00, 0x61, 0x00, 0x00, 0x00, 0x20, 0x00, 0x00, 0x00,
  0xff, 0xff, 0xff, 0xff, 0xca, 0xf8, 0xff, 0xff, 0x14, 0x00, 0x00, 0x00,
  0x00, 0x00, 0x00, 0x0b, 0x14, 0x00, 0x00, 0x00, 0x18, 0x00, 0x00, 0x00,
  0x08, 0x00, 0x00, 0x00, 0x66, 0xf7, 0xff, 0xff, 0x00, 0x00, 0x00, 0x01,
  0x01, 0x00, 0x00, 0x00, 0x61, 0x00, 0x00, 0x00, 0x02, 0x00, 0x00, 0x00,
  0x60, 0x00, 0x00, 0x00, 0x5f, 0x00, 0x00, 0x00, 0xfe, 0xf8, 0xff, 0xff,
  0x14, 0x00, 0x00, 0x00, 0x00, 0x00, 0x00, 0x08, 0x10, 0x00, 0x00, 0x00,
  0x14, 0x00, 0x00, 0x00, 0x07, 0x00, 0x00, 0x00, 0xc0, 0x6d, 0xff, 0xff,
  0x01, 0x00, 0x00, 0x00, 0x60, 0x00, 0x00, 0x00, 0x03, 0x00, 0x00, 0x00,
  0x2a, 0x00, 0x00, 0x00, 0x1f, 0x00, 0x00, 0x00, 0x1e, 0x00, 0x00, 0x00,
  0x32, 0xf9, 0xff, 0xff, 0x14, 0x00, 0x00, 0x00, 0x00, 0x00, 0x00, 0x08,
  0x10, 0x00, 0x00, 0x00, 0x14, 0x00, 0x00, 0x00, 0x07, 0x00, 0x00, 0x00,
  0xf4, 0x6d, 0xff, 0xff, 0x01, 0x00, 0x00, 0x00, 0x5f, 0x00, 0x00, 0x00,
  0x03, 0x00, 0x00, 0x00, 0x5e, 0x00, 0x00, 0x00, 0x20, 0x00, 0x00, 0x00,
  0xff, 0xff, 0xff, 0xff, 0x66, 0xf9, 0xff, 0xff, 0x14, 0x00, 0x00, 0x00,
  0x00, 0x00, 0x00, 0x0b, 0x14, 0x00, 0x00, 0x00, 0x18, 0x00, 0x00, 0x00,
  0x08, 0x00, 0x00, 0x00, 0x02, 0xf8, 0xff, 0xff, 0x00, 0x00, 0x00, 0x01,
  0x01, 0x00, 0x00, 0x00, 0x5e, 0x00, 0x00, 0x00, 0x02, 0x00, 0x00, 0x00,
  0x5d, 0x00, 0x00, 0x00, 0x58, 0x00, 0x00, 0x00, 0x9a, 0xf9, 0xff, 0xff,
  0x14, 0x00, 0x00, 0x00, 0x00, 0x00, 0x00, 0x08, 0x10, 0x00, 0x00, 0x00,
  0x14, 0x00, 0x00, 0x00, 0x07, 0x00, 0x00, 0x00, 0x5c, 0x6e, 0xff, 0xff,
  0x01, 0x00, 0x00, 0x00, 0x5d, 0x00, 0x00, 0x00, 0x03, 0x00, 0x00, 0x00,
  0x29, 0x00, 0x00, 0x00, 0x1f, 0x00, 0x00, 0x00, 0x1d, 0x00, 0x00, 0x00,
  0xce, 0xf9, 0xff, 0xff, 0x14, 0x00, 0x00, 0x00, 0x00, 0x00, 0x00, 0x08,
  0x10, 0x00, 0x00, 0x00, 0x14, 0x00, 0x00, 0x00, 0x07, 0x00, 0x00, 0x00,
  0x90, 0x6e, 0xff, 0xff, 0x01, 0x00, 0x00, 0x00, 0x5c, 0x00, 0x00, 0x00,
  0x03, 0x00, 0x00, 0x00, 0x3d, 0x00, 0x00, 0x00, 0x1f, 0x00, 0x00, 0x00,
  0x1c, 0x00, 0x00, 0x00, 0x02, 0xfa, 0xff, 0xff, 0x14, 0x00, 0x00, 0x00,
  0x00, 0x00, 0x00, 0x08, 0x10, 0x00, 0x00, 0x00, 0x14, 0x00, 0x00, 0x00,
  0x07, 0x00, 0x00, 0x00, 0xc4, 0x6e, 0xff, 0xff, 0x01, 0x00, 0x00, 0x00,
  0x5b, 0x00, 0x00, 0x00, 0x03, 0x00, 0x00, 0x00, 0x3c, 0x00, 0x00, 0x00,
  0x1f, 0x00, 0x00, 0x00, 0x1b, 0x00, 0x00, 0x00, 0x36, 0xfa, 0xff, 0xff,
  0x14, 0x00, 0x00, 0x00, 0x00, 0x00, 0x00, 0x08, 0x10, 0x00, 0x00, 0x00,
  0x14, 0x00, 0x00, 0x00, 0x07, 0x00, 0x00, 0x00, 0xf8, 0x6e, 0xff, 0xff,
  0x01, 0x00, 0x00, 0x00, 0x5a, 0x00, 0x00, 0x00, 0x03, 0x00, 0x00, 0x00,
  0x3b, 0x00, 0x00, 0x00, 0x1f, 0x00, 0x00, 0x00, 0x1a, 0x00, 0x00, 0x00,
  0x6a, 0xfa, 0xff, 0xff, 0x14, 0x00, 0x00, 0x00, 0x00, 0x00, 0x00, 0x08,
  0x10, 0x00, 0x00, 0x00, 0x14, 0x00, 0x00, 0x00, 0x07, 0x00, 0x00, 0x00,
  0x2c, 0x6f, 0xff, 0xff, 0x01, 0x00, 0x00, 0x00, 0x59, 0x00, 0x00, 0x00,
  0x03, 0x00, 0x00, 0x00, 0x3a, 0x00, 0x00, 0x00, 0x1f, 0x00, 0x00, 0x00,
  0x19, 0x00, 0x00, 0x00, 0x9e, 0xfa, 0xff, 0xff, 0x14, 0x00, 0x00, 0x00,
  0x00, 0x00, 0x00, 0x08, 0x10, 0x00, 0x00, 0x00, 0x14, 0x00, 0x00, 0x00,
  0x07, 0x00, 0x00, 0x00, 0x60, 0x6f, 0xff, 0xff, 0x01, 0x00, 0x00, 0x00,
  0x58, 0x00, 0x00, 0x00, 0x03, 0x00, 0x00, 0x00, 0x57, 0x00, 0x00, 0x00,
  0x20, 0x00, 0x00, 0x00, 0xff, 0xff, 0xff, 0xff, 0xd2, 0xfa, 0xff, 0xff,
  0x14, 0x00, 0x00, 0x00, 0x00, 0x00, 0x00, 0x0b, 0x14, 0x00, 0x00, 0x00,
  0x18, 0x00, 0x00, 0x00, 0x08, 0x00, 0x00, 0x00, 0x6e, 0xf9, 0xff, 0xff,
  0x00, 0x00, 0x00, 0x01, 0x01, 0x00, 0x00, 0x00, 0x57, 0x00, 0x00, 0x00,
  0x02, 0x00, 0x00, 0x00, 0x56, 0x00, 0x00, 0x00, 0x4b, 0x00, 0x00, 0x00,
  0x06, 0xfb, 0xff, 0xff, 0x14, 0x00, 0x00, 0x00, 0x00, 0x00, 0x00, 0x08,
  0x10, 0x00, 0x00, 0x00, 0x14, 0x00, 0x00, 0x00, 0x07, 0x00, 0x00, 0x00,
  0xc8, 0x6f, 0xff, 0xff, 0x01, 0x00, 0x00, 0x00, 0x56, 0x00, 0x00, 0x00,
  0x03, 0x00, 0x00, 0x00, 0x28, 0x00, 0x00, 0x00, 0x1f, 0x00, 0x00, 0x00,
  0x18, 0x00, 0x00, 0x00, 0x3a, 0xfb, 0xff, 0xff, 0x14, 0x00, 0x00, 0x00,
  0x00, 0x00, 0x00, 0x08, 0x10, 0x00, 0x00, 0x00, 0x14, 0x00, 0x00, 0x00,
  0x07, 0x00, 0x00, 0x00, 0xfc, 0x6f, 0xff, 0xff, 0x01, 0x00, 0x00, 0x00,
  0x55, 0x00, 0x00, 0x00, 0x03, 0x00, 0x00, 0x00, 0x39, 0x00, 0x00, 0x00,
  0x1f, 0x00, 0x00, 0x00, 0x17, 0x00, 0x00, 0x00, 0x6e, 0xfb, 0xff, 0xff,
  0x14, 0x00, 0x00, 0x00, 0x00, 0x00, 0x00, 0x08, 0x10, 0x00, 0x00, 0x00,
  0x14, 0x00, 0x00, 0x00, 0x07, 0x00, 0x00, 0x00, 0x30, 0x70, 0xff, 0xff,
  0x01, 0x00, 0x00, 0x00, 0x54, 0x00, 0x00, 0x00, 0x03, 0x00, 0x00, 0x00,
  0x38, 0x00, 0x00, 0x00, 0x1f, 0x00, 0x00, 0x00, 0x16, 0x00, 0x00, 0x00,
  0xa2, 0xfb, 0xff, 0xff, 0x14, 0x00, 0x00, 0x00, 0x00, 0x00, 0x00, 0x08,
  0x10, 0x00, 0x00, 0x00, 0x14, 0x00, 0x00, 0x00, 0x07, 0x00, 0x00, 0x00,
  0x64, 0x70, 0xff, 0xff, 0x01, 0x00, 0x00, 0x00, 0x53, 0x00, 0x00, 0x00,
  0x03, 0x00, 0x00, 0x00, 0x37, 0x00, 0x00, 0x00, 0x1f, 0x00, 0x00, 0x00,
  0x15, 0x00, 0x00, 0x00, 0xd6, 0xfb, 0xff, 0xff, 0x14, 0x00, 0x00, 0x00,
  0x00, 0x00, 0x00, 0x08, 0x10, 0x00, 0x00, 0x00, 0x14, 0x00, 0x00, 0x00,
  0x07, 0x00, 0x00, 0x00, 0x98, 0x70, 0xff, 0xff, 0x01, 0x00, 0x00, 0x00,
  0x52, 0x00, 0x00, 0x00, 0x03, 0x00, 0x00, 0x00, 0x36, 0x00, 0x00, 0x00,
  0x1f, 0x00, 0x00, 0x00, 0x14, 0x00, 0x00, 0x00, 0x0a, 0xfc, 0xff, 0xff,
  0x14, 0x00, 0x00, 0x00, 0x00, 0x00, 0x00, 0x08, 0x10, 0x00, 0x00, 0x00,
  0x14, 0x00, 0x00, 0x00, 0x07, 0x00, 0x00, 0x00, 0xcc, 0x70, 0xff, 0xff,
  0x01, 0x00, 0x00, 0x00, 0x51, 0x00, 0x00, 0x00, 0x03, 0x00, 0x00, 0x00,
  0x35, 0x00, 0x00, 0x00, 0x1f, 0x00, 0x00, 0x00, 0x13, 0x00, 0x00, 0x00,
  0x3e, 0xfc, 0xff, 0xff, 0x14, 0x00, 0x00, 0x00, 0x00, 0x00, 0x00, 0x08,
  0x10, 0x00, 0x00, 0x00, 0x14, 0x00, 0x00, 0x00, 0x07, 0x00, 0x00, 0x00,
  0x00, 0x71, 0xff, 0xff, 0x01, 0x00, 0x00, 0x00, 0x50, 0x00, 0x00, 0x00,
  0x03, 0x00, 0x00, 0x00, 0x34, 0x00, 0x00, 0x00, 0x1f, 0x00, 0x00, 0x00,
  0x12, 0x00, 0x00, 0x00, 0x72, 0xfc, 0xff, 0xff, 0x14, 0x00, 0x00, 0x00,
  0x00, 0x00, 0x00, 0x08, 0x10, 0x00, 0x00, 0x00, 0x14, 0x00, 0x00, 0x00,
  0x07, 0x00, 0x00, 0x00, 0x34, 0x71, 0xff, 0xff, 0x01, 0x00, 0x00, 0x00,
  0x4f, 0x00, 0x00, 0x00, 0x03, 0x00, 0x00, 0x00, 0x33, 0x00, 0x00, 0x00,
  0x1f, 0x00, 0x00, 0x00, 0x11, 0x00, 0x00, 0x00, 0xa6, 0xfc, 0xff, 0xff,
  0x14, 0x00, 0x00, 0x00, 0x00, 0x00, 0x00, 0x08, 0x10, 0x00, 0x00, 0x00,
  0x14, 0x00, 0x00, 0x00, 0x07, 0x00, 0x00, 0x00, 0x68, 0x71, 0xff, 0xff,
  0x01, 0x00, 0x00, 0x00, 0x4e, 0x00, 0x00, 0x00, 0x03, 0x00, 0x00, 0x00,
  0x32, 0x00, 0x00, 0x00, 0x1f, 0x00, 0x00, 0x00, 0x10, 0x00, 0x00, 0x00,
  0xda, 0xfc, 0xff, 0xff, 0x14, 0x00, 0x00, 0x00, 0x00, 0x00, 0x00, 0x08,
  0x10, 0x00, 0x00, 0x00, 0x14, 0x00, 0x00, 0x00, 0x07, 0x00, 0x00, 0x00,
  0x9c, 0x71, 0xff, 0xff, 0x01, 0x00, 0x00, 0x00, 0x4d, 0x00, 0x00, 0x00,
  0x03, 0x00, 0x00, 0x00, 0x31, 0x00, 0x00, 0x00, 0x1f, 0x00, 0x00, 0x00,
  0x0f, 0x00, 0x00, 0x00, 0x0e, 0xfd, 0xff, 0xff, 0x14, 0x00, 0x00, 0x00,
  0x00, 0x00, 0x00, 0x08, 0x10, 0x00, 0x00, 0x00, 0x14, 0x00, 0x00, 0x00,
  0x07, 0x00, 0x00, 0x00, 0xd0, 0x71, 0xff, 0xff, 0x01, 0x00, 0x00, 0x00,
  0x4c, 0x00, 0x00, 0x00, 0x03, 0x00, 0x00, 0x00, 0x30, 0x00, 0x00, 0x00,
  0x1f, 0x00, 0x00, 0x00, 0x0e, 0x00, 0x00, 0x00, 0x42, 0xfd, 0xff, 0xff,
  0x14, 0x00, 0x00, 0x00, 0x00, 0x00, 0x00, 0x08, 0x10, 0x00, 0x00, 0x00,
  0x14, 0x00, 0x00, 0x00, 0x07, 0x00, 0x00, 0x00, 0x04, 0x72, 0xff, 0xff,
  0x01, 0x00, 0x00, 0x00, 0x4b, 0x00, 0x00, 0x00, 0x03, 0x00, 0x00, 0x00,
  0x4a, 0x00, 0x00, 0x00, 0x20, 0x00, 0x00, 0x00, 0xff, 0xff, 0xff, 0xff,
  0x76, 0xfd, 0xff, 0xff, 0x14, 0x00, 0x00, 0x00, 0x00, 0x00, 0x00, 0x0b,
  0x14, 0x00, 0x00, 0x00, 0x18, 0x00, 0x00, 0x00, 0x08, 0x00, 0x00, 0x00,
  0x12, 0xfc, 0xff, 0xff, 0x00, 0x00, 0x00, 0x01, 0x01, 0x00, 0x00, 0x00,
  0x4a, 0x00, 0x00, 0x00, 0x02, 0x00, 0x00, 0x00, 0x49, 0x00, 0x00, 0x00,
  0x43, 0x00, 0x00, 0x00, 0xaa, 0xfd, 0xff, 0xff, 0x14, 0x00, 0x00, 0x00,
  0x00, 0x00, 0x00, 0x08, 0x10, 0x00, 0x00, 0x00, 0x14, 0x00, 0x00, 0x00,
  0x07, 0x00, 0x00, 0x00, 0x6c, 0x72, 0xff, 0xff, 0x01, 0x00, 0x00, 0x00,
  0x49, 0x00, 0x00, 0x00, 0x03, 0x00, 0x00, 0x00, 0x27, 0x00, 0x00, 0x00,
  0x1f, 0x00, 0x00, 0x00, 0x0d, 0x00, 0x00, 0x00, 0xde, 0xfd, 0xff, 0xff,
  0x14, 0x00, 0x00, 0x00, 0x00, 0x00, 0x00, 0x08, 0x10, 0x00, 0x00, 0x00,
  0x14, 0x00, 0x00, 0x00, 0x07, 0x00, 0x00, 0x00, 0xa0, 0x72, 0xff, 0xff,
  0x01, 0x00, 0x00, 0x00, 0x48, 0x00, 0x00, 0x00, 0x03, 0x00, 0x00, 0x00,
  0x2f, 0x00, 0x00, 0x00, 0x1f, 0x00, 0x00, 0x00, 0x0c, 0x00, 0x00, 0x00,
  0x12, 0xfe, 0xff, 0xff, 0x14, 0x00, 0x00, 0x00, 0x00, 0x00, 0x00, 0x08,
  0x10, 0x00, 0x00, 0x00, 0x14, 0x00, 0x00, 0x00, 0x07, 0x00, 0x00, 0x00,
  0xd4, 0x72, 0xff, 0xff, 0x01, 0x00, 0x00, 0x00, 0x47, 0x00, 0x00, 0x00,
  0x03, 0x00, 0x00, 0x00, 0x2e, 0x00, 0x00, 0x00, 0x1f, 0x00, 0x00, 0x00,
  0x0b, 0x00, 0x00, 0x00, 0x46, 0xfe, 0xff, 0xff, 0x14, 0x00, 0x00, 0x00,
  0x00, 0x00, 0x00, 0x08, 0x10, 0x00, 0x00, 0x00, 0x14, 0x00, 0x00, 0x00,
  0x07, 0x00, 0x00, 0x00, 0x08, 0x73, 0xff, 0xff, 0x01, 0x00, 0x00, 0x00,
  0x46, 0x00, 0x00, 0x00, 0x03, 0x00, 0x00, 0x00, 0x2d, 0x00, 0x00, 0x00,
  0x1f, 0x00, 0x00, 0x00, 0x0a, 0x00, 0x00, 0x00, 0x7a, 0xfe, 0xff, 0xff,
  0x14, 0x00, 0x00, 0x00, 0x00, 0x00, 0x00, 0x08, 0x10, 0x00, 0x00, 0x00,
  0x14, 0x00, 0x00, 0x00, 0x07, 0x00, 0x00, 0x00, 0x3c, 0x73, 0xff, 0xff,
  0x01, 0x00, 0x00, 0x00, 0x45, 0x00, 0x00, 0x00, 0x03, 0x00, 0x00, 0x00,
  0x2c, 0x00, 0x00, 0x00, 0x1f, 0x00, 0x00, 0x00, 0x09, 0x00, 0x00, 0x00,
  0xae, 0xfe, 0xff, 0xff, 0x14, 0x00, 0x00, 0x00, 0x00, 0x00, 0x00, 0x08,
  0x10, 0x00, 0x00, 0x00, 0x14, 0x00, 0x00, 0x00, 0x07, 0x00, 0x00, 0x00,
  0x70, 0x73, 0xff, 0xff, 0x01, 0x00, 0x00, 0x00, 0x44, 0x00, 0x00, 0x00,
  0x03, 0x00, 0x00, 0x00, 0x2b, 0x00, 0x00, 0x00, 0x1f, 0x00, 0x00, 0x00,
  0x08, 0x00, 0x00, 0x00, 0xe2, 0xfe, 0xff, 0xff, 0x14, 0x00, 0x00, 0x00,
  0x00, 0x00, 0x00, 0x08, 0x10, 0x00, 0x00, 0x00, 0x14, 0x00, 0x00, 0x00,
  0x07, 0x00, 0x00, 0x00, 0xa4, 0x73, 0xff, 0xff, 0x01, 0x00, 0x00, 0x00,
  0x43, 0x00, 0x00, 0x00, 0x03, 0x00, 0x00, 0x00, 0x42, 0x00, 0x00, 0x00,
  0x20, 0x00, 0x00, 0x00, 0xff, 0xff, 0xff, 0xff, 0x16, 0xff, 0xff, 0xff,
  0x14, 0x00, 0x00, 0x00, 0x00, 0x00, 0x00, 0x0b, 0x14, 0x00, 0x00, 0x00,
  0x18, 0x00, 0x00, 0x00, 0x08, 0x00, 0x00, 0x00, 0xb2, 0xfd, 0xff, 0xff,
  0x00, 0x00, 0x00, 0x01, 0x01, 0x00, 0x00, 0x00, 0x42, 0x00, 0x00, 0x00,
  0x02, 0x00, 0x00, 0x00, 0x41, 0x00, 0x00, 0x00, 0x40, 0x00, 0x00, 0x00,
  0x4a, 0xff, 0xff, 0xff, 0x14, 0x00, 0x00, 0x00, 0x00, 0x00, 0x00, 0x08,
  0x10, 0x00, 0x00, 0x00, 0x14, 0x00, 0x00, 0x00, 0x07, 0x00, 0x00, 0x00,
  0x0c, 0x74, 0xff, 0xff, 0x01, 0x00, 0x00, 0x00, 0x41, 0x00, 0x00, 0x00,
  0x03, 0x00, 0x00, 0x00, 0x26, 0x00, 0x00, 0x00, 0x1f, 0x00, 0x00, 0x00,
  0x07, 0x00, 0x00, 0x00, 0x7e, 0xff, 0xff, 0xff, 0x14, 0x00, 0x00, 0x00,
  0x00, 0x00, 0x00, 0x08, 0x10, 0x00, 0x00, 0x00, 0x14, 0x00, 0x00, 0x00,
  0x07, 0x00, 0x00, 0x00, 0x40, 0x74, 0xff, 0xff, 0x01, 0x00, 0x00, 0x00,
  0x40, 0x00, 0x00, 0x00, 0x03, 0x00, 0x00, 0x00, 0x3f, 0x00, 0x00, 0x00,
  0x20, 0x00, 0x00, 0x00, 0xff, 0xff, 0xff, 0xff, 0x00, 0x00, 0x16, 0x00,
  0x18, 0x00, 0x14, 0x00, 0x10, 0x00, 0x0c, 0x00, 0x00, 0x00, 0x00, 0x00,
  0x00, 0x00, 0x00, 0x00, 0x08, 0x00, 0x04, 0x00, 0x16, 0x00, 0x00, 0x00,
  0x14, 0x00, 0x00, 0x00, 0x14, 0x00, 0x00, 0x00, 0x14, 0x00, 0x00, 0x00,
  0x18, 0x00, 0x00, 0x00, 0x06, 0x00, 0x00, 0x00, 0x00, 0x00, 0x00, 0x00,
  0x00, 0x00, 0x00, 0x00, 0x01, 0x00, 0x00, 0x00, 0x3f, 0x00, 0x00, 0x00,
  0x02, 0x00, 0x00, 0x00, 0x8a, 0x00, 0x00, 0x00, 0x21, 0x00, 0x00, 0x00,
  0x00, 0x00, 0x0e, 0x00, 0x18, 0x00, 0x14, 0x00, 0x10, 0x00, 0x0c, 0x00,
  0x0b, 0x00, 0x04, 0x00, 0x0e, 0x00, 0x00, 0x00, 0x14, 0x00, 0x00, 0x00,
  0x00, 0x00, 0x00, 0x3b, 0x14, 0x00, 0x00, 0x00, 0x18, 0x00, 0x00, 0x00,
  0x05, 0x00, 0x00, 0x00, 0xca, 0xff, 0xff, 0xff, 0x02, 0x00, 0x00, 0x00,
  0x01, 0x00, 0x00, 0x00, 0x3e, 0x00, 0x00, 0x00, 0x02, 0x00, 0x00, 0x00,
  0x24, 0x00, 0x00, 0x00, 0x04, 0x00, 0x00, 0x00, 0xee, 0xfe, 0xff, 0xff,
  0x1c, 0x00, 0x00, 0x00, 0x00, 0x00, 0x00, 0x40, 0x1c, 0x00, 0x00, 0x00,
  0x7c, 0x00, 0x00, 0x00, 0x04, 0x00, 0x00, 0x00, 0x00, 0x00, 0x06, 0x00,
  0x08, 0x00, 0x04, 0x00, 0x06, 0x00, 0x00, 0x00, 0x18, 0x00, 0x00, 0x00,
  0x18, 0x00, 0x00, 0x00, 0x26, 0x00, 0x00, 0x00, 0x27, 0x00, 0x00, 0x00,
  0x28, 0x00, 0x00, 0x00, 0x29, 0x00, 0x00, 0x00, 0x2a, 0x00, 0x00, 0x00,
  0x2b, 0x00, 0x00, 0x00, 0x2c, 0x00, 0x00, 0x00, 0x2d, 0x00, 0x00, 0x00,
  0x2e, 0x00, 0x00, 0x00, 0x2f, 0x00, 0x00, 0x00, 0x30, 0x00, 0x00, 0x00,
  0x31, 0x00, 0x00, 0x00, 0x32, 0x00, 0x00, 0x00, 0x33, 0x00, 0x00, 0x00,
  0x34, 0x00, 0x00, 0x00, 0x35, 0x00, 0x00, 0x00, 0x36, 0x00, 0x00, 0x00,
  0x37, 0x00, 0x00, 0x00, 0x38, 0x00, 0x00, 0x00, 0x39, 0x00, 0x00, 0x00,
  0x3a, 0x00, 0x00, 0x00, 0x3b, 0x00, 0x00, 0x00, 0x3c, 0x00, 0x00, 0x00,
  0x3d, 0x00, 0x00, 0x00, 0x01, 0x00, 0x00, 0x00, 0x25, 0x00, 0x00, 0x00,
  0x00, 0x00, 0x0a, 0x00, 0x10, 0x00, 0x0c, 0x00, 0x08, 0x00, 0x04, 0x00,
  0x0a, 0x00, 0x00, 0x00, 0x0c, 0x00, 0x00, 0x00, 0x10, 0x00, 0x00, 0x00,
  0x03, 0x00, 0x00, 0x00, 0x01, 0x00, 0x00, 0x00, 0x25, 0x00, 0x00, 0x00,
  0x02, 0x00, 0x00, 0x00, 0x22, 0x00, 0x00, 0x00, 0x03, 0x00, 0x00, 0x00,
  0xb2, 0xff, 0xff, 0xff, 0x24, 0x00, 0x00, 0x00, 0x00, 0x00, 0x00, 0x20,
  0x24, 0x00, 0x00, 0x00, 0x28, 0x00, 0x00, 0x00, 0x02, 0x00, 0x00, 0x00,
  0x00, 0x00, 0x0e, 0x00, 0x08, 0x00, 0x00, 0x00, 0x00, 0x00, 0x00, 0x00,
  0x00, 0x00, 0x04, 0x00, 0x0e, 0x00, 0x00, 0x00, 0x01, 0x00, 0x00, 0x00,
  0x01, 0x00, 0x00, 0x00, 0x24, 0x00, 0x00, 0x00, 0x04, 0x00, 0x00, 0x00,
  0x23, 0x00, 0x00, 0x00, 0x01, 0x00, 0x00, 0x00, 0x02, 0x00, 0x00, 0x00,
  0x02, 0x00, 0x00, 0x00, 0x00, 0x00, 0x0e, 0x00, 0x1a, 0x00, 0x14, 0x00,
  0x10, 0x00, 0x0c, 0x00, 0x0b, 0x00, 0x04, 0x00, 0x0e, 0x00, 0x00, 0x00,
  0x1c, 0x00, 0x00, 0x00, 0x00, 0x00, 0x00, 0x37, 0x1c, 0x00, 0x00, 0x00,
  0x20, 0x00, 0x00, 0x00, 0x01, 0x00, 0x00, 0x00, 0x00, 0x00, 0x06, 0x00,
  0x08, 0x00, 0x07, 0x00, 0x06, 0x00, 0x00, 0x00, 0x00, 0x00, 0x00, 0x02,
  0x01, 0x00, 0x00, 0x00, 0x23, 0x00, 0x00, 0x00, 0x01, 0x00, 0x00, 0x00,
  0x22, 0x00, 0x00, 0x00, 0x00, 0x00, 0x0a, 0x00, 0x0c, 0x00, 0x00, 0x00,
  0x08, 0x00, 0x04, 0x00, 0x0a, 0x00, 0x00, 0x00, 0x08, 0x00, 0x00, 0x00,
  0x0c, 0x00, 0x00, 0x00, 0x01, 0x00, 0x00, 0x00, 0x22, 0x00, 0x00, 0x00,
  0x01, 0x00, 0x00, 0x00, 0x00, 0x00, 0x00, 0x00, 0x01, 0x00, 0x00, 0x00,
  0x89, 0x00, 0x00, 0x00, 0x01, 0x00, 0x00, 0x00, 0x00, 0x00, 0x00, 0x00,
  0x8b, 0x00, 0x00, 0x00, 0x54, 0x89, 0x00, 0x00, 0xe4, 0x88, 0x00, 0x00,
  0x74, 0x88, 0x00, 0x00, 0x24, 0x88, 0x00, 0x00, 0xd8, 0x87, 0x00, 0x00,
  0x5c, 0x87, 0x00, 0x00, 0xf4, 0x86, 0x00, 0x00, 0x70, 0x86, 0x00, 0x00,
  0xe4, 0x85, 0x00, 0x00, 0x58, 0x85, 0x00, 0x00, 0xcc, 0x84, 0x00, 0x00,
  0x40, 0x84, 0x00, 0x00, 0xb4, 0x83, 0x00, 0x00, 0x28, 0x83, 0x00, 0x00,
  0x9c, 0x82, 0x00, 0x00, 0x10, 0x82, 0x00, 0x00, 0x84, 0x81, 0x00, 0x00,
  0xf8, 0x80, 0x00, 0x00, 0x6c, 0x80, 0x00, 0x00, 0xe0, 0x7f, 0x00, 0x00,
  0x54, 0x7f, 0x00, 0x00, 0xc8, 0x7e, 0x00, 0x00, 0x3c, 0x7e, 0x00, 0x00,
  0xb0, 0x7d, 0x00, 0x00, 0x24, 0x7d, 0x00, 0x00, 0x98, 0x7c, 0x00, 0x00,
  0x0c, 0x7c, 0x00, 0x00, 0x80, 0x7b, 0x00, 0x00, 0xf4, 0x7a, 0x00, 0x00,
  0x68, 0x7a, 0x00, 0x00, 0xdc, 0x79, 0x00, 0x00, 0x60, 0x79, 0x00, 0x00,
  0xe4, 0x78, 0x00, 0x00, 0x78, 0x78, 0x00, 0x00, 0x00, 0x78, 0x00, 0x00,
  0xa0, 0x77, 0x00, 0x00, 0x54, 0x77, 0x00, 0x00, 0xcc, 0x76, 0x00, 0x00,
  0xec, 0x73, 0x00, 0x00, 0x08, 0x71, 0x00, 0x00, 0x24, 0x6e, 0x00, 0x00,
  0x40, 0x6b, 0x00, 0x00, 0x5c, 0x68, 0x00, 0x00, 0x78, 0x65, 0x00, 0x00,
  0x94, 0x62, 0x00, 0x00, 0xb0, 0x5f, 0x00, 0x00, 0xcc, 0x5c, 0x00, 0x00,
  0xe8, 0x59, 0x00, 0x00, 0x04, 0x57, 0x00, 0x00, 0x20, 0x54, 0x00, 0x00,
  0x3c, 0x51, 0x00, 0x00, 0x58, 0x4e, 0x00, 0x00, 0x74, 0x4b, 0x00, 0x00,
  0x90, 0x48, 0x00, 0x00, 0xac, 0x45, 0x00, 0x00, 0xc8, 0x42, 0x00, 0x00,
  0xe4, 0x3f, 0x00, 0x00, 0x00, 0x3d, 0x00, 0x00, 0x1c, 0x3a, 0x00, 0x00,
  0x38, 0x37, 0x00, 0x00, 0x54, 0x34, 0x00, 0x00, 0x70, 0x31, 0x00, 0x00,
  0x20, 0x31, 0x00, 0x00, 0xa8, 0x30, 0x00, 0x00, 0x1c, 0x30, 0x00, 0x00,
  0x68, 0x2f, 0x00, 0x00, 0xbc, 0x2e, 0x00, 0x00, 0x30, 0x2e, 0x00, 0x00,
  0x74, 0x2d, 0x00, 0x00, 0xb8, 0x2c, 0x00, 0x00, 0xfc, 0x2b, 0x00, 0x00,
  0x40, 0x2b, 0x00, 0x00, 0x84, 0x2a, 0x00, 0x00, 0xc8, 0x29, 0x00, 0x00,
  0x14, 0x29, 0x00, 0x00, 0x88, 0x28, 0x00, 0x00, 0xcc, 0x27, 0x00, 0x00,
  0x10, 0x27, 0x00, 0x00, 0x54, 0x26, 0x00, 0x00, 0x98, 0x25, 0x00, 0x00,
  0xdc, 0x24, 0x00, 0x00, 0x20, 0x24, 0x00, 0x00, 0x64, 0x23, 0x00, 0x00,
  0xa8, 0x22, 0x00, 0x00, 0xec, 0x21, 0x00, 0x00, 0x30, 0x21, 0x00, 0x00,
  0x74, 0x20, 0x00, 0x00, 0xc0, 0x1f, 0x00, 0x00, 0x34, 0x1f, 0x00, 0x00,
  0x78, 0x1e, 0x00, 0x00, 0xbc, 0x1d, 0x00, 0x00, 0x00, 0x1d, 0x00, 0x00,
  0x44, 0x1c, 0x00, 0x00, 0x88, 0x1b, 0x00, 0x00, 0xd4, 0x1a, 0x00, 0x00,
  0x48, 0x1a, 0x00, 0x00, 0x8c, 0x19, 0x00, 0x00, 0xd8, 0x18, 0x00, 0x00,
  0x4c, 0x18, 0x00, 0x00, 0x98, 0x17, 0x00, 0x00, 0x0c, 0x17, 0x00, 0x00,
  0x58, 0x16, 0x00, 0x00, 0xcc, 0x15, 0x00, 0x00, 0x18, 0x15, 0x00, 0x00,
  0x8c, 0x14, 0x00, 0x00, 0xd8, 0x13, 0x00, 0x00, 0x4c, 0x13, 0x00, 0x00,
  0x98, 0x12, 0x00, 0x00, 0x0c, 0x12, 0x00, 0x00, 0x58, 0x11, 0x00, 0x00,
  0xcc, 0x10, 0x00, 0x00, 0x18, 0x10, 0x00, 0x00, 0x8c, 0x0f, 0x00, 0x00,
  0xd8, 0x0e, 0x00, 0x00, 0x4c, 0x0e, 0x00, 0x00, 0x98, 0x0d, 0x00, 0x00,
  0x0c, 0x0d, 0x00, 0x00, 0x58, 0x0c, 0x00, 0x00, 0xcc, 0x0b, 0x00, 0x00,
  0x18, 0x0b, 0x00, 0x00, 0x8c, 0x0a, 0x00, 0x00, 0xd8, 0x09, 0x00, 0x00,
  0x4c, 0x09, 0x00, 0x00, 0x98, 0x08, 0x00, 0x00, 0x0c, 0x08, 0x00, 0x00,
  0x58, 0x07, 0x00, 0x00, 0xcc, 0x06, 0x00, 0x00, 0x18, 0x06, 0x00, 0x00,
  0x8c, 0x05, 0x00, 0x00, 0xd8, 0x04, 0x00, 0x00, 0x4c, 0x04, 0x00, 0x00,
  0x98, 0x03, 0x00, 0x00, 0x0c, 0x03, 0x00, 0x00, 0x58, 0x02, 0x00, 0x00,
  0xcc, 0x01, 0x00, 0x00, 0x18, 0x01, 0x00, 0x00, 0x9c, 0x00, 0x00, 0x00,
  0x40, 0x00, 0x00, 0x00, 0x10, 0x00, 0x00, 0x00, 0x0c, 0x00, 0x14, 0x00,
  0x10, 0x00, 0x0f, 0x00, 0x08, 0x00, 0x04, 0x00, 0x0c, 0x00, 0x00, 0x00,
  0x10, 0x00, 0x00, 0x00, 0x8d, 0x00, 0x00, 0x00, 0x00, 0x00, 0x00, 0x02,
  0x14, 0x00, 0x00, 0x00, 0x0a, 0x00, 0x00, 0x00, 0x63, 0x6f, 0x6e, 0x73,
  0x74, 0x5f, 0x64, 0x69, 0x6d, 0x73, 0x00, 0x00, 0x01, 0x00, 0x00, 0x00,
  0x02, 0x00, 0x00, 0x00, 0x26, 0x79, 0xff, 0xff, 0x00, 0x00, 0x00, 0x01,
  0x14, 0x00, 0x00, 0x00, 0x1c, 0x00, 0x00, 0x00, 0x1c, 0x00, 0x00, 0x00,
  0x8a, 0x00, 0x00, 0x00, 0x34, 0x00, 0x00, 0x00, 0x02, 0x00, 0x00, 0x00,
  0xff, 0xff, 0xff, 0xff, 0x01, 0x00, 0x00, 0x00, 0x0c, 0x79, 0xff, 0xff,
  0x19, 0x00, 0x00, 0x00, 0x53, 0x74, 0x61, 0x74, 0x65, 0x66, 0x75, 0x6c,
  0x50, 0x61, 0x72, 0x74, 0x69, 0x74, 0x69, 0x6f, 0x6e, 0x65, 0x64, 0x43,
  0x61, 0x6c, 0x6c, 0x3a, 0x30, 0x00, 0x00, 0x00, 0x02, 0x00, 0x00, 0x00,
  0x01, 0x00, 0x00, 0x00, 0x01, 0x00, 0x00, 0x00, 0x4a, 0x8a, 0xff, 0xff,
  0x00, 0x00, 0x00, 0x01, 0x18, 0x00, 0x00, 0x00, 0x20, 0x00, 0x00, 0x00,
  0x3c, 0x00, 0x00, 0x00, 0x89, 0x00, 0x00, 0x00, 0x00, 0x00, 0x00, 0x09,
  0x50, 0x00, 0x00, 0x00, 0x02, 0x00, 0x00, 0x00, 0xff, 0xff, 0xff, 0xff,
  0x01, 0x00, 0x00, 0x00, 0x5c, 0x7b, 0xff, 0xff, 0x08, 0x00, 0x00, 0x00,
  0x10, 0x00, 0x00, 0x00, 0x01, 0x00, 0x00, 0x00, 0x7f, 0x00, 0x00, 0x00,
  0x00, 0x00, 0x00, 0x00, 0x01, 0x00, 0x00, 0x00, 0x49, 0x3f, 0xff, 0x3b,
  0x1a, 0x00, 0x00, 0x00, 0x53, 0x74, 0x61, 0x74, 0x65, 0x66, 0x75, 0x6c,
  0x50, 0x61, 0x72, 0x74, 0x69, 0x74, 0x69, 0x6f, 0x6e, 0x65, 0x64, 0x43,
  0x61, 0x6c, 0x6c, 0x3a, 0x30, 0x31, 0x00, 0x00, 0x02, 0x00, 0x00, 0x00,
  0x01, 0x00, 0x00, 0x00, 0x01, 0x00, 0x00, 0x00, 0xc2, 0x8a, 0xff, 0xff,
  0x00, 0x00, 0x00, 0x01, 0x18, 0x00, 0x00, 0x00, 0x20, 0x00, 0x00, 0x00,
  0x3c, 0x00, 0x00, 0x00, 0x88, 0x00, 0x00, 0x00, 0x00, 0x00, 0x00, 0x09,
  0x88, 0x00, 0x00, 0x00, 0x02, 0x00, 0x00, 0x00, 0xff, 0xff, 0xff, 0xff,
  0x32, 0x00, 0x00, 0x00, 0xd4, 0x7b, 0xff, 0xff, 0x08, 0x00, 0x00, 0x00,
  0x10, 0x00, 0x00, 0x00, 0x01, 0x00, 0x00, 0x00, 0x80, 0xff, 0xff, 0xff,
  0xff, 0xff, 0xff, 0xff, 0x01, 0x00, 0x00, 0x00, 0xab, 0x81, 0xb4, 0x3b,
  0x50, 0x00, 0x00, 0x00, 0x6d, 0x6f, 0x64, 0x65, 0x6c, 0x2f, 0x73, 0x69,
  0x6d, 0x70, 0x6c, 0x65, 0x5f, 0x72, 0x6e, 0x6e, 0x2f, 0x73, 0x69, 0x6d,
  0x70, 0x6c, 0x65, 0x5f, 0x72, 0x6e, 0x6e, 0x5f, 0x63, 0x65, 0x6c, 0x6c,
  0x2f, 0x52, 0x65, 0x6c, 0x75, 0x5f, 0x32, 0x33, 0x3b, 0x6d, 0x6f, 0x64,
  0x65, 0x6c, 0x2f, 0x73, 0x69, 0x6d, 0x70, 0x6c, 0x65, 0x5f, 0x72, 0x6e,
  0x6e, 0x2f, 0x73, 0x69, 0x6d, 0x70, 0x6c, 0x65, 0x5f, 0x72, 0x6e, 0x6e,
  0x5f, 0x63, 0x65, 0x6c, 0x6c, 0x2f, 0x61, 0x64, 0x64, 0x5f, 0x32, 0x33,
  0x00, 0x00, 0x00, 0x00, 0x02, 0x00, 0x00, 0x00, 0x01, 0x00, 0x00, 0x00,
  0x32, 0x00, 0x00, 0x00, 0x72, 0x8b, 0xff, 0xff, 0x00, 0x00, 0x00, 0x01,
  0x18, 0x00, 0x00, 0x00, 0x20, 0x00, 0x00, 0x00, 0x3c, 0x00, 0x00, 0x00,
  0x87, 0x00, 0x00, 0x00, 0x00, 0x00, 0x00, 0x09, 0x60, 0x00, 0x00, 0x00,
  0x02, 0x00, 0x00, 0x00, 0xff, 0xff, 0xff, 0xff, 0x32, 0x00, 0x00, 0x00,
  0x84, 0x7c, 0xff, 0xff, 0x08, 0x00, 0x00, 0x00, 0x10, 0x00, 0x00, 0x00,
  0x01, 0x00, 0x00, 0x00, 0x0c, 0x00, 0x00, 0x00, 0x00, 0x00, 0x00, 0x00,
  0x01, 0x00, 0x00, 0x00, 0xd9, 0x25, 0x40, 0x3c, 0x2b, 0x00, 0x00, 0x00,
  0x6d, 0x6f, 0x64, 0x65, 0x6c, 0x2f, 0x73, 0x69, 0x6d, 0x70, 0x6c, 0x65,
  0x5f, 0x72, 0x6e, 0x6e, 0x2f, 0x73, 0x69, 0x6d, 0x70, 0x6c, 0x65, 0x5f,
  0x72, 0x6e, 0x6e, 0x5f, 0x63, 0x65, 0x6c, 0x6c, 0x2f, 0x4d, 0x61, 0x74,
  0x4d, 0x75, 0x6c, 0x5f, 0x34, 0x37, 0x31, 0x00, 0x02, 0x00, 0x00, 0x00,
  0x01, 0x00, 0x00, 0x00, 0x32, 0x00, 0x00, 0x00, 0xfa, 0x8b, 0xff, 0xff,
  0x00, 0x00, 0x00, 0x01, 0x18, 0x00, 0x00, 0x00, 0x20, 0x00, 0x00, 0x00,
  0x3c, 0x00, 0x00, 0x00, 0x86, 0x00, 0x00, 0x00, 0x00, 0x00, 0x00, 0x09,
  0x88, 0x00, 0x00, 0x00, 0x02, 0x00, 0x00, 0x00, 0xff, 0xff, 0xff, 0xff,
  0x32, 0x00, 0x00, 0x00, 0x0c, 0x7d, 0xff, 0xff, 0x08, 0x00, 0x00, 0x00,
  0x10, 0x00, 0x00, 0x00, 0x01, 0x00, 0x00, 0x00, 0x80, 0xff, 0xff, 0xff,
  0xff, 0xff, 0xff, 0xff, 0x01, 0x00, 0x00, 0x00, 0x86, 0x68, 0xae, 0x3b,
  0x50, 0x00, 0x00, 0x00, 0x6d, 0x6f, 0x64, 0x65, 0x6c, 0x2f, 0x73, 0x69,
  0x6d, 0x70, 0x6c, 0x65, 0x5f, 0x72, 0x6e, 0x6e, 0x2f, 0x73, 0x69, 0x6d,
  0x70, 0x6c, 0x65, 0x5f, 0x72, 0x6e, 0x6e, 0x5f, 0x63, 0x65, 0x6c, 0x6c,
  0x2f, 0x52, 0x65, 0x6c, 0x75, 0x5f, 0x32, 0x32, 0x3b, 0x6d, 0x6f, 0x64,
  0x65, 0x6c, 0x2f, 0x73, 0x69, 0x6d, 0x70, 0x6c, 0x65, 0x5f, 0x72, 0x6e,
  0x6e, 0x2f, 0x73, 0x69, 0x6d, 0x70, 0x6c, 0x65, 0x5f, 0x72, 0x6e, 0x6e,
  0x5f, 0x63, 0x65, 0x6c, 0x6c, 0x2f, 0x61, 0x64, 0x64, 0x5f, 0x32, 0x32,
  0x00, 0x00, 0x00, 0x00, 0x02, 0x00, 0x00, 0x00, 0x01, 0x00, 0x00, 0x00,
  0x32, 0x00, 0x00, 0x00, 0xaa, 0x8c, 0xff, 0xff, 0x00, 0x00, 0x00, 0x01,
  0x18, 0x00, 0x00, 0x00, 0x20, 0x00, 0x00, 0x00, 0x3c, 0x00, 0x00, 0x00,
  0x85, 0x00, 0x00, 0x00, 0x00, 0x00, 0x00, 0x09, 0x60, 0x00, 0x00, 0x00,
  0x02, 0x00, 0x00, 0x00, 0xff, 0xff, 0xff, 0xff, 0x32, 0x00, 0x00, 0x00,
  0xbc, 0x7d, 0xff, 0xff, 0x08, 0x00, 0x00, 0x00, 0x10, 0x00, 0x00, 0x00,
  0x01, 0x00, 0x00, 0x00, 0x0b, 0x00, 0x00, 0x00, 0x00, 0x00, 0x00, 0x00,
  0x01, 0x00, 0x00, 0x00, 0xa0, 0x0d, 0x3e, 0x3c, 0x2a, 0x00, 0x00, 0x00,
  0x6d, 0x6f, 0x64, 0x65, 0x6c, 0x2f, 0x73, 0x69, 0x6d, 0x70, 0x6c, 0x65,
  0x5f, 0x72, 0x6e, 0x6e, 0x2f, 0x73, 0x69, 0x6d, 0x70, 0x6c, 0x65, 0x5f,
  0x72, 0x6e, 0x6e, 0x5f, 0x63, 0x65, 0x6c, 0x6c, 0x2f, 0x4d, 0x61, 0x74,
  0x4d, 0x75, 0x6c, 0x5f, 0x34, 0x35, 0x00, 0x00, 0x02, 0x00, 0x00, 0x00,
  0x01, 0x00, 0x00, 0x00, 0x32, 0x00, 0x00, 0x00, 0x32, 0x8d, 0xff, 0xff,
  0x00, 0x00, 0x00, 0x01, 0x18, 0x00, 0x00, 0x00, 0x20, 0x00, 0x00, 0x00,
  0x3c, 0x00, 0x00, 0x00, 0x84, 0x00, 0x00, 0x00, 0x00, 0x00, 0x00, 0x09,
  0x88, 0x00, 0x00, 0x00, 0x02, 0x00, 0x00, 0x00, 0xff, 0xff, 0xff, 0xff,
  0x32, 0x00, 0x00, 0x00, 0x44, 0x7e, 0xff, 0xff, 0x08, 0x00, 0x00, 0x00,
  0x10, 0x00, 0x00, 0x00, 0x01, 0x00, 0x00, 0x00, 0x80, 0xff, 0xff, 0xff,
  0xff, 0xff, 0xff, 0xff, 0x01, 0x00, 0x00, 0x00, 0x32, 0x0f, 0xa7, 0x3b,
  0x50, 0x00, 0x00, 0x00, 0x6d, 0x6f, 0x64, 0x65, 0x6c, 0x2f, 0x73, 0x69,
  0x6d, 0x70, 0x6c, 0x65, 0x5f, 0x72, 0x6e, 0x6e, 0x2f, 0x73, 0x69, 0x6d,
  0x70, 0x6c, 0x65, 0x5f, 0x72, 0x6e, 0x6e, 0x5f, 0x63, 0x65, 0x6c, 0x6c,
  0x2f, 0x52, 0x65, 0x6c, 0x75, 0x5f, 0x32, 0x31, 0x3b, 0x6d, 0x6f, 0x64,
  0x65, 0x6c, 0x2f, 0x73, 0x69, 0x6d, 0x70, 0x6c, 0x65, 0x5f, 0x72, 0x6e,
  0x6e, 0x2f, 0x73, 0x69, 0x6d, 0x70, 0x6c, 0x65, 0x5f, 0x72, 0x6e, 0x6e,
  0x5f, 0x63, 0x65, 0x6c, 0x6c, 0x2f, 0x61, 0x64, 0x64, 0x5f, 0x32, 0x31,
  0x00, 0x00, 0x00, 0x00, 0x02, 0x00, 0x00, 0x00, 0x01, 0x00, 0x00, 0x00,
  0x32, 0x00, 0x00, 0x00, 0xe2, 0x8d, 0xff, 0xff, 0x00, 0x00, 0x00, 0x01,
  0x18, 0x00, 0x00, 0x00, 0x20, 0x00, 0x00, 0x00, 0x3c, 0x00, 0x00, 0x00,
  0x83, 0x00, 0x00, 0x00, 0x00, 0x00, 0x00, 0x09, 0x60, 0x00, 0x00, 0x00,
  0x02, 0x00, 0x00, 0x00, 0xff, 0xff, 0xff, 0xff, 0x32, 0x00, 0x00, 0x00,
  0xf4, 0x7e, 0xff, 0xff, 0x08, 0x00, 0x00, 0x00, 0x10, 0x00, 0x00, 0x00,
  0x01, 0x00, 0x00, 0x00, 0x0b, 0x00, 0x00, 0x00, 0x00, 0x00, 0x00, 0x00,
  0x01, 0x00, 0x00, 0x00, 0x77, 0x7b, 0x3c, 0x3c, 0x2a, 0x00, 0x00, 0x00,
  0x6d, 0x6f, 0x64, 0x65, 0x6c, 0x2f, 0x73, 0x69, 0x6d, 0x70, 0x6c, 0x65,
  0x5f, 0x72, 0x6e, 0x6e, 0x2f, 0x73, 0x69, 0x6d, 0x70, 0x6c, 0x65, 0x5f,
  0x72, 0x6e, 0x6e, 0x5f, 0x63, 0x65, 0x6c, 0x6c, 0x2f, 0x4d, 0x61, 0x74,
  0x4d, 0x75, 0x6c, 0x5f, 0x34, 0x33, 0x00, 0x00, 0x02, 0x00, 0x00, 0x00,
  0x01, 0x00, 0x00, 0x00, 0x32, 0x00, 0x00, 0x00, 0x6a, 0x8e, 0xff, 0xff,
  0x00, 0x00, 0x00, 0x01, 0x18, 0x00, 0x00, 0x00, 0x20, 0x00, 0x00, 0x00,
  0x3c, 0x00, 0x00, 0x00, 0x82, 0x00, 0x00, 0x00, 0x00, 0x00, 0x00, 0x09,
  0x88, 0x00, 0x00, 0x00, 0x02, 0x00, 0x00, 0x00, 0xff, 0xff, 0xff, 0xff,
  0x32, 0x00, 0x00, 0x00, 0x7c, 0x7f, 0xff, 0xff, 0x08, 0x00, 0x00, 0x00,
  0x10, 0x00, 0x00, 0x00, 0x01, 0x00, 0x00, 0x00, 0x80, 0xff, 0xff, 0xff,
  0xff, 0xff, 0xff, 0xff, 0x01, 0x00, 0x00, 0x00, 0x29, 0xfb, 0xa8, 0x3b,
  0x50, 0x00, 0x00, 0x00, 0x6d, 0x6f, 0x64, 0x65, 0x6c, 0x2f, 0x73, 0x69,
  0x6d, 0x70, 0x6c, 0x65, 0x5f, 0x72, 0x6e, 0x6e, 0x2f, 0x73, 0x69, 0x6d,
  0x70, 0x6c, 0x65, 0x5f, 0x72, 0x6e, 0x6e, 0x5f, 0x63, 0x65, 0x6c, 0x6c,
  0x2f, 0x52, 0x65, 0x6c, 0x75, 0x5f, 0x32, 0x30, 0x3b, 0x6d, 0x6f, 0x64,
  0x65, 0x6c, 0x2f, 0x73, 0x69, 0x6d, 0x70, 0x6c, 0x65, 0x5f, 0x72, 0x6e,
  0x6e, 0x2f, 0x73, 0x69, 0x6d, 0x70, 0x6c, 0x65, 0x5f, 0x72, 0x6e, 0x6e,
  0x5f, 0x63, 0x65, 0x6c, 0x6c, 0x2f, 0x61, 0x64, 0x64, 0x5f, 0x32, 0x30,
  0x00, 0x00, 0x00, 0x00, 0x02, 0x00, 0x00, 0x00, 0x01, 0x00, 0x00, 0x00,
  0x32, 0x00, 0x00, 0x00, 0x1a, 0x8f, 0xff, 0xff, 0x00, 0x00, 0x00, 0x01,
  0x18, 0x00, 0x00, 0x00, 0x20, 0x00, 0x00, 0x00, 0x3c, 0x00, 0x00, 0x00,
  0x81, 0x00, 0x00, 0x00, 0x00, 0x00, 0x00, 0x09, 0x60, 0x00, 0x00, 0x00,
  0x02, 0x00, 0x00, 0x00, 0xff, 0xff, 0xff, 0xff, 0x32, 0x00, 0x00, 0x00,
  0x2c, 0x80, 0xff, 0xff, 0x08, 0x00, 0x00, 0x00, 0x10, 0x00, 0x00, 0x00,
  0x01, 0x00, 0x00, 0x00, 0x0f, 0x00, 0x00, 0x00, 0x00, 0x00, 0x00, 0x00,
  0x01, 0x00, 0x00, 0x00, 0x0d, 0x53, 0x3f, 0x3c, 0x2a, 0x00, 0x00, 0x00,
  0x6d, 0x6f, 0x64, 0x65, 0x6c, 0x2f, 0x73, 0x69, 0x6d, 0x70, 0x6c, 0x65,
  0x5f, 0x72, 0x6e, 0x6e, 0x2f, 0x73, 0x69, 0x6d, 0x70, 0x6c, 0x65, 0x5f,
  0x72, 0x6e, 0x6e, 0x5f, 0x63, 0x65, 0x6c, 0x6c, 0x2f, 0x4d, 0x61, 0x74,
  0x4d, 0x75, 0x6c, 0x5f, 0x34, 0x31, 0x00, 0x00, 0x02, 0x00, 0x00, 0x00,
  0x01, 0x00, 0x00, 0x00, 0x32, 0x00, 0x00, 0x00, 0xa2, 0x8f, 0xff, 0xff,
  0x00, 0x00, 0x00, 0x01, 0x18, 0x00, 0x00, 0x00, 0x20, 0x00, 0x00, 0x00,
  0x3c, 0x00, 0x00, 0x00, 0x80, 0x00, 0x00, 0x00, 0x00, 0x00, 0x00, 0x09,
  0x88, 0x00, 0x00, 0x00, 0x02, 0x00, 0x00, 0x00, 0xff, 0xff, 0xff, 0xff,
  0x32, 0x00, 0x00, 0x00, 0xb4, 0x80, 0xff, 0xff, 0x08, 0x00, 0x00, 0x00,
  0x10, 0x00, 0x00, 0x00, 0x01, 0x00, 0x00, 0x00, 0x80, 0xff, 0xff, 0xff,
  0xff, 0xff, 0xff, 0xff, 0x01, 0x00, 0x00, 0x00, 0x26, 0x4c, 0xb3, 0x3b,
  0x50, 0x00, 0x00, 0x00, 0x6d, 0x6f, 0x64, 0x65, 0x6c, 0x2f, 0x73, 0x69,
  0x6d, 0x70, 0x6c, 0x65, 0x5f, 0x72, 0x6e, 0x6e, 0x2f, 0x73, 0x69, 0x6d,
  0x70, 0x6c, 0x65, 0x5f, 0x72, 0x6e, 0x6e, 0x5f, 0x63, 0x65, 0x6c, 0x6c,
  0x2f, 0x52, 0x65, 0x6c, 0x75, 0x5f, 0x31, 0x39, 0x3b, 0x6d, 0x6f, 0x64,
  0x65, 0x6c, 0x2f, 0x73, 0x69, 0x6d, 0x70, 0x6c, 0x65, 0x5f, 0x72, 0x6e,
  0x6e, 0x2f, 0x73, 0x69, 0x6d, 0x70, 0x6c, 0x65, 0x5f, 0x72, 0x6e, 0x6e,
  0x5f, 0x63, 0x65, 0x6c, 0x6c, 0x2f, 0x61, 0x64, 0x64, 0x5f, 0x31, 0x39,
  0x00, 0x00, 0x00, 0x00, 0x02, 0x00, 0x00, 0x00, 0x01, 0x00, 0x00, 0x00,
  0x32, 0x00, 0x00, 0x00, 0x52, 0x90, 0xff, 0xff, 0x00, 0x00, 0x00, 0x01,
  0x18, 0x00, 0x00, 0x00, 0x20, 0x00, 0x00, 0x00, 0x3c, 0x00, 0x00, 0x00,
  0x7f, 0x00, 0x00, 0x00, 0x00, 0x00, 0x00, 0x09, 0x60, 0x00, 0x00, 0x00,
  0x02, 0x00, 0x00, 0x00, 0xff, 0xff, 0xff, 0xff, 0x32, 0x00, 0x00, 0x00,
  0x64, 0x81, 0xff, 0xff, 0x08, 0x00, 0x00, 0x00, 0x10, 0x00, 0x00, 0x00,
  0x01, 0x00, 0x00, 0x00, 0x13, 0x00, 0x00, 0x00, 0x00, 0x00, 0x00, 0x00,
  0x01, 0x00, 0x00, 0x00, 0xd0, 0xe9, 0x42, 0x3c, 0x2a, 0x00, 0x00, 0x00,
  0x6d, 0x6f, 0x64, 0x65, 0x6c, 0x2f, 0x73, 0x69, 0x6d, 0x70, 0x6c, 0x65,
  0x5f, 0x72, 0x6e, 0x6e, 0x2f, 0x73, 0x69, 0x6d, 0x70, 0x6c, 0x65, 0x5f,
  0x72, 0x6e, 0x6e, 0x5f, 0x63, 0x65, 0x6c, 0x6c, 0x2f, 0x4d, 0x61, 0x74,
  0x4d, 0x75, 0x6c, 0x5f, 0x33, 0x39, 0x00, 0x00, 0x02, 0x00, 0x00, 0x00,
  0x01, 0x00, 0x00, 0x00, 0x32, 0x00, 0x00, 0x00, 0xda, 0x90, 0xff, 0xff,
  0x00, 0x00, 0x00, 0x01, 0x18, 0x00, 0x00, 0x00, 0x20, 0x00, 0x00, 0x00,
  0x3c, 0x00, 0x00, 0x00, 0x7e, 0x00, 0x00, 0x00, 0x00, 0x00, 0x00, 0x09,
  0x88, 0x00, 0x00, 0x00, 0x02, 0x00, 0x00, 0x00, 0xff, 0xff, 0xff, 0xff,
  0x32, 0x00, 0x00, 0x00, 0xec, 0x81, 0xff, 0xff, 0x08, 0x00, 0x00, 0x00,
  0x10, 0x00, 0x00, 0x00, 0x01, 0x00, 0x00, 0x00, 0x80, 0xff, 0xff, 0xff,
  0xff, 0xff, 0xff, 0xff, 0x01, 0x00, 0x00, 0x00, 0x3a, 0x08, 0xbd, 0x3b,
  0x50, 0x00, 0x00, 0x00, 0x6d, 0x6f, 0x64, 0x65, 0x6c, 0x2f, 0x73, 0x69,
  0x6d, 0x70, 0x6c, 0x65, 0x5f, 0x72, 0x6e, 0x6e, 0x2f, 0x73, 0x69, 0x6d,
  0x70, 0x6c, 0x65, 0x5f, 0x72, 0x6e, 0x6e, 0x5f, 0x63, 0x65, 0x6c, 0x6c,
  0x2f, 0x52, 0x65, 0x6c, 0x75, 0x5f, 0x31, 0x38, 0x3b, 0x6d, 0x6f, 0x64,
  0x65, 0x6c, 0x2f, 0x73, 0x69, 0x6d, 0x70, 0x6c, 0x65, 0x5f, 0x72, 0x6e,
  0x6e, 0x2f, 0x73, 0x69, 0x6d, 0x70, 0x6c, 0x65, 0x5f, 0x72, 0x6e, 0x6e,
  0x5f, 0x63, 0x65, 0x6c, 0x6c, 0x2f, 0x61, 0x64, 0x64, 0x5f, 0x31, 0x38,
  0x00, 0x00, 0x00, 0x00, 0x02, 0x00, 0x00, 0x00, 0x01, 0x00, 0x00, 0x00,
  0x32, 0x00, 0x00, 0x00, 0x8a, 0x91, 0xff, 0xff, 0x00, 0x00, 0x00, 0x01,
  0x18, 0x00, 0x00, 0x00, 0x20, 0x00, 0x00, 0x00, 0x3c, 0x00, 0x00, 0x00,
  0x7d, 0x00, 0x00, 0x00, 0x00, 0x00, 0x00, 0x09, 0x60, 0x00, 0x00, 0x00,
  0x02, 0x00, 0x00, 0x00, 0xff, 0xff, 0xff, 0xff, 0x32, 0x00, 0x00, 0x00,
  0x9c, 0x82, 0xff, 0xff, 0x08, 0x00, 0x00, 0x00, 0x10, 0x00, 0x00, 0x00,
  0x01, 0x00, 0x00, 0x00, 0x18, 0x00, 0x00, 0x00, 0x00, 0x00, 0x00, 0x00,
  0x01, 0x00, 0x00, 0x00, 0xfe, 0x7b, 0x47, 0x3c, 0x2a, 0x00, 0x00, 0x00,
  0x6d, 0x6f, 0x64, 0x65, 0x6c, 0x2f, 0x73, 0x69, 0x6d, 0x70, 0x6c, 0x65,
  0x5f, 0x72, 0x6e, 0x6e, 0x2f, 0x73, 0x69, 0x6d, 0x70, 0x6c, 0x65, 0x5f,
  0x72, 0x6e, 0x6e, 0x5f, 0x63, 0x65, 0x6c, 0x6c, 0x2f, 0x4d, 0x61, 0x74,
  0x4d, 0x75, 0x6c, 0x5f, 0x33, 0x37, 0x00, 0x00, 0x02, 0x00, 0x00, 0x00,
  0x01, 0x00, 0x00, 0x00, 0x32, 0x00, 0x00, 0x00, 0x12, 0x92, 0xff, 0xff,
  0x00, 0x00, 0x00, 0x01, 0x18, 0x00, 0x00, 0x00, 0x20, 0x00, 0x00, 0x00,
  0x3c, 0x00, 0x00, 0x00, 0x7c, 0x00, 0x00, 0x00, 0x00, 0x00, 0x00, 0x09,
  0x88, 0x00, 0x00, 0x00, 0x02, 0x00, 0x00, 0x00, 0xff, 0xff, 0xff, 0xff,
  0x32, 0x00, 0x00, 0x00, 0x24, 0x83, 0xff, 0xff, 0x08, 0x00, 0x00, 0x00,
  0x10, 0x00, 0x00, 0x00, 0x01, 0x00, 0x00, 0x00, 0x80, 0xff, 0xff, 0xff,
  0xff, 0xff, 0xff, 0xff, 0x01, 0x00, 0x00, 0x00, 0x81, 0xcc, 0xc7, 0x3b,
  0x50, 0x00, 0x00, 0x00, 0x6d, 0x6f, 0x64, 0x65, 0x6c, 0x2f, 0x73, 0x69,
  0x6d, 0x70, 0x6c, 0x65, 0x5f, 0x72, 0x6e, 0x6e, 0x2f, 0x73, 0x69, 0x6d,
  0x70, 0x6c, 0x65, 0x5f, 0x72, 0x6e, 0x6e, 0x5f, 0x63, 0x65, 0x6c, 0x6c,
  0x2f, 0x52, 0x65, 0x6c, 0x75, 0x5f, 0x31, 0x37, 0x3b, 0x6d, 0x6f, 0x64,
  0x65, 0x6c, 0x2f, 0x73, 0x69, 0x6d, 0x70, 0x6c, 0x65, 0x5f, 0x72, 0x6e,
  0x6e, 0x2f, 0x73, 0x69, 0x6d, 0x70, 0x6c, 0x65, 0x5f, 0x72, 0x6e, 0x6e,
  0x5f, 0x63, 0x65, 0x6c, 0x6c, 0x2f, 0x61, 0x64, 0x64, 0x5f, 0x31, 0x37,
  0x00, 0x00, 0x00, 0x00, 0x02, 0x00, 0x00, 0x00, 0x01, 0x00, 0x00, 0x00,
  0x32, 0x00, 0x00, 0x00, 0xc2, 0x92, 0xff, 0xff, 0x00, 0x00, 0x00, 0x01,
  0x18, 0x00, 0x00, 0x00, 0x20, 0x00, 0x00, 0x00, 0x3c, 0x00, 0x00, 0x00,
  0x7b, 0x00, 0x00, 0x00, 0x00, 0x00, 0x00, 0x09, 0x60, 0x00, 0x00, 0x00,
  0x02, 0x00, 0x00, 0x00, 0xff, 0xff, 0xff, 0xff, 0x32, 0x00, 0x00, 0x00,
  0xd4, 0x83, 0xff, 0xff, 0x08, 0x00, 0x00, 0x00, 0x10, 0x00, 0x00, 0x00,
  0x01, 0x00, 0x00, 0x00, 0x19, 0x00, 0x00, 0x00, 0x00, 0x00, 0x00, 0x00,
  0x01, 0x00, 0x00, 0x00, 0xa9, 0x6e, 0x53, 0x3c, 0x2a, 0x00, 0x00, 0x00,
  0x6d, 0x6f, 0x64, 0x65, 0x6c, 0x2f, 0x73, 0x69, 0x6d, 0x70, 0x6c, 0x65,
  0x5f, 0x72, 0x6e, 0x6e, 0x2f, 0x73, 0x69, 0x6d, 0x70, 0x6c, 0x65, 0x5f,
  0x72, 0x6e, 0x6e, 0x5f, 0x63, 0x65, 0x6c, 0x6c, 0x2f, 0x4d, 0x61, 0x74,
  0x4d, 0x75, 0x6c, 0x5f, 0x33, 0x35, 0x00, 0x00, 0x02, 0x00, 0x00, 0x00,
  0x01, 0x00, 0x00, 0x00, 0x32, 0x00, 0x00, 0x00, 0x4a, 0x93, 0xff, 0xff,
  0x00, 0x00, 0x00, 0x01, 0x18, 0x00, 0x00, 0x00, 0x20, 0x00, 0x00, 0x00,
  0x3c, 0x00, 0x00, 0x00, 0x7a, 0x00, 0x00, 0x00, 0x00, 0x00, 0x00, 0x09,
  0x88, 0x00, 0x00, 0x00, 0x02, 0x00, 0x00, 0x00, 0xff, 0xff, 0xff, 0xff,
  0x32, 0x00, 0x00, 0x00, 0x5c, 0x84, 0xff, 0xff, 0x08, 0x00, 0x00, 0x00,
  0x10, 0x00, 0x00, 0x00, 0x01, 0x00, 0x00, 0x00, 0x80, 0xff, 0xff, 0xff,
  0xff, 0xff, 0xff, 0xff, 0x01, 0x00, 0x00, 0x00, 0xbc, 0xd0, 0xd4, 0x3b,
  0x50, 0x00, 0x00, 0x00, 0x6d, 0x6f, 0x64, 0x65, 0x6c, 0x2f, 0x73, 0x69,
  0x6d, 0x70, 0x6c, 0x65, 0x5f, 0x72, 0x6e, 0x6e, 0x2f, 0x73, 0x69, 0x6d,
  0x70, 0x6c, 0x65, 0x5f, 0x72, 0x6e, 0x6e, 0x5f, 0x63, 0x65, 0x6c, 0x6c,
  0x2f, 0x52, 0x65, 0x6c, 0x75, 0x5f, 0x31, 0x36, 0x3b, 0x6d, 0x6f, 0x64,
  0x65, 0x6c, 0x2f, 0x73, 0x69, 0x6d, 0x70, 0x6c, 0x65, 0x5f, 0x72, 0x6e,
  0x6e, 0x2f, 0x73, 0x69, 0x6d, 0x70, 0x6c, 0x65, 0x5f, 0x72, 0x6e, 0x6e,
  0x5f, 0x63, 0x65, 0x6c, 0x6c, 0x2f, 0x61, 0x64, 0x64, 0x5f, 0x31, 0x36,
  0x00, 0x00, 0x00, 0x00, 0x02, 0x00, 0x00, 0x00, 0x01, 0x00, 0x00, 0x00,
  0x32, 0x00, 0x00, 0x00, 0xfa, 0x93, 0xff, 0xff, 0x00, 0x00, 0x00, 0x01,
  0x18, 0x00, 0x00, 0x00, 0x20, 0x00, 0x00, 0x00, 0x3c, 0x00, 0x00, 0x00,
  0x79, 0x00, 0x00, 0x00, 0x00, 0x00, 0x00, 0x09, 0x60, 0x00, 0x00, 0x00,
  0x02, 0x00, 0x00, 0x00, 0xff, 0xff, 0xff, 0xff, 0x32, 0x00, 0x00, 0x00,
  0x0c, 0x85, 0xff, 0xff, 0x08, 0x00, 0x00, 0x00, 0x10, 0x00, 0x00, 0x00,
  0x01, 0x00, 0x00, 0x00, 0x17, 0x00, 0x00, 0x00, 0x00, 0x00, 0x00, 0x00,
  0x01, 0x00, 0x00, 0x00, 0xd4, 0x70, 0x5f, 0x3c, 0x2a, 0x00, 0x00, 0x00,
  0x6d, 0x6f, 0x64, 0x65, 0x6c, 0x2f, 0x73, 0x69, 0x6d, 0x70, 0x6c, 0x65,
  0x5f, 0x72, 0x6e, 0x6e, 0x2f, 0x73, 0x69, 0x6d, 0x70, 0x6c, 0x65, 0x5f,
  0x72, 0x6e, 0x6e, 0x5f, 0x63, 0x65, 0x6c, 0x6c, 0x2f, 0x4d, 0x61, 0x74,
  0x4d, 0x75, 0x6c, 0x5f, 0x33, 0x33, 0x00, 0x00, 0x02, 0x00, 0x00, 0x00,
  0x01, 0x00, 0x00, 0x00, 0x32, 0x00, 0x00, 0x00, 0x82, 0x94, 0xff, 0xff,
  0x00, 0x00, 0x00, 0x01, 0x18, 0x00, 0x00, 0x00, 0x20, 0x00, 0x00, 0x00,
  0x3c, 0x00, 0x00, 0x00, 0x78, 0x00, 0x00, 0x00, 0x00, 0x00, 0x00, 0x09,
  0x88, 0x00, 0x00, 0x00, 0x02, 0x00, 0x00, 0x00, 0xff, 0xff, 0xff, 0xff,
  0x32, 0x00, 0x00, 0x00, 0x94, 0x85, 0xff, 0xff, 0x08, 0x00, 0x00, 0x00,
  0x10, 0x00, 0x00, 0x00, 0x01, 0x00, 0x00, 0x00, 0x80, 0xff, 0xff, 0xff,
  0xff, 0xff, 0xff, 0xff, 0x01, 0x00, 0x00, 0x00, 0x7c, 0xbb, 0xdc, 0x3b,
  0x50, 0x00, 0x00, 0x00, 0x6d, 0x6f, 0x64, 0x65, 0x6c, 0x2f, 0x73, 0x69,
  0x6d, 0x70, 0x6c, 0x65, 0x5f, 0x72, 0x6e, 0x6e, 0x2f, 0x73, 0x69, 0x6d,
  0x70, 0x6c, 0x65, 0x5f, 0x72, 0x6e, 0x6e, 0x5f, 0x63, 0x65, 0x6c, 0x6c,
  0x2f, 0x52, 0x65, 0x6c, 0x75, 0x5f, 0x31, 0x35, 0x3b, 0x6d, 0x6f, 0x64,
  0x65, 0x6c, 0x2f, 0x73, 0x69, 0x6d, 0x70, 0x6c, 0x65, 0x5f, 0x72, 0x6e,
  0x6e, 0x2f, 0x73, 0x69, 0x6d, 0x70, 0x6c, 0x65, 0x5f, 0x72, 0x6e, 0x6e,
  0x5f, 0x63, 0x65, 0x6c, 0x6c, 0x2f, 0x61, 0x64, 0x64, 0x5f, 0x31, 0x35,
  0x00, 0x00, 0x00, 0x00, 0x02, 0x00, 0x00, 0x00, 0x01, 0x00, 0x00, 0x00,
  0x32, 0x00, 0x00, 0x00, 0x32, 0x95, 0xff, 0xff, 0x00, 0x00, 0x00, 0x01,
  0x18, 0x00, 0x00, 0x00, 0x20, 0x00, 0x00, 0x00, 0x3c, 0x00, 0x00, 0x00,
  0x77, 0x00, 0x00, 0x00, 0x00, 0x00, 0x00, 0x09, 0x60, 0x00, 0x00, 0x00,
  0x02, 0x00, 0x00, 0x00, 0xff, 0xff, 0xff, 0xff, 0x32, 0x00, 0x00, 0x00,
  0x44, 0x86, 0xff, 0xff, 0x08, 0x00, 0x00, 0x00, 0x10, 0x00, 0x00, 0x00,
  0x01, 0x00, 0x00, 0x00, 0x15, 0x00, 0x00, 0x00, 0x00, 0x00, 0x00, 0x00,
  0x01, 0x00, 0x00, 0x00, 0x22, 0x09, 0x69, 0x3c, 0x2a, 0x00, 0x00, 0x00,
  0x6d, 0x6f, 0x64, 0x65, 0x6c, 0x2f, 0x73, 0x69, 0x6d, 0x70, 0x6c, 0x65,
  0x5f, 0x72, 0x6e, 0x6e, 0x2f, 0x73, 0x69, 0x6d, 0x70, 0x6c, 0x65, 0x5f,
  0x72, 0x6e, 0x6e, 0x5f, 0x63, 0x65, 0x6c, 0x6c, 0x2f, 0x4d, 0x61, 0x74,
  0x4d, 0x75, 0x6c, 0x5f, 0x33, 0x31, 0x00, 0x00, 0x02, 0x00, 0x00, 0x00,
  0x01, 0x00, 0x00, 0x00, 0x32, 0x00, 0x00, 0x00, 0xba, 0x95, 0xff, 0xff,
  0x00, 0x00, 0x00, 0x01, 0x18, 0x00, 0x00, 0x00, 0x20, 0x00, 0x00, 0x00,
  0x3c, 0x00, 0x00, 0x00, 0x76, 0x00, 0x00, 0x00, 0x00, 0x00, 0x00, 0x09,
  0x88, 0x00, 0x00, 0x00, 0x02, 0x00, 0x00, 0x00, 0xff, 0xff, 0xff, 0xff,
  0x32, 0x00, 0x00, 0x00, 0xcc, 0x86, 0xff, 0xff, 0x08, 0x00, 0x00, 0x00,
  0x10, 0x00, 0x00, 0x00, 0x01, 0x00, 0x00, 0x00, 0x80, 0xff, 0xff, 0xff,
  0xff, 0xff, 0xff, 0xff, 0x01, 0x00, 0x00, 0x00, 0x27, 0xf8, 0xde, 0x3b,
  0x50, 0x00, 0x00, 0x00, 0x6d, 0x6f, 0x64, 0x65, 0x6c, 0x2f, 0x73, 0x69,
  0x6d, 0x70, 0x6c, 0x65, 0x5f, 0x72, 0x6e, 0x6e, 0x2f, 0x73, 0x69, 0x6d,
  0x70, 0x6c, 0x65, 0x5f, 0x72, 0x6e, 0x6e, 0x5f, 0x63, 0x65, 0x6c, 0x6c,
  0x2f, 0x52, 0x65, 0x6c, 0x75, 0x5f, 0x31, 0x34, 0x3b, 0x6d, 0x6f, 0x64,
  0x65, 0x6c, 0x2f, 0x73, 0x69, 0x6d, 0x70, 0x6c, 0x65, 0x5f, 0x72, 0x6e,
  0x6e, 0x2f, 0x73, 0x69, 0x6d, 0x70, 0x6c, 0x65, 0x5f, 0x72, 0x6e, 0x6e,
  0x5f, 0x63, 0x65, 0x6c, 0x6c, 0x2f, 0x61, 0x64, 0x64, 0x5f, 0x31, 0x34,
  0x00, 0x00, 0x00, 0x00, 0x02, 0x00, 0x00, 0x00, 0x01, 0x00, 0x00, 0x00,
  0x32, 0x00, 0x00, 0x00, 0x6a, 0x96, 0xff, 0xff, 0x00, 0x00, 0x00, 0x01,
  0x18, 0x00, 0x00, 0x00, 0x20, 0x00, 0x00, 0x00, 0x3c, 0x00, 0x00, 0x00,
  0x75, 0x00, 0x00, 0x00, 0x00, 0x00, 0x00, 0x09, 0x60, 0x00, 0x00, 0x00,
  0x02, 0x00, 0x00, 0x00, 0xff, 0xff, 0xff, 0xff, 0x32, 0x00, 0x00, 0x00,
  0x7c, 0x87, 0xff, 0xff, 0x08, 0x00, 0x00, 0x00, 0x10, 0x00, 0x00, 0x00,
  0x01, 0x00, 0x00, 0x00, 0x13, 0x00, 0x00, 0x00, 0x00, 0x00, 0x00, 0x00,
  0x01, 0x00, 0x00, 0x00, 0x53, 0xd2, 0x72, 0x3c, 0x2a, 0x00, 0x00, 0x00,
  0x6d, 0x6f, 0x64, 0x65, 0x6c, 0x2f, 0x73, 0x69, 0x6d, 0x70, 0x6c, 0x65,
  0x5f, 0x72, 0x6e, 0x6e, 0x2f, 0x73, 0x69, 0x6d, 0x70, 0x6c, 0x65, 0x5f,
  0x72, 0x6e, 0x6e, 0x5f, 0x63, 0x65, 0x6c, 0x6c, 0x2f, 0x4d, 0x61, 0x74,
  0x4d, 0x75, 0x6c, 0x5f, 0x32, 0x39, 0x00, 0x00, 0x02, 0x00, 0x00, 0x00,
  0x01, 0x00, 0x00, 0x00, 0x32, 0x00, 0x00, 0x00, 0xf2, 0x96, 0xff, 0xff,
  0x00, 0x00, 0x00, 0x01, 0x18, 0x00, 0x00, 0x00, 0x20, 0x00, 0x00, 0x00,
  0x3c, 0x00, 0x00, 0x00, 0x74, 0x00, 0x00, 0x00, 0x00, 0x00, 0x00, 0x09,
  0x88, 0x00, 0x00, 0x00, 0x02, 0x00, 0x00, 0x00, 0xff, 0xff, 0xff, 0xff,
  0x32, 0x00, 0x00, 0x00, 0x04, 0x88, 0xff, 0xff, 0x08, 0x00, 0x00, 0x00,
  0x10, 0x00, 0x00, 0x00, 0x01, 0x00, 0x00, 0x00, 0x80, 0xff, 0xff, 0xff,
  0xff, 0xff, 0xff, 0xff, 0x01, 0x00, 0x00, 0x00, 0x6d, 0x0b, 0xe2, 0x3b,
  0x50, 0x00, 0x00, 0x00, 0x6d, 0x6f, 0x64, 0x65, 0x6c, 0x2f, 0x73, 0x69,
  0x6d, 0x70, 0x6c, 0x65, 0x5f, 0x72, 0x6e, 0x6e, 0x2f, 0x73, 0x69, 0x6d,
  0x70, 0x6c, 0x65, 0x5f, 0x72, 0x6e, 0x6e, 0x5f, 0x63, 0x65, 0x6c, 0x6c,
  0x2f, 0x52, 0x65, 0x6c, 0x75, 0x5f, 0x31, 0x33, 0x3b, 0x6d, 0x6f, 0x64,
  0x65, 0x6c, 0x2f, 0x73, 0x69, 0x6d, 0x70, 0x6c, 0x65, 0x5f, 0x72, 0x6e,
  0x6e, 0x2f, 0x73, 0x69, 0x6d, 0x70, 0x6c, 0x65, 0x5f, 0x72, 0x6e, 0x6e,
  0x5f, 0x63, 0x65, 0x6c, 0x6c, 0x2f, 0x61, 0x64, 0x64, 0x5f, 0x31, 0x33,
  0x00, 0x00, 0x00, 0x00, 0x02, 0x00, 0x00, 0x00, 0x01, 0x00, 0x00, 0x00,
  0x32, 0x00, 0x00, 0x00, 0xa2, 0x97, 0xff, 0xff, 0x00, 0x00, 0x00, 0x01,
  0x18, 0x00, 0x00, 0x00, 0x20, 0x00, 0x00, 0x00, 0x3c, 0x00, 0x00, 0x00,
  0x73, 0x00, 0x00, 0x00, 0x00, 0x00, 0x00, 0x09, 0x60, 0x00, 0x00, 0x00,
  0x02, 0x00, 0x00, 0x00, 0xff, 0xff, 0xff, 0xff, 0x32, 0x00, 0x00, 0x00,
  0xb4, 0x88, 0xff, 0xff, 0x08, 0x00, 0x00, 0x00, 0x10, 0x00, 0x00, 0x00,
  0x01, 0x00, 0x00, 0x00, 0x0e, 0x00, 0x00, 0x00, 0x00, 0x00, 0x00, 0x00,
  0x01, 0x00, 0x00, 0x00, 0x1e, 0x58, 0x7e, 0x3c, 0x2a, 0x00, 0x00, 0x00,
  0x6d, 0x6f, 0x64, 0x65, 0x6c, 0x2f, 0x73, 0x69, 0x6d, 0x70, 0x6c, 0x65,
  0x5f, 0x72, 0x6e, 0x6e, 0x2f, 0x73, 0x69, 0x6d, 0x70, 0x6c, 0x65, 0x5f,
  0x72, 0x6e, 0x6e, 0x5f, 0x63, 0x65, 0x6c, 0x6c, 0x2f, 0x4d, 0x61, 0x74,
  0x4d, 0x75, 0x6c, 0x5f, 0x32, 0x37, 0x00, 0x00, 0x02, 0x00, 0x00, 0x00,
  0x01, 0x00, 0x00, 0x00, 0x32, 0x00, 0x00, 0x00, 0x2a, 0x98, 0xff, 0xff,
  0x00, 0x00, 0x00, 0x01, 0x18, 0x00, 0x00, 0x00, 0x20, 0x00, 0x00, 0x00,
  0x3c, 0x00, 0x00, 0x00, 0x72, 0x00, 0x00, 0x00, 0x00, 0x00, 0x00, 0x09,
  0x88, 0x00, 0x00, 0x00, 0x02, 0x00, 0x00, 0x00, 0xff, 0xff, 0xff, 0xff,
  0x32, 0x00, 0x00, 0x00, 0x3c, 0x89, 0xff, 0xff, 0x08, 0x00, 0x00, 0x00,
  0x10, 0x00, 0x00, 0x00, 0x01, 0x00, 0x00, 0x00, 0x80, 0xff, 0xff, 0xff,
  0xff, 0xff, 0xff, 0xff, 0x01, 0x00, 0x00, 0x00, 0xff, 0xc6, 0xdf, 0x3b,
  0x50, 0x00, 0x00, 0x00, 0x6d, 0x6f, 0x64, 0x65, 0x6c, 0x2f, 0x73, 0x69,
  0x6d, 0x70, 0x6c, 0x65, 0x5f, 0x72, 0x6e, 0x6e, 0x2f, 0x73, 0x69, 0x6d,
  0x70, 0x6c, 0x65, 0x5f, 0x72, 0x6e, 0x6e, 0x5f, 0x63, 0x65, 0x6c, 0x6c,
  0x2f, 0x52, 0x65, 0x6c, 0x75, 0x5f, 0x31, 0x32, 0x3b, 0x6d, 0x6f, 0x64,
  0x65, 0x6c, 0x2f, 0x73, 0x69, 0x6d, 0x70, 0x6c, 0x65, 0x5f, 0x72, 0x6e,
  0x6e, 0x2f, 0x73, 0x69, 0x6d, 0x70, 0x6c, 0x65, 0x5f, 0x72, 0x6e, 0x6e,
  0x5f, 0x63, 0x65, 0x6c, 0x6c, 0x2f, 0x61, 0x64, 0x64, 0x5f, 0x31, 0x32,
  0x00, 0x00, 0x00, 0x00, 0x02, 0x00, 0x00, 0x00, 0x01, 0x00, 0x00, 0x00,
  0x32, 0x00, 0x00, 0x00, 0xda, 0x98, 0xff, 0xff, 0x00, 0x00, 0x00, 0x01,
  0x18, 0x00, 0x00, 0x00, 0x20, 0x00, 0x00, 0x00, 0x3c, 0x00, 0x00, 0x00,
  0x71, 0x00, 0x00, 0x00, 0x00, 0x00, 0x00, 0x09, 0x60, 0x00, 0x00, 0x00,
  0x02, 0x00, 0x00, 0x00, 0xff, 0xff, 0xff, 0xff, 0x32, 0x00, 0x00, 0x00,
  0xec, 0x89, 0xff, 0xff, 0x08, 0x00, 0x00, 0x00, 0x10, 0x00, 0x00, 0x00,
  0x01, 0x00, 0x00, 0x00, 0x09, 0x00, 0x00, 0x00, 0x00, 0x00, 0x00, 0x00,
  0x01, 0x00, 0x00, 0x00, 0x3d, 0x3b, 0x84, 0x3c, 0x2a, 0x00, 0x00, 0x00,
  0x6d, 0x6f, 0x64, 0x65, 0x6c, 0x2f, 0x73, 0x69, 0x6d, 0x70, 0x6c, 0x65,
  0x5f, 0x72, 0x6e, 0x6e, 0x2f, 0x73, 0x69, 0x6d, 0x70, 0x6c, 0x65, 0x5f,
  0x72, 0x6e, 0x6e, 0x5f, 0x63, 0x65, 0x6c, 0x6c, 0x2f, 0x4d, 0x61, 0x74,
  0x4d, 0x75, 0x6c, 0x5f, 0x32, 0x35, 0x00, 0x00, 0x02, 0x00, 0x00, 0x00,
  0x01, 0x00, 0x00, 0x00, 0x32, 0x00, 0x00, 0x00, 0x62, 0x99, 0xff, 0xff,
  0x00, 0x00, 0x00, 0x01, 0x18, 0x00, 0x00, 0x00, 0x20, 0x00, 0x00, 0x00,
  0x3c, 0x00, 0x00, 0x00, 0x70, 0x00, 0x00, 0x00, 0x00, 0x00, 0x00, 0x09,
  0x88, 0x00, 0x00, 0x00, 0x02, 0x00, 0x00, 0x00, 0xff, 0xff, 0xff, 0xff,
  0x32, 0x00, 0x00, 0x00, 0x74, 0x8a, 0xff, 0xff, 0x08, 0x00, 0x00, 0x00,
  0x10, 0x00, 0x00, 0x00, 0x01, 0x00, 0x00, 0x00, 0x80, 0xff, 0xff, 0xff,
  0xff, 0xff, 0xff, 0xff, 0x01, 0x00, 0x00, 0x00, 0x96, 0x47, 0xd6, 0x3b,
  0x50, 0x00, 0x00, 0x00, 0x6d, 0x6f, 0x64, 0x65, 0x6c, 0x2f, 0x73, 0x69,
  0x6d, 0x70, 0x6c, 0x65, 0x5f, 0x72, 0x6e, 0x6e, 0x2f, 0x73, 0x69, 0x6d,
  0x70, 0x6c, 0x65, 0x5f, 0x72, 0x6e, 0x6e, 0x5f, 0x63, 0x65, 0x6c, 0x6c,
  0x2f, 0x52, 0x65, 0x6c, 0x75, 0x5f, 0x31, 0x31, 0x3b, 0x6d, 0x6f, 0x64,
  0x65, 0x6c, 0x2f, 0x73, 0x69, 0x6d, 0x70, 0x6c, 0x65, 0x5f, 0x72, 0x6e,
  0x6e, 0x2f, 0x73, 0x69, 0x6d, 0x70, 0x6c, 0x65, 0x5f, 0x72, 0x6e, 0x6e,
  0x5f, 0x63, 0x65, 0x6c, 0x6c, 0x2f, 0x61, 0x64, 0x64, 0x5f, 0x31, 0x31,
  0x00, 0x00, 0x00, 0x00, 0x02, 0x00, 0x00, 0x00, 0x01, 0x00, 0x00, 0x00,
  0x32, 0x00, 0x00, 0x00, 0x12, 0x9a, 0xff, 0xff, 0x00, 0x00, 0x00, 0x01,
  0x18, 0x00, 0x00, 0x00, 0x20, 0x00, 0x00, 0x00, 0x3c, 0x00, 0x00, 0x00,
  0x6f, 0x00, 0x00, 0x00, 0x00, 0x00, 0x00, 0x09, 0x60, 0x00, 0x00, 0x00,
  0x02, 0x00, 0x00, 0x00, 0xff, 0xff, 0xff, 0xff, 0x32, 0x00, 0x00, 0x00,
  0x24, 0x8b, 0xff, 0xff, 0x08, 0x00, 0x00, 0x00, 0x10, 0x00, 0x00, 0x00,
  0x01, 0x00, 0x00, 0x00, 0x03, 0x00, 0x00, 0x00, 0x00, 0x00, 0x00, 0x00,
  0x01, 0x00, 0x00, 0x00, 0x57, 0x91, 0x84, 0x3c, 0x2a, 0x00, 0x00, 0x00,
  0x6d, 0x6f, 0x64, 0x65, 0x6c, 0x2f, 0x73, 0x69, 0x6d, 0x70, 0x6c, 0x65,
  0x5f, 0x72, 0x6e, 0x6e, 0x2f, 0x73, 0x69, 0x6d, 0x70, 0x6c, 0x65, 0x5f,
  0x72, 0x6e, 0x6e, 0x5f, 0x63, 0x65, 0x6c, 0x6c, 0x2f, 0x4d, 0x61, 0x74,
  0x4d, 0x75, 0x6c, 0x5f, 0x32, 0x33, 0x00, 0x00, 0x02, 0x00, 0x00, 0x00,
  0x01, 0x00, 0x00, 0x00, 0x32, 0x00, 0x00, 0x00, 0x9a, 0x9a, 0xff, 0xff,
  0x00, 0x00, 0x00, 0x01, 0x18, 0x00, 0x00, 0x00, 0x20, 0x00, 0x00, 0x00,
  0x3c, 0x00, 0x00, 0x00, 0x6e, 0x00, 0x00, 0x00, 0x00, 0x00, 0x00, 0x09,
  0x88, 0x00, 0x00, 0x00, 0x02, 0x00, 0x00, 0x00, 0xff, 0xff, 0xff, 0xff,
  0x32, 0x00, 0x00, 0x00, 0xac, 0x8b, 0xff, 0xff, 0x08, 0x00, 0x00, 0x00,
  0x10, 0x00, 0x00, 0x00, 0x01, 0x00, 0x00, 0x00, 0x80, 0xff, 0xff, 0xff,
  0xff, 0xff, 0xff, 0xff, 0x01, 0x00, 0x00, 0x00, 0xf4, 0x03, 0xca, 0x3b,
  0x50, 0x00, 0x00, 0x00, 0x6d, 0x6f, 0x64, 0x65, 0x6c, 0x2f, 0x73, 0x69,
  0x6d, 0x70, 0x6c, 0x65, 0x5f, 0x72, 0x6e, 0x6e, 0x2f, 0x73, 0x69, 0x6d,
  0x70, 0x6c, 0x65, 0x5f, 0x72, 0x6e, 0x6e, 0x5f, 0x63, 0x65, 0x6c, 0x6c,
  0x2f, 0x52, 0x65, 0x6c, 0x75, 0x5f, 0x31, 0x30, 0x3b, 0x6d, 0x6f, 0x64,
  0x65, 0x6c, 0x2f, 0x73, 0x69, 0x6d, 0x70, 0x6c, 0x65, 0x5f, 0x72, 0x6e,
  0x6e, 0x2f, 0x73, 0x69, 0x6d, 0x70, 0x6c, 0x65, 0x5f, 0x72, 0x6e, 0x6e,
  0x5f, 0x63, 0x65, 0x6c, 0x6c, 0x2f, 0x61, 0x64, 0x64, 0x5f, 0x31, 0x30,
  0x00, 0x00, 0x00, 0x00, 0x02, 0x00, 0x00, 0x00, 0x01, 0x00, 0x00, 0x00,
  0x32, 0x00, 0x00, 0x00, 0x4a, 0x9b, 0xff, 0xff, 0x00, 0x00, 0x00, 0x01,
  0x18, 0x00, 0x00, 0x00, 0x20, 0x00, 0x00, 0x00, 0x3c, 0x00, 0x00, 0x00,
  0x6d, 0x00, 0x00, 0x00, 0x00, 0x00, 0x00, 0x09, 0x60, 0x00, 0x00, 0x00,
  0x02, 0x00, 0x00, 0x00, 0xff, 0xff, 0xff, 0xff, 0x32, 0x00, 0x00, 0x00,
  0x5c, 0x8c, 0xff, 0xff, 0x08, 0x00, 0x00, 0x00, 0x10, 0x00, 0x00, 0x00,
  0x01, 0x00, 0x00, 0x00, 0xfe, 0xff, 0xff, 0xff, 0xff, 0xff, 0xff, 0xff,
  0x01, 0x00, 0x00, 0x00, 0x0e, 0xef, 0x81, 0x3c, 0x2a, 0x00, 0x00, 0x00,
  0x6d, 0x6f, 0x64, 0x65, 0x6c, 0x2f, 0x73, 0x69, 0x6d, 0x70, 0x6c, 0x65,
  0x5f, 0x72, 0x6e, 0x6e, 0x2f, 0x73, 0x69, 0x6d, 0x70, 0x6c, 0x65, 0x5f,
  0x72, 0x6e, 0x6e, 0x5f, 0x63, 0x65, 0x6c, 0x6c, 0x2f, 0x4d, 0x61, 0x74,
  0x4d, 0x75, 0x6c, 0x5f, 0x32, 0x31, 0x00, 0x00, 0x02, 0x00, 0x00, 0x00,
  0x01, 0x00, 0x00, 0x00, 0x32, 0x00, 0x00, 0x00, 0xd2, 0x9b, 0xff, 0xff,
  0x00, 0x00, 0x00, 0x01, 0x18, 0x00, 0x00, 0x00, 0x20, 0x00, 0x00, 0x00,
  0x40, 0x00, 0x00, 0x00, 0x6c, 0x00, 0x00, 0x00, 0x00, 0x00, 0x00, 0x09,
  0x88, 0x00, 0x00, 0x00, 0x02, 0x00, 0x00, 0x00, 0xff, 0xff, 0xff, 0xff,
  0x32, 0x00, 0x00, 0x00, 0xe4, 0x8c, 0xff, 0xff, 0x08, 0x00, 0x00, 0x00,
  0x14, 0x00, 0x00, 0x00, 0x01, 0x00, 0x00, 0x00, 0x80, 0xff, 0xff, 0xff,
  0xff, 0xff, 0xff, 0xff, 0x00, 0x00, 0x00, 0x00, 0x01, 0x00, 0x00, 0x00,
  0xa5, 0xcc, 0xcd, 0x3b, 0x4e, 0x00, 0x00, 0x00, 0x6d, 0x6f, 0x64, 0x65,
  0x6c, 0x2f, 0x73, 0x69, 0x6d, 0x70, 0x6c, 0x65, 0x5f, 0x72, 0x6e, 0x6e,
  0x2f, 0x73, 0x69, 0x6d, 0x70, 0x6c, 0x65, 0x5f, 0x72, 0x6e, 0x6e, 0x5f,
  0x63, 0x65, 0x6c, 0x6c, 0x2f, 0x52, 0x65, 0x6c, 0x75, 0x5f, 0x39, 0x3b,
  0x6d, 0x6f, 0x64, 0x65, 0x6c, 0x2f, 0x73, 0x69, 0x6d, 0x70, 0x6c, 0x65,
  0x5f, 0x72, 0x6e, 0x6e, 0x2f, 0x73, 0x69, 0x6d, 0x70, 0x6c, 0x65, 0x5f,
  0x72, 0x6e, 0x6e, 0x5f, 0x63, 0x65, 0x6c, 0x6c, 0x2f, 0x61, 0x64, 0x64,
  0x5f, 0x39, 0x00, 0x00, 0x02, 0x00, 0x00, 0x00, 0x01, 0x00, 0x00, 0x00,
  0x32, 0x00, 0x00, 0x00, 0x82, 0x9c, 0xff, 0xff, 0x00, 0x00, 0x00, 0x01,
  0x18, 0x00, 0x00, 0x00, 0x20, 0x00, 0x00, 0x00, 0x3c, 0x00, 0x00, 0x00,
  0x6b, 0x00, 0x00, 0x00, 0x00, 0x00, 0x00, 0x09, 0x60, 0x00, 0x00, 0x00,
  0x02, 0x00, 0x00, 0x00, 0xff, 0xff, 0xff, 0xff, 0x32, 0x00, 0x00, 0x00,
  0x94, 0x8d, 0xff, 0xff, 0x08, 0x00, 0x00, 0x00, 0x10, 0x00, 0x00, 0x00,
  0x01, 0x00, 0x00, 0x00, 0xfb, 0xff, 0xff, 0xff, 0xff, 0xff, 0xff, 0xff,
  0x01, 0x00, 0x00, 0x00, 0x21, 0x2f, 0x77, 0x3c, 0x2a, 0x00, 0x00, 0x00,
  0x6d, 0x6f, 0x64, 0x65, 0x6c, 0x2f, 0x73, 0x69, 0x6d, 0x70, 0x6c, 0x65,
  0x5f, 0x72, 0x6e, 0x6e, 0x2f, 0x73, 0x69, 0x6d, 0x70, 0x6c, 0x65, 0x5f,
  0x72, 0x6e, 0x6e, 0x5f, 0x63, 0x65, 0x6c, 0x6c, 0x2f, 0x4d, 0x61, 0x74,
  0x4d, 0x75, 0x6c, 0x5f, 0x31, 0x39, 0x00, 0x00, 0x02, 0x00, 0x00, 0x00,
  0x01, 0x00, 0x00, 0x00, 0x32, 0x00, 0x00, 0x00, 0x0a, 0x9d, 0xff, 0xff,
  0x00, 0x00, 0x00, 0x01, 0x18, 0x00, 0x00, 0x00, 0x20, 0x00, 0x00, 0x00,
  0x40, 0x00, 0x00, 0x00, 0x6a, 0x00, 0x00, 0x00, 0x00, 0x00, 0x00, 0x09,
  0x88, 0x00, 0x00, 0x00, 0x02, 0x00, 0x00, 0x00, 0xff, 0xff, 0xff, 0xff,
  0x32, 0x00, 0x00, 0x00, 0x1c, 0x8e, 0xff, 0xff, 0x08, 0x00, 0x00, 0x00,
  0x14, 0x00, 0x00, 0x00, 0x01, 0x00, 0x00, 0x00, 0x80, 0xff, 0xff, 0xff,
  0xff, 0xff, 0xff, 0xff, 0x00, 0x00, 0x00, 0x00, 0x01, 0x00, 0x00, 0x00,
  0x61, 0x83, 0xce, 0x3b, 0x4e, 0x00, 0x00, 0x00, 0x6d, 0x6f, 0x64, 0x65,
  0x6c, 0x2f, 0x73, 0x69, 0x6d, 0x70, 0x6c, 0x65, 0x5f, 0x72, 0x6e, 0x6e,
  0x2f, 0x73, 0x69, 0x6d, 0x70, 0x6c, 0x65, 0x5f, 0x72, 0x6e, 0x6e, 0x5f,
  0x63, 0x65, 0x6c, 0x6c, 0x2f, 0x52, 0x65, 0x6c, 0x75, 0x5f, 0x38, 0x3b,
  0x6d, 0x6f, 0x64, 0x65, 0x6c, 0x2f, 0x73, 0x69, 0x6d, 0x70, 0x6c, 0x65,
  0x5f, 0x72, 0x6e, 0x6e, 0x2f, 0x73, 0x69, 0x6d, 0x70, 0x6c, 0x65, 0x5f,
  0x72, 0x6e, 0x6e, 0x5f, 0x63, 0x65, 0x6c, 0x6c, 0x2f, 0x61, 0x64, 0x64,
  0x5f, 0x38, 0x00, 0x00, 0x02, 0x00, 0x00, 0x00, 0x01, 0x00, 0x00, 0x00,
  0x32, 0x00, 0x00, 0x00, 0xba, 0x9d, 0xff, 0xff, 0x00, 0x00, 0x00, 0x01,
  0x18, 0x00, 0x00, 0x00, 0x20, 0x00, 0x00, 0x00, 0x3c, 0x00, 0x00, 0x00,
  0x69, 0x00, 0x00, 0x00, 0x00, 0x00, 0x00, 0x09, 0x60, 0x00, 0x00, 0x00,
  0x02, 0x00, 0x00, 0x00, 0xff, 0xff, 0xff, 0xff, 0x32, 0x00, 0x00, 0x00,
  0xcc, 0x8e, 0xff, 0xff, 0x08, 0x00, 0x00, 0x00, 0x10, 0x00, 0x00, 0x00,
  0x01, 0x00, 0x00, 0x00, 0xf7, 0xff, 0xff, 0xff, 0xff, 0xff, 0xff, 0xff,
  0x01, 0x00, 0x00, 0x00, 0x64, 0x3a, 0x69, 0x3c, 0x2a, 0x00, 0x00, 0x00,
  0x6d, 0x6f, 0x64, 0x65, 0x6c, 0x2f, 0x73, 0x69, 0x6d, 0x70, 0x6c, 0x65,
  0x5f, 0x72, 0x6e, 0x6e, 0x2f, 0x73, 0x69, 0x6d, 0x70, 0x6c, 0x65, 0x5f,
  0x72, 0x6e, 0x6e, 0x5f, 0x63, 0x65, 0x6c, 0x6c, 0x2f, 0x4d, 0x61, 0x74,
  0x4d, 0x75, 0x6c, 0x5f, 0x31, 0x37, 0x00, 0x00, 0x02, 0x00, 0x00, 0x00,
  0x01, 0x00, 0x00, 0x00, 0x32, 0x00, 0x00, 0x00, 0x42, 0x9e, 0xff, 0xff,
  0x00, 0x00, 0x00, 0x01, 0x18, 0x00, 0x00, 0x00, 0x20, 0x00, 0x00, 0x00,
  0x40, 0x00, 0x00, 0x00, 0x68, 0x00, 0x00, 0x00, 0x00, 0x00, 0x00, 0x09,
  0x88, 0x00, 0x00, 0x00, 0x02, 0x00, 0x00, 0x00, 0xff, 0xff, 0xff, 0xff,
  0x32, 0x00, 0x00, 0x00, 0x54, 0x8f, 0xff, 0xff, 0x08, 0x00, 0x00, 0x00,
  0x14, 0x00, 0x00, 0x00, 0x01, 0x00, 0x00, 0x00, 0x80, 0xff, 0xff, 0xff,
  0xff, 0xff, 0xff, 0xff, 0x00, 0x00, 0x00, 0x00, 0x01, 0x00, 0x00, 0x00,
  0x78, 0x99, 0xd6, 0x3b, 0x4e, 0x00, 0x00, 0x00, 0x6d, 0x6f, 0x64, 0x65,
  0x6c, 0x2f, 0x73, 0x69, 0x6d, 0x70, 0x6c, 0x65, 0x5f, 0x72, 0x6e, 0x6e,
  0x2f, 0x73, 0x69, 0x6d, 0x70, 0x6c, 0x65, 0x5f, 0x72, 0x6e, 0x6e, 0x5f,
  0x63, 0x65, 0x6c, 0x6c, 0x2f, 0x52, 0x65, 0x6c, 0x75, 0x5f, 0x37, 0x3b,
  0x6d, 0x6f, 0x64, 0x65, 0x6c, 0x2f, 0x73, 0x69, 0x6d, 0x70, 0x6c, 0x65,
  0x5f, 0x72, 0x6e, 0x6e, 0x2f, 0x73, 0x69, 0x6d, 0x70, 0x6c, 0x65, 0x5f,
  0x72, 0x6e, 0x6e, 0x5f, 0x63, 0x65, 0x6c, 0x6c, 0x2f, 0x61, 0x64, 0x64,
  0x5f, 0x37, 0x00, 0x00, 0x02, 0x00, 0x00, 0x00, 0x01, 0x00, 0x00, 0x00,
  0x32, 0x00, 0x00, 0x00, 0xf2, 0x9e, 0xff, 0xff, 0x00, 0x00, 0x00, 0x01,
  0x18, 0x00, 0x00, 0x00, 0x20, 0x00, 0x00, 0x00, 0x3c, 0x00, 0x00, 0x00,
  0x67, 0x00, 0x00, 0x00, 0x00, 0x00, 0x00, 0x09, 0x60, 0x00, 0x00, 0x00,
  0x02, 0x00, 0x00, 0x00, 0xff, 0xff, 0xff, 0xff, 0x32, 0x00, 0x00, 0x00,
  0x04, 0x90, 0xff, 0xff, 0x08, 0x00, 0x00, 0x00, 0x10, 0x00, 0x00, 0x00,
  0x01, 0x00, 0x00, 0x00, 0xfb, 0xff, 0xff, 0xff, 0xff, 0xff, 0xff, 0xff,
  0x01, 0x00, 0x00, 0x00, 0x03, 0x8b, 0x5e, 0x3c, 0x2a, 0x00, 0x00, 0x00,
  0x6d, 0x6f, 0x64, 0x65, 0x6c, 0x2f, 0x73, 0x69, 0x6d, 0x70, 0x6c, 0x65,
  0x5f, 0x72, 0x6e, 0x6e, 0x2f, 0x73, 0x69, 0x6d, 0x70, 0x6c, 0x65, 0x5f,
  0x72, 0x6e, 0x6e, 0x5f, 0x63, 0x65, 0x6c, 0x6c, 0x2f, 0x4d, 0x61, 0x74,
  0x4d, 0x75, 0x6c, 0x5f, 0x31, 0x35, 0x00, 0x00, 0x02, 0x00, 0x00, 0x00,
  0x01, 0x00, 0x00, 0x00, 0x32, 0x00, 0x00, 0x00, 0x7a, 0x9f, 0xff, 0xff,
  0x00, 0x00, 0x00, 0x01, 0x18, 0x00, 0x00, 0x00, 0x20, 0x00, 0x00, 0x00,
  0x40, 0x00, 0x00, 0x00, 0x66, 0x00, 0x00, 0x00, 0x00, 0x00, 0x00, 0x09,
  0x88, 0x00, 0x00, 0x00, 0x02, 0x00, 0x00, 0x00, 0xff, 0xff, 0xff, 0xff,
  0x32, 0x00, 0x00, 0x00, 0x8c, 0x90, 0xff, 0xff, 0x08, 0x00, 0x00, 0x00,
  0x14, 0x00, 0x00, 0x00, 0x01, 0x00, 0x00, 0x00, 0x80, 0xff, 0xff, 0xff,
  0xff, 0xff, 0xff, 0xff, 0x00, 0x00, 0x00, 0x00, 0x01, 0x00, 0x00, 0x00,
  0xc4, 0x97, 0xda, 0x3b, 0x4e, 0x00, 0x00, 0x00, 0x6d, 0x6f, 0x64, 0x65,
  0x6c, 0x2f, 0x73, 0x69, 0x6d, 0x70, 0x6c, 0x65, 0x5f, 0x72, 0x6e, 0x6e,
  0x2f, 0x73, 0x69, 0x6d, 0x70, 0x6c, 0x65, 0x5f, 0x72, 0x6e, 0x6e, 0x5f,
  0x63, 0x65, 0x6c, 0x6c, 0x2f, 0x52, 0x65, 0x6c, 0x75, 0x5f, 0x36, 0x3b,
  0x6d, 0x6f, 0x64, 0x65, 0x6c, 0x2f, 0x73, 0x69, 0x6d, 0x70, 0x6c, 0x65,
  0x5f, 0x72, 0x6e, 0x6e, 0x2f, 0x73, 0x69, 0x6d, 0x70, 0x6c, 0x65, 0x5f,
  0x72, 0x6e, 0x6e, 0x5f, 0x63, 0x65, 0x6c, 0x6c, 0x2f, 0x61, 0x64, 0x64,
  0x5f, 0x36, 0x00, 0x00, 0x02, 0x00, 0x00, 0x00, 0x01, 0x00, 0x00, 0x00,
  0x32, 0x00, 0x00, 0x00, 0x2a, 0xa0, 0xff, 0xff, 0x00, 0x00, 0x00, 0x01,
  0x18, 0x00, 0x00, 0x00, 0x20, 0x00, 0x00, 0x00, 0x3c, 0x00, 0x00, 0x00,
  0x65, 0x00, 0x00, 0x00, 0x00, 0x00, 0x00, 0x09, 0x60, 0x00, 0x00, 0x00,
  0x02, 0x00, 0x00, 0x00, 0xff, 0xff, 0xff, 0xff, 0x32, 0x00, 0x00, 0x00,
  0x3c, 0x91, 0xff, 0xff, 0x08, 0x00, 0x00, 0x00, 0x10, 0x00, 0x00, 0x00,
  0x01, 0x00, 0x00, 0x00, 0xff, 0xff, 0xff, 0xff, 0xff, 0xff, 0xff, 0xff,
  0x01, 0x00, 0x00, 0x00, 0xc8, 0x08, 0x4b, 0x3c, 0x2a, 0x00, 0x00, 0x00,
  0x6d, 0x6f, 0x64, 0x65, 0x6c, 0x2f, 0x73, 0x69, 0x6d, 0x70, 0x6c, 0x65,
  0x5f, 0x72, 0x6e, 0x6e, 0x2f, 0x73, 0x69, 0x6d, 0x70, 0x6c, 0x65, 0x5f,
  0x72, 0x6e, 0x6e, 0x5f, 0x63, 0x65, 0x6c, 0x6c, 0x2f, 0x4d, 0x61, 0x74,
  0x4d, 0x75, 0x6c, 0x5f, 0x31, 0x33, 0x00, 0x00, 0x02, 0x00, 0x00, 0x00,
  0x01, 0x00, 0x00, 0x00, 0x32, 0x00, 0x00, 0x00, 0xb2, 0xa0, 0xff, 0xff,
  0x00, 0x00, 0x00, 0x01, 0x18, 0x00, 0x00, 0x00, 0x20, 0x00, 0x00, 0x00,
  0x40, 0x00, 0x00, 0x00, 0x64, 0x00, 0x00, 0x00, 0x00, 0x00, 0x00, 0x09,
  0x88, 0x00, 0x00, 0x00, 0x02, 0x00, 0x00, 0x00, 0xff, 0xff, 0xff, 0xff,
  0x32, 0x00, 0x00, 0x00, 0xc4, 0x91, 0xff, 0xff, 0x08, 0x00, 0x00, 0x00,
  0x14, 0x00, 0x00, 0x00, 0x01, 0x00, 0x00, 0x00, 0x80, 0xff, 0xff, 0xff,
  0xff, 0xff, 0xff, 0xff, 0x00, 0x00, 0x00, 0x00, 0x01, 0x00, 0x00, 0x00,
  0x6c, 0xa0, 0xec, 0x3b, 0x4e, 0x00, 0x00, 0x00, 0x6d, 0x6f, 0x64, 0x65,
  0x6c, 0x2f, 0x73, 0x69, 0x6d, 0x70, 0x6c, 0x65, 0x5f, 0x72, 0x6e, 0x6e,
  0x2f, 0x73, 0x69, 0x6d, 0x70, 0x6c, 0x65, 0x5f, 0x72, 0x6e, 0x6e, 0x5f,
  0x63, 0x65, 0x6c, 0x6c, 0x2f, 0x52, 0x65, 0x6c, 0x75, 0x5f, 0x35, 0x3b,
  0x6d, 0x6f, 0x64, 0x65, 0x6c, 0x2f, 0x73, 0x69, 0x6d, 0x70, 0x6c, 0x65,
  0x5f, 0x72, 0x6e, 0x6e, 0x2f, 0x73, 0x69, 0x6d, 0x70, 0x6c, 0x65, 0x5f,
  0x72, 0x6e, 0x6e, 0x5f, 0x63, 0x65, 0x6c, 0x6c, 0x2f, 0x61, 0x64, 0x64,
  0x5f, 0x35, 0x00, 0x00, 0x02, 0x00, 0x00, 0x00, 0x01, 0x00, 0x00, 0x00,
  0x32, 0x00, 0x00, 0x00, 0x62, 0xa1, 0xff, 0xff, 0x00, 0x00, 0x00, 0x01,
  0x18, 0x00, 0x00, 0x00, 0x20, 0x00, 0x00, 0x00, 0x3c, 0x00, 0x00, 0x00,
  0x63, 0x00, 0x00, 0x00, 0x00, 0x00, 0x00, 0x09, 0x60, 0x00, 0x00, 0x00,
  0x02, 0x00, 0x00, 0x00, 0xff, 0xff, 0xff, 0xff, 0x32, 0x00, 0x00, 0x00,
  0x74, 0x92, 0xff, 0xff, 0x08, 0x00, 0x00, 0x00, 0x10, 0x00, 0x00, 0x00,
  0x01, 0x00, 0x00, 0x00, 0x0a, 0x00, 0x00, 0x00, 0x00, 0x00, 0x00, 0x00,
  0x01, 0x00, 0x00, 0x00, 0xb9, 0x30, 0x46, 0x3c, 0x2b, 0x00, 0x00, 0x00,
  0x6d, 0x6f, 0x64, 0x65, 0x6c, 0x2f, 0x73, 0x69, 0x6d, 0x70, 0x6c, 0x65,
  0x5f, 0x72, 0x6e, 0x6e, 0x2f, 0x73, 0x69, 0x6d, 0x70, 0x6c, 0x65, 0x5f,
  0x72, 0x6e, 0x6e, 0x5f, 0x63, 0x65, 0x6c, 0x6c, 0x2f, 0x4d, 0x61, 0x74,
  0x4d, 0x75, 0x6c, 0x5f, 0x31, 0x31, 0x31, 0x00, 0x02, 0x00, 0x00, 0x00,
  0x01, 0x00, 0x00, 0x00, 0x32, 0x00, 0x00, 0x00, 0xea, 0xa1, 0xff, 0xff,
  0x00, 0x00, 0x00, 0x01, 0x18, 0x00, 0x00, 0x00, 0x20, 0x00, 0x00, 0x00,
  0x40, 0x00, 0x00, 0x00, 0x62, 0x00, 0x00, 0x00, 0x00, 0x00, 0x00, 0x09,
  0x88, 0x00, 0x00, 0x00, 0x02, 0x00, 0x00, 0x00, 0xff, 0xff, 0xff, 0xff,
  0x32, 0x00, 0x00, 0x00, 0xfc, 0x92, 0xff, 0xff, 0x08, 0x00, 0x00, 0x00,
  0x14, 0x00, 0x00, 0x00, 0x01, 0x00, 0x00, 0x00, 0x80, 0xff, 0xff, 0xff,
  0xff, 0xff, 0xff, 0xff, 0x00, 0x00, 0x00, 0x00, 0x01, 0x00, 0x00, 0x00,
  0x5b, 0xf3, 0xf9, 0x3b, 0x4e, 0x00, 0x00, 0x00, 0x6d, 0x6f, 0x64, 0x65,
  0x6c, 0x2f, 0x73, 0x69, 0x6d, 0x70, 0x6c, 0x65, 0x5f, 0x72, 0x6e, 0x6e,
  0x2f, 0x73, 0x69, 0x6d, 0x70, 0x6c, 0x65, 0x5f, 0x72, 0x6e, 0x6e, 0x5f,
  0x63, 0x65, 0x6c, 0x6c, 0x2f, 0x52, 0x65, 0x6c, 0x75, 0x5f, 0x34, 0x3b,
  0x6d, 0x6f, 0x64, 0x65, 0x6c, 0x2f, 0x73, 0x69, 0x6d, 0x70, 0x6c, 0x65,
  0x5f, 0x72, 0x6e, 0x6e, 0x2f, 0x73, 0x69, 0x6d, 0x70, 0x6c, 0x65, 0x5f,
  0x72, 0x6e, 0x6e, 0x5f, 0x63, 0x65, 0x6c, 0x6c, 0x2f, 0x61, 0x64, 0x64,
  0x5f, 0x34, 0x00, 0x00, 0x02, 0x00, 0x00, 0x00, 0x01, 0x00, 0x00, 0x00,
  0x32, 0x00, 0x00, 0x00, 0x9a, 0xa2, 0xff, 0xff, 0x00, 0x00, 0x00, 0x01,
  0x18, 0x00, 0x00, 0x00, 0x20, 0x00, 0x00, 0x00, 0x40, 0x00, 0x00, 0x00,
  0x61, 0x00, 0x00, 0x00, 0x00, 0x00, 0x00, 0x09, 0x90, 0x00, 0x00, 0x00,
  0x02, 0x00, 0x00, 0x00, 0xff, 0xff, 0xff, 0xff, 0x32, 0x00, 0x00, 0x00,
  0xac, 0x93, 0xff, 0xff, 0x08, 0x00, 0x00, 0x00, 0x14, 0x00, 0x00, 0x00,
  0x01, 0x00, 0x00, 0x00, 0xfe, 0xff, 0xff, 0xff, 0xff, 0xff, 0xff, 0xff,
  0x00, 0x00, 0x00, 0x00, 0x01, 0x00, 0x00, 0x00, 0xbd, 0xb0, 0x17, 0x3c,
  0x54, 0x00, 0x00, 0x00, 0x6d, 0x6f, 0x64, 0x65, 0x6c, 0x2f, 0x73, 0x69,
  0x6d, 0x70, 0x6c, 0x65, 0x5f, 0x72, 0x6e, 0x6e, 0x2f, 0x73, 0x69, 0x6d,
  0x70, 0x6c, 0x65, 0x5f, 0x72, 0x6e, 0x6e, 0x5f, 0x63, 0x65, 0x6c, 0x6c,
  0x2f, 0x4d, 0x61, 0x74, 0x4d, 0x75, 0x6c, 0x5f, 0x38, 0x3b, 0x6d, 0x6f,
  0x64, 0x65, 0x6c, 0x2f, 0x73, 0x69, 0x6d, 0x70, 0x6c, 0x65, 0x5f, 0x72,
  0x6e, 0x6e, 0x2f, 0x73, 0x69, 0x6d, 0x70, 0x6c, 0x65, 0x5f, 0x72, 0x6e,
  0x6e, 0x5f, 0x63, 0x65, 0x6c, 0x6c, 0x2f, 0x42, 0x69, 0x61, 0x73, 0x41,
  0x64, 0x64, 0x5f, 0x34, 0x00, 0x00, 0x00, 0x00, 0x02, 0x00, 0x00, 0x00,
  0x01, 0x00, 0x00, 0x00, 0x32, 0x00, 0x00, 0x00, 0x52, 0xa3, 0xff, 0xff,
  0x00, 0x00, 0x00, 0x01, 0x18, 0x00, 0x00, 0x00, 0x20, 0x00, 0x00, 0x00,
  0x3c, 0x00, 0x00, 0x00, 0x60, 0x00, 0x00, 0x00, 0x00, 0x00, 0x00, 0x09,
  0x60, 0x00, 0x00, 0x00, 0x02, 0x00, 0x00, 0x00, 0xff, 0xff, 0xff, 0xff,
  0x32, 0x00, 0x00, 0x00, 0x64, 0x94, 0xff, 0xff, 0x08, 0x00, 0x00, 0x00,
  0x10, 0x00, 0x00, 0x00, 0x01, 0x00, 0x00, 0x00, 0x13, 0x00, 0x00, 0x00,
  0x00, 0x00, 0x00, 0x00, 0x01, 0x00, 0x00, 0x00, 0x53, 0x94, 0x4b, 0x3c,
  0x29, 0x00, 0x00, 0x00, 0x6d, 0x6f, 0x64, 0x65, 0x6c, 0x2f, 0x73, 0x69,
  0x6d, 0x70, 0x6c, 0x65, 0x5f, 0x72, 0x6e, 0x6e, 0x2f, 0x73, 0x69, 0x6d,
  0x70, 0x6c, 0x65, 0x5f, 0x72, 0x6e, 0x6e, 0x5f, 0x63, 0x65, 0x6c, 0x6c,
  0x2f, 0x4d, 0x61, 0x74, 0x4d, 0x75, 0x6c, 0x5f, 0x39, 0x00, 0x00, 0x00,
  0x02, 0x00, 0x00, 0x00, 0x01, 0x00, 0x00, 0x00, 0x32, 0x00, 0x00, 0x00,
  0xda, 0xa3, 0xff, 0xff, 0x00, 0x00, 0x00, 0x01, 0x18, 0x00, 0x00, 0x00,
  0x20, 0x00, 0x00, 0x00, 0x40, 0x00, 0x00, 0x00, 0x5f, 0x00, 0x00, 0x00,
  0x00, 0x00, 0x00, 0x09, 0x88, 0x00, 0x00, 0x00, 0x02, 0x00, 0x00, 0x00,
  0xff, 0xff, 0xff, 0xff, 0x32, 0x00, 0x00, 0x00, 0xec, 0x94, 0xff, 0xff,
  0x08, 0x00, 0x00, 0x00, 0x14, 0x00, 0x00, 0x00, 0x01, 0x00, 0x00, 0x00,
  0x80, 0xff, 0xff, 0xff, 0xff, 0xff, 0xff, 0xff, 0x00, 0x00, 0x00, 0x00,
  0x01, 0x00, 0x00, 0x00, 0xe3, 0x76, 0xfa, 0x3b, 0x4e, 0x00, 0x00, 0x00,
  0x6d, 0x6f, 0x64, 0x65, 0x6c, 0x2f, 0x73, 0x69, 0x6d, 0x70, 0x6c, 0x65,
  0x5f, 0x72, 0x6e, 0x6e, 0x2f, 0x73, 0x69, 0x6d, 0x70, 0x6c, 0x65, 0x5f,
  0x72, 0x6e, 0x6e, 0x5f, 0x63, 0x65, 0x6c, 0x6c, 0x2f, 0x52, 0x65, 0x6c,
  0x75, 0x5f, 0x33, 0x3b, 0x6d, 0x6f, 0x64, 0x65, 0x6c, 0x2f, 0x73, 0x69,
  0x6d, 0x70, 0x6c, 0x65, 0x5f, 0x72, 0x6e, 0x6e, 0x2f, 0x73, 0x69, 0x6d,
  0x70, 0x6c, 0x65, 0x5f, 0x72, 0x6e, 0x6e, 0x5f, 0x63, 0x65, 0x6c, 0x6c,
  0x2f, 0x61, 0x64, 0x64, 0x5f, 0x33, 0x00, 0x00, 0x02, 0x00, 0x00, 0x00,
  0x01, 0x00, 0x00, 0x00, 0x32, 0x00, 0x00, 0x00, 0x8a, 0xa4, 0xff, 0xff,
  0x00, 0x00, 0x00, 0x01, 0x18, 0x00, 0x00, 0x00, 0x20, 0x00, 0x00, 0x00,
  0x40, 0x00, 0x00, 0x00, 0x5e, 0x00, 0x00, 0x00, 0x00, 0x00, 0x00, 0x09,
  0x90, 0x00, 0x00, 0x00, 0x02, 0x00, 0x00, 0x00, 0xff, 0xff, 0xff, 0xff,
  0x32, 0x00, 0x00, 0x00, 0x9c, 0x95, 0xff, 0xff, 0x08, 0x00, 0x00, 0x00,
  0x14, 0x00, 0x00, 0x00, 0x01, 0x00, 0x00, 0x00, 0xfe, 0xff, 0xff, 0xff,
  0xff, 0xff, 0xff, 0xff, 0x00, 0x00, 0x00, 0x00, 0x01, 0x00, 0x00, 0x00,
  0xbd, 0xb0, 0x17, 0x3c, 0x54, 0x00, 0x00, 0x00, 0x6d, 0x6f, 0x64, 0x65,
  0x6c, 0x2f, 0x73, 0x69, 0x6d, 0x70, 0x6c, 0x65, 0x5f, 0x72, 0x6e, 0x6e,
  0x2f, 0x73, 0x69, 0x6d, 0x70, 0x6c, 0x65, 0x5f, 0x72, 0x6e, 0x6e, 0x5f,
  0x63, 0x65, 0x6c, 0x6c, 0x2f, 0x4d, 0x61, 0x74, 0x4d, 0x75, 0x6c, 0x5f,
  0x36, 0x3b, 0x6d, 0x6f, 0x64, 0x65, 0x6c, 0x2f, 0x73, 0x69, 0x6d, 0x70,
  0x6c, 0x65, 0x5f, 0x72, 0x6e, 0x6e, 0x2f, 0x73, 0x69, 0x6d, 0x70, 0x6c,
  0x65, 0x5f, 0x72, 0x6e, 0x6e, 0x5f, 0x63, 0x65, 0x6c, 0x6c, 0x2f, 0x42,
  0x69, 0x61, 0x73, 0x41, 0x64, 0x64, 0x5f, 0x33, 0x00, 0x00, 0x00, 0x00,
  0x02, 0x00, 0x00, 0x00, 0x01, 0x00, 0x00, 0x00, 0x32, 0x00, 0x00, 0x00,
  0x42, 0xa5, 0xff, 0xff, 0x00, 0x00, 0x00, 0x01, 0x18, 0x00, 0x00, 0x00,
  0x20, 0x00, 0x00, 0x00, 0x40, 0x00, 0x00, 0x00, 0x5d, 0x00, 0x00, 0x00,
  0x00, 0x00, 0x00, 0x09, 0x90, 0x00, 0x00, 0x00, 0x02, 0x00, 0x00, 0x00,
  0xff, 0xff, 0xff, 0xff, 0x32, 0x00, 0x00, 0x00, 0x54, 0x96, 0xff, 0xff,
  0x08, 0x00, 0x00, 0x00, 0x14, 0x00, 0x00, 0x00, 0x01, 0x00, 0x00, 0x00,
  0xfe, 0xff, 0xff, 0xff, 0xff, 0xff, 0xff, 0xff, 0x00, 0x00, 0x00, 0x00,
  0x01, 0x00, 0x00, 0x00, 0xbd, 0xb0, 0x17, 0x3c, 0x56, 0x00, 0x00, 0x00,
  0x6d, 0x6f, 0x64, 0x65, 0x6c, 0x2f, 0x73, 0x69, 0x6d, 0x70, 0x6c, 0x65,
  0x5f, 0x72, 0x6e, 0x6e, 0x2f, 0x73, 0x69, 0x6d, 0x70, 0x6c, 0x65, 0x5f,
  0x72, 0x6e, 0x6e, 0x5f, 0x63, 0x65, 0x6c, 0x6c, 0x2f, 0x4d, 0x61, 0x74,
  0x4d, 0x75, 0x6c, 0x5f, 0x34, 0x36, 0x3b, 0x6d, 0x6f, 0x64, 0x65, 0x6c,
  0x2f, 0x73, 0x69, 0x6d, 0x70, 0x6c, 0x65, 0x5f, 0x72, 0x6e, 0x6e, 0x2f,
  0x73, 0x69, 0x6d, 0x70, 0x6c, 0x65, 0x5f, 0x72, 0x6e, 0x6e, 0x5f, 0x63,
  0x65, 0x6c, 0x6c, 0x2f, 0x42, 0x69, 0x61, 0x73, 0x41, 0x64, 0x64, 0x5f,
  0x32, 0x33, 0x00, 0x00, 0x02, 0x00, 0x00, 0x00, 0x01, 0x00, 0x00, 0x00,
  0x32, 0x00, 0x00, 0x00, 0xfa, 0xa5, 0xff, 0xff, 0x00, 0x00, 0x00, 0x01,
  0x18, 0x00, 0x00, 0x00, 0x20, 0x00, 0x00, 0x00, 0x40, 0x00, 0x00, 0x00,
  0x5c, 0x00, 0x00, 0x00, 0x00, 0x00, 0x00, 0x09, 0x90, 0x00, 0x00, 0x00,
  0x02, 0x00, 0x00, 0x00, 0xff, 0xff, 0xff, 0xff, 0x32, 0x00, 0x00, 0x00,
  0x0c, 0x97, 0xff, 0xff, 0x08, 0x00, 0x00, 0x00, 0x14, 0x00, 0x00, 0x00,
  0x01, 0x00, 0x00, 0x00, 0xfe, 0xff, 0xff, 0xff, 0xff, 0xff, 0xff, 0xff,
  0x00, 0x00, 0x00, 0x00, 0x01, 0x00, 0x00, 0x00, 0xbd, 0xb0, 0x17, 0x3c,
  0x56, 0x00, 0x00, 0x00, 0x6d, 0x6f, 0x64, 0x65, 0x6c, 0x2f, 0x73, 0x69,
  0x6d, 0x70, 0x6c, 0x65, 0x5f, 0x72, 0x6e, 0x6e, 0x2f, 0x73, 0x69, 0x6d,
  0x70, 0x6c, 0x65, 0x5f, 0x72, 0x6e, 0x6e, 0x5f, 0x63, 0x65, 0x6c, 0x6c,
  0x2f, 0x4d, 0x61, 0x74, 0x4d, 0x75, 0x6c, 0x5f, 0x34, 0x34, 0x3b, 0x6d,
  0x6f, 0x64, 0x65, 0x6c, 0x2f, 0x73, 0x69, 0x6d, 0x70, 0x6c, 0x65, 0x5f,
  0x72, 0x6e, 0x6e, 0x2f, 0x73, 0x69, 0x6d, 0x70, 0x6c, 0x65, 0x5f, 0x72,
  0x6e, 0x6e, 0x5f, 0x63, 0x65, 0x6c, 0x6c, 0x2f, 0x42, 0x69, 0x61, 0x73,
  0x41, 0x64, 0x64, 0x5f, 0x32, 0x32, 0x00, 0x00, 0x02, 0x00, 0x00, 0x00,
  0x01, 0x00, 0x00, 0x00, 0x32, 0x00, 0x00, 0x00, 0xb2, 0xa6, 0xff, 0xff,
  0x00, 0x00, 0x00, 0x01, 0x18, 0x00, 0x00, 0x00, 0x20, 0x00, 0x00, 0x00,
  0x40, 0x00, 0x00, 0x00, 0x5b, 0x00, 0x00, 0x00, 0x00, 0x00, 0x00, 0x09,
  0x90, 0x00, 0x00, 0x00, 0x02, 0x00, 0x00, 0x00, 0xff, 0xff, 0xff, 0xff,
  0x32, 0x00, 0x00, 0x00, 0xc4, 0x97, 0xff, 0xff, 0x08, 0x00, 0x00, 0x00,
  0x14, 0x00, 0x00, 0x00, 0x01, 0x00, 0x00, 0x00, 0xfe, 0xff, 0xff, 0xff,
  0xff, 0xff, 0xff, 0xff, 0x00, 0x00, 0x00, 0x00, 0x01, 0x00, 0x00, 0x00,
  0xbd, 0xb0, 0x17, 0x3c, 0x56, 0x00, 0x00, 0x00, 0x6d, 0x6f, 0x64, 0x65,
  0x6c, 0x2f, 0x73, 0x69, 0x6d, 0x70, 0x6c, 0x65, 0x5f, 0x72, 0x6e, 0x6e,
  0x2f, 0x73, 0x69, 0x6d, 0x70, 0x6c, 0x65, 0x5f, 0x72, 0x6e, 0x6e, 0x5f,
  0x63, 0x65, 0x6c, 0x6c, 0x2f, 0x4d, 0x61, 0x74, 0x4d, 0x75, 0x6c, 0x5f,
  0x34, 0x32, 0x3b, 0x6d, 0x6f, 0x64, 0x65, 0x6c, 0x2f, 0x73, 0x69, 0x6d,
  0x70, 0x6c, 0x65, 0x5f, 0x72, 0x6e, 0x6e, 0x2f, 0x73, 0x69, 0x6d, 0x70,
  0x6c, 0x65, 0x5f, 0x72, 0x6e, 0x6e, 0x5f, 0x63, 0x65, 0x6c, 0x6c, 0x2f,
  0x42, 0x69, 0x61, 0x73, 0x41, 0x64, 0x64, 0x5f, 0x32, 0x31, 0x00, 0x00,
  0x02, 0x00, 0x00, 0x00, 0x01, 0x00, 0x00, 0x00, 0x32, 0x00, 0x00, 0x00,
  0x6a, 0xa7, 0xff, 0xff, 0x00, 0x00, 0x00, 0x01, 0x18, 0x00, 0x00, 0x00,
  0x20, 0x00, 0x00, 0x00, 0x40, 0x00, 0x00, 0x00, 0x5a, 0x00, 0x00, 0x00,
  0x00, 0x00, 0x00, 0x09, 0x90, 0x00, 0x00, 0x00, 0x02, 0x00, 0x00, 0x00,
  0xff, 0xff, 0xff, 0xff, 0x32, 0x00, 0x00, 0x00, 0x7c, 0x98, 0xff, 0xff,
  0x08, 0x00, 0x00, 0x00, 0x14, 0x00, 0x00, 0x00, 0x01, 0x00, 0x00, 0x00,
  0xfe, 0xff, 0xff, 0xff, 0xff, 0xff, 0xff, 0xff, 0x00, 0x00, 0x00, 0x00,
  0x01, 0x00, 0x00, 0x00, 0xbd, 0xb0, 0x17, 0x3c, 0x56, 0x00, 0x00, 0x00,
  0x6d, 0x6f, 0x64, 0x65, 0x6c, 0x2f, 0x73, 0x69, 0x6d, 0x70, 0x6c, 0x65,
  0x5f, 0x72, 0x6e, 0x6e, 0x2f, 0x73, 0x69, 0x6d, 0x70, 0x6c, 0x65, 0x5f,
  0x72, 0x6e, 0x6e, 0x5f, 0x63, 0x65, 0x6c, 0x6c, 0x2f, 0x4d, 0x61, 0x74,
  0x4d, 0x75, 0x6c, 0x5f, 0x34, 0x30, 0x3b, 0x6d, 0x6f, 0x64, 0x65, 0x6c,
  0x2f, 0x73, 0x69, 0x6d, 0x70, 0x6c, 0x65, 0x5f, 0x72, 0x6e, 0x6e, 0x2f,
  0x73, 0x69, 0x6d, 0x70, 0x6c, 0x65, 0x5f, 0x72, 0x6e, 0x6e, 0x5f, 0x63,
  0x65, 0x6c, 0x6c, 0x2f, 0x42, 0x69, 0x61, 0x73, 0x41, 0x64, 0x64, 0x5f,
  0x32, 0x30, 0x00, 0x00, 0x02, 0x00, 0x00, 0x00, 0x01, 0x00, 0x00, 0x00,
  0x32, 0x00, 0x00, 0x00, 0x22, 0xa8, 0xff, 0xff, 0x00, 0x00, 0x00, 0x01,
  0x18, 0x00, 0x00, 0x00, 0x20, 0x00, 0x00, 0x00, 0x3c, 0x00, 0x00, 0x00,
  0x59, 0x00, 0x00, 0x00, 0x00, 0x00, 0x00, 0x09, 0x60, 0x00, 0x00, 0x00,
  0x02, 0x00, 0x00, 0x00, 0xff, 0xff, 0xff, 0xff, 0x32, 0x00, 0x00, 0x00,
  0x34, 0x99, 0xff, 0xff, 0x08, 0x00, 0x00, 0x00, 0x10, 0x00, 0x00, 0x00,
  0x01, 0x00, 0x00, 0x00, 0x16, 0x00, 0x00, 0x00, 0x00, 0x00, 0x00, 0x00,
  0x01, 0x00, 0x00, 0x00, 0xe6, 0x6b, 0x7e, 0x3c, 0x29, 0x00, 0x00, 0x00,
  0x6d, 0x6f, 0x64, 0x65, 0x6c, 0x2f, 0x73, 0x69, 0x6d, 0x70, 0x6c, 0x65,
  0x5f, 0x72, 0x6e, 0x6e, 0x2f, 0x73, 0x69, 0x6d, 0x70, 0x6c, 0x65, 0x5f,
  0x72, 0x6e, 0x6e, 0x5f, 0x63, 0x65, 0x6c, 0x6c, 0x2f, 0x4d, 0x61, 0x74,
  0x4d, 0x75, 0x6c, 0x5f, 0x37, 0x00, 0x00, 0x00, 0x02, 0x00, 0x00, 0x00,
  0x01, 0x00, 0x00, 0x00, 0x32, 0x00, 0x00, 0x00, 0xaa, 0xa8, 0xff, 0xff,
  0x00, 0x00, 0x00, 0x01, 0x18, 0x00, 0x00, 0x00, 0x20, 0x00, 0x00, 0x00,
  0x40, 0x00, 0x00, 0x00, 0x58, 0x00, 0x00, 0x00, 0x00, 0x00, 0x00, 0x09,
  0x88, 0x00, 0x00, 0x00, 0x02, 0x00, 0x00, 0x00, 0xff, 0xff, 0xff, 0xff,
  0x32, 0x00, 0x00, 0x00, 0xbc, 0x99, 0xff, 0xff, 0x08, 0x00, 0x00, 0x00,
  0x14, 0x00, 0x00, 0x00, 0x01, 0x00, 0x00, 0x00, 0x80, 0xff, 0xff, 0xff,
  0xff, 0xff, 0xff, 0xff, 0x00, 0x00, 0x00, 0x00, 0x01, 0x00, 0x00, 0x00,
  0x01, 0xd3, 0xd6, 0x3b, 0x4e, 0x00, 0x00, 0x00, 0x6d, 0x6f, 0x64, 0x65,
  0x6c, 0x2f, 0x73, 0x69, 0x6d, 0x70, 0x6c, 0x65, 0x5f, 0x72, 0x6e, 0x6e,
  0x2f, 0x73, 0x69, 0x6d, 0x70, 0x6c, 0x65, 0x5f, 0x72, 0x6e, 0x6e, 0x5f,
  0x63, 0x65, 0x6c, 0x6c, 0x2f, 0x52, 0x65, 0x6c, 0x75, 0x5f, 0x32, 0x3b,
  0x6d, 0x6f, 0x64, 0x65, 0x6c, 0x2f, 0x73, 0x69, 0x6d, 0x70, 0x6c, 0x65,
  0x5f, 0x72, 0x6e, 0x6e, 0x2f, 0x73, 0x69, 0x6d, 0x70, 0x6c, 0x65, 0x5f,
  0x72, 0x6e, 0x6e, 0x5f, 0x63, 0x65, 0x6c, 0x6c, 0x2f, 0x61, 0x64, 0x64,
  0x5f, 0x32, 0x00, 0x00, 0x02, 0x00, 0x00, 0x00, 0x01, 0x00, 0x00, 0x00,
  0x32, 0x00, 0x00, 0x00, 0x5a, 0xa9, 0xff, 0xff, 0x00, 0x00, 0x00, 0x01,
  0x18, 0x00, 0x00, 0x00, 0x20, 0x00, 0x00, 0x00, 0x40, 0x00, 0x00, 0x00,
  0x57, 0x00, 0x00, 0x00, 0x00, 0x00, 0x00, 0x09, 0x90, 0x00, 0x00, 0x00,
  0x02, 0x00, 0x00, 0x00, 0xff, 0xff, 0xff, 0xff, 0x32, 0x00, 0x00, 0x00,
  0x6c, 0x9a, 0xff, 0xff, 0x08, 0x00, 0x00, 0x00, 0x14, 0x00, 0x00, 0x00,
  0x01, 0x00, 0x00, 0x00, 0xfe, 0xff, 0xff, 0xff, 0xff, 0xff, 0xff, 0xff,
  0x00, 0x00, 0x00, 0x00, 0x01, 0x00, 0x00, 0x00, 0xbd, 0xb0, 0x17, 0x3c,
  0x54, 0x00, 0x00, 0x00, 0x6d, 0x6f, 0x64, 0x65, 0x6c, 0x2f, 0x73, 0x69,
  0x6d, 0x70, 0x6c, 0x65, 0x5f, 0x72, 0x6e, 0x6e, 0x2f, 0x73, 0x69, 0x6d,
  0x70, 0x6c, 0x65, 0x5f, 0x72, 0x6e, 0x6e, 0x5f, 0x63, 0x65, 0x6c, 0x6c,
  0x2f, 0x4d, 0x61, 0x74, 0x4d, 0x75, 0x6c, 0x5f, 0x34, 0x3b, 0x6d, 0x6f,
  0x64, 0x65, 0x6c, 0x2f, 0x73, 0x69, 0x6d, 0x70, 0x6c, 0x65, 0x5f, 0x72,
  0x6e, 0x6e, 0x2f, 0x73, 0x69, 0x6d, 0x70, 0x6c, 0x65, 0x5f, 0x72, 0x6e,
  0x6e, 0x5f, 0x63, 0x65, 0x6c, 0x6c, 0x2f, 0x42, 0x69, 0x61, 0x73, 0x41,
  0x64, 0x64, 0x5f, 0x32, 0x00, 0x00, 0x00, 0x00, 0x02, 0x00, 0x00, 0x00,
  0x01, 0x00, 0x00, 0x00, 0x32, 0x00, 0x00, 0x00, 0x12, 0xaa, 0xff, 0xff,
  0x00, 0x00, 0x00, 0x01, 0x18, 0x00, 0x00, 0x00, 0x20, 0x00, 0x00, 0x00,
  0x40, 0x00, 0x00, 0x00, 0x56, 0x00, 0x00, 0x00, 0x00, 0x00, 0x00, 0x09,
  0x90, 0x00, 0x00, 0x00, 0x02, 0x00, 0x00, 0x00, 0xff, 0xff, 0xff, 0xff,
  0x32, 0x00, 0x00, 0x00, 0x24, 0x9b, 0xff, 0xff, 0x08, 0x00, 0x00, 0x00,
  0x14, 0x00, 0x00, 0x00, 0x01, 0x00, 0x00, 0x00, 0xfe, 0xff, 0xff, 0xff,
  0xff, 0xff, 0xff, 0xff, 0x00, 0x00, 0x00, 0x00, 0x01, 0x00, 0x00, 0x00,
  0xbd, 0xb0, 0x17, 0x3c, 0x56, 0x00, 0x00, 0x00, 0x6d, 0x6f, 0x64, 0x65,
  0x6c, 0x2f, 0x73, 0x69, 0x6d, 0x70, 0x6c, 0x65, 0x5f, 0x72, 0x6e, 0x6e,
  0x2f, 0x73, 0x69, 0x6d, 0x70, 0x6c, 0x65, 0x5f, 0x72, 0x6e, 0x6e, 0x5f,
  0x63, 0x65, 0x6c, 0x6c, 0x2f, 0x4d, 0x61, 0x74, 0x4d, 0x75, 0x6c, 0x5f,
  0x33, 0x38, 0x3b, 0x6d, 0x6f, 0x64, 0x65, 0x6c, 0x2f, 0x73, 0x69, 0x6d,
  0x70, 0x6c, 0x65, 0x5f, 0x72, 0x6e, 0x6e, 0x2f, 0x73, 0x69, 0x6d, 0x70,
  0x6c, 0x65, 0x5f, 0x72, 0x6e, 0x6e, 0x5f, 0x63, 0x65, 0x6c, 0x6c, 0x2f,
  0x42, 0x69, 0x61, 0x73, 0x41, 0x64, 0x64, 0x5f, 0x31, 0x39, 0x00, 0x00,
  0x02, 0x00, 0x00, 0x00, 0x01, 0x00, 0x00, 0x00, 0x32, 0x00, 0x00, 0x00,
  0xca, 0xaa, 0xff, 0xff, 0x00, 0x00, 0x00, 0x01, 0x18, 0x00, 0x00, 0x00,
  0x20, 0x00, 0x00, 0x00, 0x40, 0x00, 0x00, 0x00, 0x55, 0x00, 0x00, 0x00,
  0x00, 0x00, 0x00, 0x09, 0x90, 0x00, 0x00, 0x00, 0x02, 0x00, 0x00, 0x00,
  0xff, 0xff, 0xff, 0xff, 0x32, 0x00, 0x00, 0x00, 0xdc, 0x9b, 0xff, 0xff,
  0x08, 0x00, 0x00, 0x00, 0x14, 0x00, 0x00, 0x00, 0x01, 0x00, 0x00, 0x00,
  0xfe, 0xff, 0xff, 0xff, 0xff, 0xff, 0xff, 0xff, 0x00, 0x00, 0x00, 0x00,
  0x01, 0x00, 0x00, 0x00, 0xbd, 0xb0, 0x17, 0x3c, 0x56, 0x00, 0x00, 0x00,
  0x6d, 0x6f, 0x64, 0x65, 0x6c, 0x2f, 0x73, 0x69, 0x6d, 0x70, 0x6c, 0x65,
  0x5f, 0x72, 0x6e, 0x6e, 0x2f, 0x73, 0x69, 0x6d, 0x70, 0x6c, 0x65, 0x5f,
  0x72, 0x6e, 0x6e, 0x5f, 0x63, 0x65, 0x6c, 0x6c, 0x2f, 0x4d, 0x61, 0x74,
  0x4d, 0x75, 0x6c, 0x5f, 0x33, 0x36, 0x3b, 0x6d, 0x6f, 0x64, 0x65, 0x6c,
  0x2f, 0x73, 0x69, 0x6d, 0x70, 0x6c, 0x65, 0x5f, 0x72, 0x6e, 0x6e, 0x2f,
  0x73, 0x69, 0x6d, 0x70, 0x6c, 0x65, 0x5f, 0x72, 0x6e, 0x6e, 0x5f, 0x63,
  0x65, 0x6c, 0x6c, 0x2f, 0x42, 0x69, 0x61, 0x73, 0x41, 0x64, 0x64, 0x5f,
  0x31, 0x38, 0x00, 0x00, 0x02, 0x00, 0x00, 0x00, 0x01, 0x00, 0x00, 0x00,
  0x32, 0x00, 0x00, 0x00, 0x82, 0xab, 0xff, 0xff, 0x00, 0x00, 0x00, 0x01,
  0x18, 0x00, 0x00, 0x00, 0x20, 0x00, 0x00, 0x00, 0x40, 0x00, 0x00, 0x00,
  0x54, 0x00, 0x00, 0x00, 0x00, 0x00, 0x00, 0x09, 0x90, 0x00, 0x00, 0x00,
  0x02, 0x00, 0x00, 0x00, 0xff, 0xff, 0xff, 0xff, 0x32, 0x00, 0x00, 0x00,
  0x94, 0x9c, 0xff, 0xff, 0x08, 0x00, 0x00, 0x00, 0x14, 0x00, 0x00, 0x00,
  0x01, 0x00, 0x00, 0x00, 0xfe, 0xff, 0xff, 0xff, 0xff, 0xff, 0xff, 0xff,
  0x00, 0x00, 0x00, 0x00, 0x01, 0x00, 0x00, 0x00, 0xbd, 0xb0, 0x17, 0x3c,
  0x56, 0x00, 0x00, 0x00, 0x6d, 0x6f, 0x64, 0x65, 0x6c, 0x2f, 0x73, 0x69,
  0x6d, 0x70, 0x6c, 0x65, 0x5f, 0x72, 0x6e, 0x6e, 0x2f, 0x73, 0x69, 0x6d,
  0x70, 0x6c, 0x65, 0x5f, 0x72, 0x6e, 0x6e, 0x5f, 0x63, 0x65, 0x6c, 0x6c,
  0x2f, 0x4d, 0x61, 0x74, 0x4d, 0x75, 0x6c, 0x5f, 0x33, 0x34, 0x3b, 0x6d,
  0x6f, 0x64, 0x65, 0x6c, 0x2f, 0x73, 0x69, 0x6d, 0x70, 0x6c, 0x65, 0x5f,
  0x72, 0x6e, 0x6e, 0x2f, 0x73, 0x69, 0x6d, 0x70, 0x6c, 0x65, 0x5f, 0x72,
  0x6e, 0x6e, 0x5f, 0x63, 0x65, 0x6c, 0x6c, 0x2f, 0x42, 0x69, 0x61, 0x73,
  0x41, 0x64, 0x64, 0x5f, 0x31, 0x37, 0x00, 0x00, 0x02, 0x00, 0x00, 0x00,
  0x01, 0x00, 0x00, 0x00, 0x32, 0x00, 0x00, 0x00, 0x3a, 0xac, 0xff, 0xff,
  0x00, 0x00, 0x00, 0x01, 0x18, 0x00, 0x00, 0x00, 0x20, 0x00, 0x00, 0x00,
  0x40, 0x00, 0x00, 0x00, 0x53, 0x00, 0x00, 0x00, 0x00, 0x00, 0x00, 0x09,
  0x90, 0x00, 0x00, 0x00, 0x02, 0x00, 0x00, 0x00, 0xff, 0xff, 0xff, 0xff,
  0x32, 0x00, 0x00, 0x00, 0x4c, 0x9d, 0xff, 0xff, 0x08, 0x00, 0x00, 0x00,
  0x14, 0x00, 0x00, 0x00, 0x01, 0x00, 0x00, 0x00, 0xfe, 0xff, 0xff, 0xff,
  0xff, 0xff, 0xff, 0xff, 0x00, 0x00, 0x00, 0x00, 0x01, 0x00, 0x00, 0x00,
  0xbd, 0xb0, 0x17, 0x3c, 0x56, 0x00, 0x00, 0x00, 0x6d, 0x6f, 0x64, 0x65,
  0x6c, 0x2f, 0x73, 0x69, 0x6d, 0x70, 0x6c, 0x65, 0x5f, 0x72, 0x6e, 0x6e,
  0x2f, 0x73, 0x69, 0x6d, 0x70, 0x6c, 0x65, 0x5f, 0x72, 0x6e, 0x6e, 0x5f,
  0x63, 0x65, 0x6c, 0x6c, 0x2f, 0x4d, 0x61, 0x74, 0x4d, 0x75, 0x6c, 0x5f,
  0x33, 0x32, 0x3b, 0x6d, 0x6f, 0x64, 0x65, 0x6c, 0x2f, 0x73, 0x69, 0x6d,
  0x70, 0x6c, 0x65, 0x5f, 0x72, 0x6e, 0x6e, 0x2f, 0x73, 0x69, 0x6d, 0x70,
  0x6c, 0x65, 0x5f, 0x72, 0x6e, 0x6e, 0x5f, 0x63, 0x65, 0x6c, 0x6c, 0x2f,
  0x42, 0x69, 0x61, 0x73, 0x41, 0x64, 0x64, 0x5f, 0x31, 0x36, 0x00, 0x00,
  0x02, 0x00, 0x00, 0x00, 0x01, 0x00, 0x00, 0x00, 0x32, 0x00, 0x00, 0x00,
  0xf2, 0xac, 0xff, 0xff, 0x00, 0x00, 0x00, 0x01, 0x18, 0x00, 0x00, 0x00,
  0x20, 0x00, 0x00, 0x00, 0x40, 0x00, 0x00, 0x00, 0x52, 0x00, 0x00, 0x00,
  0x00, 0x00, 0x00, 0x09, 0x90, 0x00, 0x00, 0x00, 0x02, 0x00, 0x00, 0x00,
  0xff, 0xff, 0xff, 0xff, 0x32, 0x00, 0x00, 0x00, 0x04, 0x9e, 0xff, 0xff,
  0x08, 0x00, 0x00, 0x00, 0x14, 0x00, 0x00, 0x00, 0x01, 0x00, 0x00, 0x00,
  0xfe, 0xff, 0xff, 0xff, 0xff, 0xff, 0xff, 0xff, 0x00, 0x00, 0x00, 0x00,
  0x01, 0x00, 0x00, 0x00, 0xbd, 0xb0, 0x17, 0x3c, 0x56, 0x00, 0x00, 0x00,
  0x6d, 0x6f, 0x64, 0x65, 0x6c, 0x2f, 0x73, 0x69, 0x6d, 0x70, 0x6c, 0x65,
  0x5f, 0x72, 0x6e, 0x6e, 0x2f, 0x73, 0x69, 0x6d, 0x70, 0x6c, 0x65, 0x5f,
  0x72, 0x6e, 0x6e, 0x5f, 0x63, 0x65, 0x6c, 0x6c, 0x2f, 0x4d, 0x61, 0x74,
  0x4d, 0x75, 0x6c, 0x5f, 0x33, 0x30, 0x3b, 0x6d, 0x6f, 0x64, 0x65, 0x6c,
  0x2f, 0x73, 0x69, 0x6d, 0x70, 0x6c, 0x65, 0x5f, 0x72, 0x6e, 0x6e, 0x2f,
  0x73, 0x69, 0x6d, 0x70, 0x6c, 0x65, 0x5f, 0x72, 0x6e, 0x6e, 0x5f, 0x63,
  0x65, 0x6c, 0x6c, 0x2f, 0x42, 0x69, 0x61, 0x73, 0x41, 0x64, 0x64, 0x5f,
  0x31, 0x35, 0x00, 0x00, 0x02, 0x00, 0x00, 0x00, 0x01, 0x00, 0x00, 0x00,
  0x32, 0x00, 0x00, 0x00, 0xaa, 0xad, 0xff, 0xff, 0x00, 0x00, 0x00, 0x01,
  0x18, 0x00, 0x00, 0x00, 0x20, 0x00, 0x00, 0x00, 0x40, 0x00, 0x00, 0x00,
  0x51, 0x00, 0x00, 0x00, 0x00, 0x00, 0x00, 0x09, 0x90, 0x00, 0x00, 0x00,
  0x02, 0x00, 0x00, 0x00, 0xff, 0xff, 0xff, 0xff, 0x32, 0x00, 0x00, 0x00,
  0xbc, 0x9e, 0xff, 0xff, 0x08, 0x00, 0x00, 0x00, 0x14, 0x00, 0x00, 0x00,
  0x01, 0x00, 0x00, 0x00, 0xfe, 0xff, 0xff, 0xff, 0xff, 0xff, 0xff, 0xff,
  0x00, 0x00, 0x00, 0x00, 0x01, 0x00, 0x00, 0x00, 0xbd, 0xb0, 0x17, 0x3c,
  0x56, 0x00, 0x00, 0x00, 0x6d, 0x6f, 0x64, 0x65, 0x6c, 0x2f, 0x73, 0x69,
  0x6d, 0x70, 0x6c, 0x65, 0x5f, 0x72, 0x6e, 0x6e, 0x2f, 0x73, 0x69, 0x6d,
  0x70, 0x6c, 0x65, 0x5f, 0x72, 0x6e, 0x6e, 0x5f, 0x63, 0x65, 0x6c, 0x6c,
  0x2f, 0x4d, 0x61, 0x74, 0x4d, 0x75, 0x6c, 0x5f, 0x32, 0x38, 0x3b, 0x6d,
  0x6f, 0x64, 0x65, 0x6c, 0x2f, 0x73, 0x69, 0x6d, 0x70, 0x6c, 0x65, 0x5f,
  0x72, 0x6e, 0x6e, 0x2f, 0x73, 0x69, 0x6d, 0x70, 0x6c, 0x65, 0x5f, 0x72,
  0x6e, 0x6e, 0x5f, 0x63, 0x65, 0x6c, 0x6c, 0x2f, 0x42, 0x69, 0x61, 0x73,
  0x41, 0x64, 0x64, 0x5f, 0x31, 0x34, 0x00, 0x00, 0x02, 0x00, 0x00, 0x00,
  0x01, 0x00, 0x00, 0x00, 0x32, 0x00, 0x00, 0x00, 0x62, 0xae, 0xff, 0xff,
  0x00, 0x00, 0x00, 0x01, 0x18, 0x00, 0x00, 0x00, 0x20, 0x00, 0x00, 0x00,
  0x40, 0x00, 0x00, 0x00, 0x50, 0x00, 0x00, 0x00, 0x00, 0x00, 0x00, 0x09,
  0x90, 0x00, 0x00, 0x00, 0x02, 0x00, 0x00, 0x00, 0xff, 0xff, 0xff, 0xff,
  0x32, 0x00, 0x00, 0x00, 0x74, 0x9f, 0xff, 0xff, 0x08, 0x00, 0x00, 0x00,
  0x14, 0x00, 0x00, 0x00, 0x01, 0x00, 0x00, 0x00, 0xfe, 0xff, 0xff, 0xff,
  0xff, 0xff, 0xff, 0xff, 0x00, 0x00, 0x00, 0x00, 0x01, 0x00, 0x00, 0x00,
  0xbd, 0xb0, 0x17, 0x3c, 0x56, 0x00, 0x00, 0x00, 0x6d, 0x6f, 0x64, 0x65,
  0x6c, 0x2f, 0x73, 0x69, 0x6d, 0x70, 0x6c, 0x65, 0x5f, 0x72, 0x6e, 0x6e,
  0x2f, 0x73, 0x69, 0x6d, 0x70, 0x6c, 0x65, 0x5f, 0x72, 0x6e, 0x6e, 0x5f,
  0x63, 0x65, 0x6c, 0x6c, 0x2f, 0x4d, 0x61, 0x74, 0x4d, 0x75, 0x6c, 0x5f,
  0x32, 0x36, 0x3b, 0x6d, 0x6f, 0x64, 0x65, 0x6c, 0x2f, 0x73, 0x69, 0x6d,
  0x70, 0x6c, 0x65, 0x5f, 0x72, 0x6e, 0x6e, 0x2f, 0x73, 0x69, 0x6d, 0x70,
  0x6c, 0x65, 0x5f, 0x72, 0x6e, 0x6e, 0x5f, 0x63, 0x65, 0x6c, 0x6c, 0x2f,
  0x42, 0x69, 0x61, 0x73, 0x41, 0x64, 0x64, 0x5f, 0x31, 0x33, 0x00, 0x00,
  0x02, 0x00, 0x00, 0x00, 0x01, 0x00, 0x00, 0x00, 0x32, 0x00, 0x00, 0x00,
  0x1a, 0xaf, 0xff, 0xff, 0x00, 0x00, 0x00, 0x01, 0x18, 0x00, 0x00, 0x00,
  0x20, 0x00, 0x00, 0x00, 0x40, 0x00, 0x00, 0x00, 0x4f, 0x00, 0x00, 0x00,
  0x00, 0x00, 0x00, 0x09, 0x90, 0x00, 0x00, 0x00, 0x02, 0x00, 0x00, 0x00,
  0xff, 0xff, 0xff, 0xff, 0x32, 0x00, 0x00, 0x00, 0x2c, 0xa0, 0xff, 0xff,
  0x08, 0x00, 0x00, 0x00, 0x14, 0x00, 0x00, 0x00, 0x01, 0x00, 0x00, 0x00,
  0xfe, 0xff, 0xff, 0xff, 0xff, 0xff, 0xff, 0xff, 0x00, 0x00, 0x00, 0x00,
  0x01, 0x00, 0x00, 0x00, 0xbd, 0xb0, 0x17, 0x3c, 0x56, 0x00, 0x00, 0x00,
  0x6d, 0x6f, 0x64, 0x65, 0x6c, 0x2f, 0x73, 0x69, 0x6d, 0x70, 0x6c, 0x65,
  0x5f, 0x72, 0x6e, 0x6e, 0x2f, 0x73, 0x69, 0x6d, 0x70, 0x6c, 0x65, 0x5f,
  0x72, 0x6e, 0x6e, 0x5f, 0x63, 0x65, 0x6c, 0x6c, 0x2f, 0x4d, 0x61, 0x74,
  0x4d, 0x75, 0x6c, 0x5f, 0x32, 0x34, 0x3b, 0x6d, 0x6f, 0x64, 0x65, 0x6c,
  0x2f, 0x73, 0x69, 0x6d, 0x70, 0x6c, 0x65, 0x5f, 0x72, 0x6e, 0x6e, 0x2f,
  0x73, 0x69, 0x6d, 0x70, 0x6c, 0x65, 0x5f, 0x72, 0x6e, 0x6e, 0x5f, 0x63,
  0x65, 0x6c, 0x6c, 0x2f, 0x42, 0x69, 0x61, 0x73, 0x41, 0x64, 0x64, 0x5f,
  0x31, 0x32, 0x00, 0x00, 0x02, 0x00, 0x00, 0x00, 0x01, 0x00, 0x00, 0x00,
  0x32, 0x00, 0x00, 0x00, 0xd2, 0xaf, 0xff, 0xff, 0x00, 0x00, 0x00, 0x01,
  0x18, 0x00, 0x00, 0x00, 0x20, 0x00, 0x00, 0x00, 0x40, 0x00, 0x00, 0x00,
  0x4e, 0x00, 0x00, 0x00, 0x00, 0x00, 0x00, 0x09, 0x90, 0x00, 0x00, 0x00,
  0x02, 0x00, 0x00, 0x00, 0xff, 0xff, 0xff, 0xff, 0x32, 0x00, 0x00, 0x00,
  0xe4, 0xa0, 0xff, 0xff, 0x08, 0x00, 0x00, 0x00, 0x14, 0x00, 0x00, 0x00,
  0x01, 0x00, 0x00, 0x00, 0xfe, 0xff, 0xff, 0xff, 0xff, 0xff, 0xff, 0xff,
  0x00, 0x00, 0x00, 0x00, 0x01, 0x00, 0x00, 0x00, 0xbd, 0xb0, 0x17, 0x3c,
  0x56, 0x00, 0x00, 0x00, 0x6d, 0x6f, 0x64, 0x65, 0x6c, 0x2f, 0x73, 0x69,
  0x6d, 0x70, 0x6c, 0x65, 0x5f, 0x72, 0x6e, 0x6e, 0x2f, 0x73, 0x69, 0x6d,
  0x70, 0x6c, 0x65, 0x5f, 0x72, 0x6e, 0x6e, 0x5f, 0x63, 0x65, 0x6c, 0x6c,
  0x2f, 0x4d, 0x61, 0x74, 0x4d, 0x75, 0x6c, 0x5f, 0x32, 0x32, 0x3b, 0x6d,
  0x6f, 0x64, 0x65, 0x6c, 0x2f, 0x73, 0x69, 0x6d, 0x70, 0x6c, 0x65, 0x5f,
  0x72, 0x6e, 0x6e, 0x2f, 0x73, 0x69, 0x6d, 0x70, 0x6c, 0x65, 0x5f, 0x72,
  0x6e, 0x6e, 0x5f, 0x63, 0x65, 0x6c, 0x6c, 0x2f, 0x42, 0x69, 0x61, 0x73,
  0x41, 0x64, 0x64, 0x5f, 0x31, 0x31, 0x00, 0x00, 0x02, 0x00, 0x00, 0x00,
  0x01, 0x00, 0x00, 0x00, 0x32, 0x00, 0x00, 0x00, 0x8a, 0xb0, 0xff, 0xff,
  0x00, 0x00, 0x00, 0x01, 0x18, 0x00, 0x00, 0x00, 0x20, 0x00, 0x00, 0x00,
  0x40, 0x00, 0x00, 0x00, 0x4d, 0x00, 0x00, 0x00, 0x00, 0x00, 0x00, 0x09,
  0x90, 0x00, 0x00, 0x00, 0x02, 0x00, 0x00, 0x00, 0xff, 0xff, 0xff, 0xff,
  0x32, 0x00, 0x00, 0x00, 0x9c, 0xa1, 0xff, 0xff, 0x08, 0x00, 0x00, 0x00,
  0x14, 0x00, 0x00, 0x00, 0x01, 0x00, 0x00, 0x00, 0xfe, 0xff, 0xff, 0xff,
  0xff, 0xff, 0xff, 0xff, 0x00, 0x00, 0x00, 0x00, 0x01, 0x00, 0x00, 0x00,
  0xbd, 0xb0, 0x17, 0x3c, 0x56, 0x00, 0x00, 0x00, 0x6d, 0x6f, 0x64, 0x65,
  0x6c, 0x2f, 0x73, 0x69, 0x6d, 0x70, 0x6c, 0x65, 0x5f, 0x72, 0x6e, 0x6e,
  0x2f, 0x73, 0x69, 0x6d, 0x70, 0x6c, 0x65, 0x5f, 0x72, 0x6e, 0x6e, 0x5f,
  0x63, 0x65, 0x6c, 0x6c, 0x2f, 0x4d, 0x61, 0x74, 0x4d, 0x75, 0x6c, 0x5f,
  0x32, 0x30, 0x3b, 0x6d, 0x6f, 0x64, 0x65, 0x6c, 0x2f, 0x73, 0x69, 0x6d,
  0x70, 0x6c, 0x65, 0x5f, 0x72, 0x6e, 0x6e, 0x2f, 0x73, 0x69, 0x6d, 0x70,
  0x6c, 0x65, 0x5f, 0x72, 0x6e, 0x6e, 0x5f, 0x63, 0x65, 0x6c, 0x6c, 0x2f,
  0x42, 0x69, 0x61, 0x73, 0x41, 0x64, 0x64, 0x5f, 0x31, 0x30, 0x00, 0x00,
  0x02, 0x00, 0x00, 0x00, 0x01, 0x00, 0x00, 0x00, 0x32, 0x00, 0x00, 0x00,
  0x42, 0xb1, 0xff, 0xff, 0x00, 0x00, 0x00, 0x01, 0x18, 0x00, 0x00, 0x00,
  0x20, 0x00, 0x00, 0x00, 0x3c, 0x00, 0x00, 0x00, 0x4c, 0x00, 0x00, 0x00,
  0x00, 0x00, 0x00, 0x09, 0x60, 0x00, 0x00, 0x00, 0x02, 0x00, 0x00, 0x00,
  0xff, 0xff, 0xff, 0xff, 0x32, 0x00, 0x00, 0x00, 0x54, 0xa2, 0xff, 0xff,
  0x08, 0x00, 0x00, 0x00, 0x10, 0x00, 0x00, 0x00, 0x01, 0x00, 0x00, 0x00,
  0x1a, 0x00, 0x00, 0x00, 0x00, 0x00, 0x00, 0x00, 0x01, 0x00, 0x00, 0x00,
  0x7e, 0x3b, 0x32, 0x3c, 0x29, 0x00, 0x00, 0x00, 0x6d, 0x6f, 0x64, 0x65,
  0x6c, 0x2f, 0x73, 0x69, 0x6d, 0x70, 0x6c, 0x65, 0x5f, 0x72, 0x6e, 0x6e,
  0x2f, 0x73, 0x69, 0x6d, 0x70, 0x6c, 0x65, 0x5f, 0x72, 0x6e, 0x6e, 0x5f,
  0x63, 0x65, 0x6c, 0x6c, 0x2f, 0x4d, 0x61, 0x74, 0x4d, 0x75, 0x6c, 0x5f,
  0x35, 0x00, 0x00, 0x00, 0x02, 0x00, 0x00, 0x00, 0x01, 0x00, 0x00, 0x00,
  0x32, 0x00, 0x00, 0x00, 0xca, 0xb1, 0xff, 0xff, 0x00, 0x00, 0x00, 0x01,
  0x18, 0x00, 0x00, 0x00, 0x20, 0x00, 0x00, 0x00, 0x40, 0x00, 0x00, 0x00,
  0x4b, 0x00, 0x00, 0x00, 0x00, 0x00, 0x00, 0x09, 0x88, 0x00, 0x00, 0x00,
  0x02, 0x00, 0x00, 0x00, 0xff, 0xff, 0xff, 0xff, 0x32, 0x00, 0x00, 0x00,
  0xdc, 0xa2, 0xff, 0xff, 0x08, 0x00, 0x00, 0x00, 0x14, 0x00, 0x00, 0x00,
  0x01, 0x00, 0x00, 0x00, 0x80, 0xff, 0xff, 0xff, 0xff, 0xff, 0xff, 0xff,
  0x00, 0x00, 0x00, 0x00, 0x01, 0x00, 0x00, 0x00, 0x56, 0x9c, 0xaa, 0x3b,
  0x4e, 0x00, 0x00, 0x00, 0x6d, 0x6f, 0x64, 0x65, 0x6c, 0x2f, 0x73, 0x69,
  0x6d, 0x70, 0x6c, 0x65, 0x5f, 0x72, 0x6e, 0x6e, 0x2f, 0x73, 0x69, 0x6d,
  0x70, 0x6c, 0x65, 0x5f, 0x72, 0x6e, 0x6e, 0x5f, 0x63, 0x65, 0x6c, 0x6c,
  0x2f, 0x52, 0x65, 0x6c, 0x75, 0x5f, 0x31, 0x3b, 0x6d, 0x6f, 0x64, 0x65,
  0x6c, 0x2f, 0x73, 0x69, 0x6d, 0x70, 0x6c, 0x65, 0x5f, 0x72, 0x6e, 0x6e,
  0x2f, 0x73, 0x69, 0x6d, 0x70, 0x6c, 0x65, 0x5f, 0x72, 0x6e, 0x6e, 0x5f,
  0x63, 0x65, 0x6c, 0x6c, 0x2f, 0x61, 0x64, 0x64, 0x5f, 0x31, 0x00, 0x00,
  0x02, 0x00, 0x00, 0x00, 0x01, 0x00, 0x00, 0x00, 0x32, 0x00, 0x00, 0x00,
  0x7a, 0xb2, 0xff, 0xff, 0x00, 0x00, 0x00, 0x01, 0x18, 0x00, 0x00, 0x00,
  0x20, 0x00, 0x00, 0x00, 0x40, 0x00, 0x00, 0x00, 0x4a, 0x00, 0x00, 0x00,
  0x00, 0x00, 0x00, 0x09, 0x90, 0x00, 0x00, 0x00, 0x02, 0x00, 0x00, 0x00,
  0xff, 0xff, 0xff, 0xff, 0x32, 0x00, 0x00, 0x00, 0x8c, 0xa3, 0xff, 0xff,
  0x08, 0x00, 0x00, 0x00, 0x14, 0x00, 0x00, 0x00, 0x01, 0x00, 0x00, 0x00,
  0xfe, 0xff, 0xff, 0xff, 0xff, 0xff, 0xff, 0xff, 0x00, 0x00, 0x00, 0x00,
  0x01, 0x00, 0x00, 0x00, 0xbd, 0xb0, 0x17, 0x3c, 0x54, 0x00, 0x00, 0x00,
  0x6d, 0x6f, 0x64, 0x65, 0x6c, 0x2f, 0x73, 0x69, 0x6d, 0x70, 0x6c, 0x65,
  0x5f, 0x72, 0x6e, 0x6e, 0x2f, 0x73, 0x69, 0x6d, 0x70, 0x6c, 0x65, 0x5f,
  0x72, 0x6e, 0x6e, 0x5f, 0x63, 0x65, 0x6c, 0x6c, 0x2f, 0x4d, 0x61, 0x74,
  0x4d, 0x75, 0x6c, 0x5f, 0x32, 0x3b, 0x6d, 0x6f, 0x64, 0x65, 0x6c, 0x2f,
  0x73, 0x69, 0x6d, 0x70, 0x6c, 0x65, 0x5f, 0x72, 0x6e, 0x6e, 0x2f, 0x73,
  0x69, 0x6d, 0x70, 0x6c, 0x65, 0x5f, 0x72, 0x6e, 0x6e, 0x5f, 0x63, 0x65,
  0x6c, 0x6c, 0x2f, 0x42, 0x69, 0x61, 0x73, 0x41, 0x64, 0x64, 0x5f, 0x31,
  0x00, 0x00, 0x00, 0x00, 0x02, 0x00, 0x00, 0x00, 0x01, 0x00, 0x00, 0x00,
  0x32, 0x00, 0x00, 0x00, 0x32, 0xb3, 0xff, 0xff, 0x00, 0x00, 0x00, 0x01,
  0x18, 0x00, 0x00, 0x00, 0x20, 0x00, 0x00, 0x00, 0x40, 0x00, 0x00, 0x00,
  0x49, 0x00, 0x00, 0x00, 0x00, 0x00, 0x00, 0x09, 0x90, 0x00, 0x00, 0x00,
  0x02, 0x00, 0x00, 0x00, 0xff, 0xff, 0xff, 0xff, 0x32, 0x00, 0x00, 0x00,
  0x44, 0xa4, 0xff, 0xff, 0x08, 0x00, 0x00, 0x00, 0x14, 0x00, 0x00, 0x00,
  0x01, 0x00, 0x00, 0x00, 0xfe, 0xff, 0xff, 0xff, 0xff, 0xff, 0xff, 0xff,
  0x00, 0x00, 0x00, 0x00, 0x01, 0x00, 0x00, 0x00, 0xbd, 0xb0, 0x17, 0x3c,
  0x55, 0x00, 0x00, 0x00, 0x6d, 0x6f, 0x64, 0x65, 0x6c, 0x2f, 0x73, 0x69,
  0x6d, 0x70, 0x6c, 0x65, 0x5f, 0x72, 0x6e, 0x6e, 0x2f, 0x73, 0x69, 0x6d,
  0x70, 0x6c, 0x65, 0x5f, 0x72, 0x6e, 0x6e, 0x5f, 0x63, 0x65, 0x6c, 0x6c,
  0x2f, 0x4d, 0x61, 0x74, 0x4d, 0x75, 0x6c, 0x5f, 0x31, 0x38, 0x3b, 0x6d,
  0x6f, 0x64, 0x65, 0x6c, 0x2f, 0x73, 0x69, 0x6d, 0x70, 0x6c, 0x65, 0x5f,
  0x72, 0x6e, 0x6e, 0x2f, 0x73, 0x69, 0x6d, 0x70, 0x6c, 0x65, 0x5f, 0x72,
  0x6e, 0x6e, 0x5f, 0x63, 0x65, 0x6c, 0x6c, 0x2f, 0x42, 0x69, 0x61, 0x73,
  0x41, 0x64, 0x64, 0x5f, 0x39, 0x00, 0x00, 0x00, 0x02, 0x00, 0x00, 0x00,
  0x01, 0x00, 0x00, 0x00, 0x32, 0x00, 0x00, 0x00, 0xea, 0xb3, 0xff, 0xff,
  0x00, 0x00, 0x00, 0x01, 0x18, 0x00, 0x00, 0x00, 0x20, 0x00, 0x00, 0x00,
  0x40, 0x00, 0x00, 0x00, 0x48, 0x00, 0x00, 0x00, 0x00, 0x00, 0x00, 0x09,
  0x90, 0x00, 0x00, 0x00, 0x02, 0x00, 0x00, 0x00, 0xff, 0xff, 0xff, 0xff,
  0x32, 0x00, 0x00, 0x00, 0xfc, 0xa4, 0xff, 0xff, 0x08, 0x00, 0x00, 0x00,
  0x14, 0x00, 0x00, 0x00, 0x01, 0x00, 0x00, 0x00, 0xfe, 0xff, 0xff, 0xff,
  0xff, 0xff, 0xff, 0xff, 0x00, 0x00, 0x00, 0x00, 0x01, 0x00, 0x00, 0x00,
  0xbd, 0xb0, 0x17, 0x3c, 0x55, 0x00, 0x00, 0x00, 0x6d, 0x6f, 0x64, 0x65,
  0x6c, 0x2f, 0x73, 0x69, 0x6d, 0x70, 0x6c, 0x65, 0x5f, 0x72, 0x6e, 0x6e,
  0x2f, 0x73, 0x69, 0x6d, 0x70, 0x6c, 0x65, 0x5f, 0x72, 0x6e, 0x6e, 0x5f,
  0x63, 0x65, 0x6c, 0x6c, 0x2f, 0x4d, 0x61, 0x74, 0x4d, 0x75, 0x6c, 0x5f,
  0x31, 0x36, 0x3b, 0x6d, 0x6f, 0x64, 0x65, 0x6c, 0x2f, 0x73, 0x69, 0x6d,
  0x70, 0x6c, 0x65, 0x5f, 0x72, 0x6e, 0x6e, 0x2f, 0x73, 0x69, 0x6d, 0x70,
  0x6c, 0x65, 0x5f, 0x72, 0x6e, 0x6e, 0x5f, 0x63, 0x65, 0x6c, 0x6c, 0x2f,
  0x42, 0x69, 0x61, 0x73, 0x41, 0x64, 0x64, 0x5f, 0x38, 0x00, 0x00, 0x00,
  0x02, 0x00, 0x00, 0x00, 0x01, 0x00, 0x00, 0x00, 0x32, 0x00, 0x00, 0x00,
  0xa2, 0xb4, 0xff, 0xff, 0x00, 0x00, 0x00, 0x01, 0x18, 0x00, 0x00, 0x00,
  0x20, 0x00, 0x00, 0x00, 0x40, 0x00, 0x00, 0x00, 0x47, 0x00, 0x00, 0x00,
  0x00, 0x00, 0x00, 0x09, 0x90, 0x00, 0x00, 0x00, 0x02, 0x00, 0x00, 0x00,
  0xff, 0xff, 0xff, 0xff, 0x32, 0x00, 0x00, 0x00, 0xb4, 0xa5, 0xff, 0xff,
  0x08, 0x00, 0x00, 0x00, 0x14, 0x00, 0x00, 0x00, 0x01, 0x00, 0x00, 0x00,
  0xfe, 0xff, 0xff, 0xff, 0xff, 0xff, 0xff, 0xff, 0x00, 0x00, 0x00, 0x00,
  0x01, 0x00, 0x00, 0x00, 0xbd, 0xb0, 0x17, 0x3c, 0x55, 0x00, 0x00, 0x00,
  0x6d, 0x6f, 0x64, 0x65, 0x6c, 0x2f, 0x73, 0x69, 0x6d, 0x70, 0x6c, 0x65,
  0x5f, 0x72, 0x6e, 0x6e, 0x2f, 0x73, 0x69, 0x6d, 0x70, 0x6c, 0x65, 0x5f,
  0x72, 0x6e, 0x6e, 0x5f, 0x63, 0x65, 0x6c, 0x6c, 0x2f, 0x4d, 0x61, 0x74,
  0x4d, 0x75, 0x6c, 0x5f, 0x31, 0x34, 0x3b, 0x6d, 0x6f, 0x64, 0x65, 0x6c,
  0x2f, 0x73, 0x69, 0x6d, 0x70, 0x6c, 0x65, 0x5f, 0x72, 0x6e, 0x6e, 0x2f,
  0x73, 0x69, 0x6d, 0x70, 0x6c, 0x65, 0x5f, 0x72, 0x6e, 0x6e, 0x5f, 0x63,
  0x65, 0x6c, 0x6c, 0x2f, 0x42, 0x69, 0x61, 0x73, 0x41, 0x64, 0x64, 0x5f,
  0x37, 0x00, 0x00, 0x00, 0x02, 0x00, 0x00, 0x00, 0x01, 0x00, 0x00, 0x00,
  0x32, 0x00, 0x00, 0x00, 0x5a, 0xb5, 0xff, 0xff, 0x00, 0x00, 0x00, 0x01,
  0x18, 0x00, 0x00, 0x00, 0x20, 0x00, 0x00, 0x00, 0x40, 0x00, 0x00, 0x00,
  0x46, 0x00, 0x00, 0x00, 0x00, 0x00, 0x00, 0x09, 0x90, 0x00, 0x00, 0x00,
  0x02, 0x00, 0x00, 0x00, 0xff, 0xff, 0xff, 0xff, 0x32, 0x00, 0x00, 0x00,
  0x6c, 0xa6, 0xff, 0xff, 0x08, 0x00, 0x00, 0x00, 0x14, 0x00, 0x00, 0x00,
  0x01, 0x00, 0x00, 0x00, 0xfe, 0xff, 0xff, 0xff, 0xff, 0xff, 0xff, 0xff,
  0x00, 0x00, 0x00, 0x00, 0x01, 0x00, 0x00, 0x00, 0xbd, 0xb0, 0x17, 0x3c,
  0x55, 0x00, 0x00, 0x00, 0x6d, 0x6f, 0x64, 0x65, 0x6c, 0x2f, 0x73, 0x69,
  0x6d, 0x70, 0x6c, 0x65, 0x5f, 0x72, 0x6e, 0x6e, 0x2f, 0x73, 0x69, 0x6d,
  0x70, 0x6c, 0x65, 0x5f, 0x72, 0x6e, 0x6e, 0x5f, 0x63, 0x65, 0x6c, 0x6c,
  0x2f, 0x4d, 0x61, 0x74, 0x4d, 0x75, 0x6c, 0x5f, 0x31, 0x32, 0x3b, 0x6d,
  0x6f, 0x64, 0x65, 0x6c, 0x2f, 0x73, 0x69, 0x6d, 0x70, 0x6c, 0x65, 0x5f,
  0x72, 0x6e, 0x6e, 0x2f, 0x73, 0x69, 0x6d, 0x70, 0x6c, 0x65, 0x5f, 0x72,
  0x6e, 0x6e, 0x5f, 0x63, 0x65, 0x6c, 0x6c, 0x2f, 0x42, 0x69, 0x61, 0x73,
  0x41, 0x64, 0x64, 0x5f, 0x36, 0x00, 0x00, 0x00, 0x02, 0x00, 0x00, 0x00,
  0x01, 0x00, 0x00, 0x00, 0x32, 0x00, 0x00, 0x00, 0x12, 0xb6, 0xff, 0xff,
  0x00, 0x00, 0x00, 0x01, 0x18, 0x00, 0x00, 0x00, 0x20, 0x00, 0x00, 0x00,
  0x40, 0x00, 0x00, 0x00, 0x45, 0x00, 0x00, 0x00, 0x00, 0x00, 0x00, 0x09,
  0x90, 0x00, 0x00, 0x00, 0x02, 0x00, 0x00, 0x00, 0xff, 0xff, 0xff, 0xff,
  0x32, 0x00, 0x00, 0x00, 0x24, 0xa7, 0xff, 0xff, 0x08, 0x00, 0x00, 0x00,
  0x14, 0x00, 0x00, 0x00, 0x01, 0x00, 0x00, 0x00, 0xfe, 0xff, 0xff, 0xff,
  0xff, 0xff, 0xff, 0xff, 0x00, 0x00, 0x00, 0x00, 0x01, 0x00, 0x00, 0x00,
  0xbd, 0xb0, 0x17, 0x3c, 0x55, 0x00, 0x00, 0x00, 0x6d, 0x6f, 0x64, 0x65,
  0x6c, 0x2f, 0x73, 0x69, 0x6d, 0x70, 0x6c, 0x65, 0x5f, 0x72, 0x6e, 0x6e,
  0x2f, 0x73, 0x69, 0x6d, 0x70, 0x6c, 0x65, 0x5f, 0x72, 0x6e, 0x6e, 0x5f,
  0x63, 0x65, 0x6c, 0x6c, 0x2f, 0x4d, 0x61, 0x74, 0x4d, 0x75, 0x6c, 0x5f,
  0x31, 0x30, 0x3b, 0x6d, 0x6f, 0x64, 0x65, 0x6c, 0x2f, 0x73, 0x69, 0x6d,
  0x70, 0x6c, 0x65, 0x5f, 0x72, 0x6e, 0x6e, 0x2f, 0x73, 0x69, 0x6d, 0x70,
  0x6c, 0x65, 0x5f, 0x72, 0x6e, 0x6e, 0x5f, 0x63, 0x65, 0x6c, 0x6c, 0x2f,
  0x42, 0x69, 0x61, 0x73, 0x41, 0x64, 0x64, 0x5f, 0x35, 0x00, 0x00, 0x00,
  0x02, 0x00, 0x00, 0x00, 0x01, 0x00, 0x00, 0x00, 0x32, 0x00, 0x00, 0x00,
  0xca, 0xb6, 0xff, 0xff, 0x00, 0x00, 0x00, 0x01, 0x18, 0x00, 0x00, 0x00,
  0x20, 0x00, 0x00, 0x00, 0x3c, 0x00, 0x00, 0x00, 0x44, 0x00, 0x00, 0x00,
  0x00, 0x00, 0x00, 0x09, 0x60, 0x00, 0x00, 0x00, 0x02, 0x00, 0x00, 0x00,
  0xff, 0xff, 0xff, 0xff, 0x32, 0x00, 0x00, 0x00, 0xdc, 0xa7, 0xff, 0xff,
  0x08, 0x00, 0x00, 0x00, 0x10, 0x00, 0x00, 0x00, 0x01, 0x00, 0x00, 0x00,
  0xea, 0xff, 0xff, 0xff, 0xff, 0xff, 0xff, 0xff, 0x01, 0x00, 0x00, 0x00,
  0x43, 0x43, 0x66, 0x3c, 0x29, 0x00, 0x00, 0x00, 0x6d, 0x6f, 0x64, 0x65,
  0x6c, 0x2f, 0x73, 0x69, 0x6d, 0x70, 0x6c, 0x65, 0x5f, 0x72, 0x6e, 0x6e,
  0x2f, 0x73, 0x69, 0x6d, 0x70, 0x6c, 0x65, 0x5f, 0x72, 0x6e, 0x6e, 0x5f,
  0x63, 0x65, 0x6c, 0x6c, 0x2f, 0x4d, 0x61, 0x74, 0x4d, 0x75, 0x6c, 0x5f,
  0x33, 0x00, 0x00, 0x00, 0x02, 0x00, 0x00, 0x00, 0x01, 0x00, 0x00, 0x00,
  0x32, 0x00, 0x00, 0x00, 0x52, 0xb7, 0xff, 0xff, 0x00, 0x00, 0x00, 0x01,
  0x18, 0x00, 0x00, 0x00, 0x20, 0x00, 0x00, 0x00, 0x3c, 0x00, 0x00, 0x00,
  0x43, 0x00, 0x00, 0x00, 0x00, 0x00, 0x00, 0x09, 0x80, 0x00, 0x00, 0x00,
  0x02, 0x00, 0x00, 0x00, 0xff, 0xff, 0xff, 0xff, 0x32, 0x00, 0x00, 0x00,
  0x64, 0xa8, 0xff, 0xff, 0x08, 0x00, 0x00, 0x00, 0x10, 0x00, 0x00, 0x00,
  0x01, 0x00, 0x00, 0x00, 0x80, 0xff, 0xff, 0xff, 0xff, 0xff, 0xff, 0xff,
  0x01, 0x00, 0x00, 0x00, 0xc9, 0x98, 0x99, 0x3b, 0x4a, 0x00, 0x00, 0x00,
  0x6d, 0x6f, 0x64, 0x65, 0x6c, 0x2f, 0x73, 0x69, 0x6d, 0x70, 0x6c, 0x65,
  0x5f, 0x72, 0x6e, 0x6e, 0x2f, 0x73, 0x69, 0x6d, 0x70, 0x6c, 0x65, 0x5f,
  0x72, 0x6e, 0x6e, 0x5f, 0x63, 0x65, 0x6c, 0x6c, 0x2f, 0x52, 0x65, 0x6c,
  0x75, 0x3b, 0x6d, 0x6f, 0x64, 0x65, 0x6c, 0x2f, 0x73, 0x69, 0x6d, 0x70,
  0x6c, 0x65, 0x5f, 0x72, 0x6e, 0x6e, 0x2f, 0x73, 0x69, 0x6d, 0x70, 0x6c,
  0x65, 0x5f, 0x72, 0x6e, 0x6e, 0x5f, 0x63, 0x65, 0x6c, 0x6c, 0x2f, 0x61,
  0x64, 0x64, 0x00, 0x00, 0x02, 0x00, 0x00, 0x00, 0x01, 0x00, 0x00, 0x00,
  0x32, 0x00, 0x00, 0x00, 0xfa, 0xb7, 0xff, 0xff, 0x00, 0x00, 0x00, 0x01,
  0x18, 0x00, 0x00, 0x00, 0x20, 0x00, 0x00, 0x00, 0x3c, 0x00, 0x00, 0x00,
  0x42, 0x00, 0x00, 0x00, 0x00, 0x00, 0x00, 0x09, 0x88, 0x00, 0x00, 0x00,
  0x02, 0x00, 0x00, 0x00, 0xff, 0xff, 0xff, 0xff, 0x32, 0x00, 0x00, 0x00,
  0x0c, 0xa9, 0xff, 0xff, 0x08, 0x00, 0x00, 0x00, 0x10, 0x00, 0x00, 0x00,
  0x01, 0x00, 0x00, 0x00, 0xfe, 0xff, 0xff, 0xff, 0xff, 0xff, 0xff, 0xff,
  0x01, 0x00, 0x00, 0x00, 0xbd, 0xb0, 0x17, 0x3c, 0x50, 0x00, 0x00, 0x00,
  0x6d, 0x6f, 0x64, 0x65, 0x6c, 0x2f, 0x73, 0x69, 0x6d, 0x70, 0x6c, 0x65,
  0x5f, 0x72, 0x6e, 0x6e, 0x2f, 0x73, 0x69, 0x6d, 0x70, 0x6c, 0x65, 0x5f,
  0x72, 0x6e, 0x6e, 0x5f, 0x63, 0x65, 0x6c, 0x6c, 0x2f, 0x4d, 0x61, 0x74,
  0x4d, 0x75, 0x6c, 0x3b, 0x6d, 0x6f, 0x64, 0x65, 0x6c, 0x2f, 0x73, 0x69,
  0x6d, 0x70, 0x6c, 0x65, 0x5f, 0x72, 0x6e, 0x6e, 0x2f, 0x73, 0x69, 0x6d,
  0x70, 0x6c, 0x65, 0x5f, 0x72, 0x6e, 0x6e, 0x5f, 0x63, 0x65, 0x6c, 0x6c,
  0x2f, 0x42, 0x69, 0x61, 0x73, 0x41, 0x64, 0x64, 0x00, 0x00, 0x00, 0x00,
  0x02, 0x00, 0x00, 0x00, 0x01, 0x00, 0x00, 0x00, 0x32, 0x00, 0x00, 0x00,
  0xaa, 0xb8, 0xff, 0xff, 0x00, 0x00, 0x00, 0x01, 0x18, 0x00, 0x00, 0x00,
  0x20, 0x00, 0x00, 0x00, 0x3c, 0x00, 0x00, 0x00, 0x41, 0x00, 0x00, 0x00,
  0x00, 0x00, 0x00, 0x09, 0x60, 0x00, 0x00, 0x00, 0x02, 0x00, 0x00, 0x00,
  0xff, 0xff, 0xff, 0xff, 0x32, 0x00, 0x00, 0x00, 0xbc, 0xa9, 0xff, 0xff,
  0x08, 0x00, 0x00, 0x00, 0x10, 0x00, 0x00, 0x00, 0x01, 0x00, 0x00, 0x00,
  0x00, 0x00, 0x00, 0x00, 0x00, 0x00, 0x00, 0x00, 0x01, 0x00, 0x00, 0x00,
  0x7b, 0xbe, 0x06, 0x32, 0x2a, 0x00, 0x00, 0x00, 0x6d, 0x6f, 0x64, 0x65,
  0x6c, 0x2f, 0x73, 0x69, 0x6d, 0x70, 0x6c, 0x65, 0x5f, 0x72, 0x6e, 0x6e,
  0x2f, 0x73, 0x69, 0x6d, 0x70, 0x6c, 0x65, 0x5f, 0x72, 0x6e, 0x6e, 0x5f,
  0x63, 0x65, 0x6c, 0x6c, 0x2f, 0x4d, 0x61, 0x74, 0x4d, 0x75, 0x6c, 0x5f,
  0x31, 0x31, 0x00, 0x00, 0x02, 0x00, 0x00, 0x00, 0x01, 0x00, 0x00, 0x00,
  0x32, 0x00, 0x00, 0x00, 0x32, 0xb9, 0xff, 0xff, 0x00, 0x00, 0x00, 0x01,
  0x18, 0x00, 0x00, 0x00, 0x20, 0x00, 0x00, 0x00, 0x3c, 0x00, 0x00, 0x00,
  0x40, 0x00, 0x00, 0x00, 0x00, 0x00, 0x00, 0x09, 0x4c, 0x00, 0x00, 0x00,
  0x02, 0x00, 0x00, 0x00, 0xff, 0xff, 0xff, 0xff, 0x32, 0x00, 0x00, 0x00,
  0x44, 0xaa, 0xff, 0xff, 0x08, 0x00, 0x00, 0x00, 0x10, 0x00, 0x00, 0x00,
  0x01, 0x00, 0x00, 0x00, 0x00, 0x00, 0x00, 0x00, 0x00, 0x00, 0x00, 0x00,
  0x01, 0x00, 0x00, 0x00, 0x7b, 0xbe, 0x06, 0x32, 0x16, 0x00, 0x00, 0x00,
  0x6d, 0x6f, 0x64, 0x65, 0x6c, 0x2f, 0x73, 0x69, 0x6d, 0x70, 0x6c, 0x65,
  0x5f, 0x72, 0x6e, 0x6e, 0x2f, 0x7a, 0x65, 0x72, 0x6f, 0x73, 0x00, 0x00,
  0x02, 0x00, 0x00, 0x00, 0x01, 0x00, 0x00, 0x00, 0x32, 0x00, 0x00, 0x00,
  0x46, 0xa9, 0xff, 0xff, 0x00, 0x00, 0x00, 0x01, 0x14, 0x00, 0x00, 0x00,
  0x14, 0x00, 0x00, 0x00, 0x3f, 0x00, 0x00, 0x00, 0x00, 0x00, 0x00, 0x02,
  0x2c, 0x00, 0x00, 0x00, 0xb4, 0xa8, 0xff, 0xff, 0x1d, 0x00, 0x00, 0x00,
  0x6d, 0x6f, 0x64, 0x65, 0x6c, 0x2f, 0x73, 0x69, 0x6d, 0x70, 0x6c, 0x65,
  0x5f, 0x72, 0x6e, 0x6e, 0x2f, 0x7a, 0x65, 0x72, 0x6f, 0x73, 0x2f, 0x70,
  0x61, 0x63, 0x6b, 0x65, 0x64, 0x00, 0x00, 0x00, 0x01, 0x00, 0x00, 0x00,
  0x02, 0x00, 0x00, 0x00, 0xf2, 0xb9, 0xff, 0xff, 0x00, 0x00, 0x00, 0x01,
  0x18, 0x00, 0x00, 0x00, 0x20, 0x00, 0x00, 0x00, 0x40, 0x00, 0x00, 0x00,
  0x3e, 0x00, 0x00, 0x00, 0x00, 0x00, 0x00, 0x09, 0xb8, 0x02, 0x00, 0x00,
  0x02, 0x00, 0x00, 0x00, 0xff, 0xff, 0xff, 0xff, 0x01, 0x00, 0x00, 0x00,
  0x04, 0xab, 0xff, 0xff, 0x08, 0x00, 0x00, 0x00, 0x14, 0x00, 0x00, 0x00,
  0x01, 0x00, 0x00, 0x00, 0x7f, 0x00, 0x00, 0x00, 0x00, 0x00, 0x00, 0x00,
  0x00, 0x00, 0x00, 0x00, 0x01, 0x00, 0x00, 0x00, 0x74, 0xe1, 0x00, 0x3c,
  0x7e, 0x02, 0x00, 0x00, 0x6d, 0x6f, 0x64, 0x65, 0x6c, 0x2f, 0x73, 0x69,
  0x6d, 0x70, 0x6c, 0x65, 0x5f, 0x72, 0x6e, 0x6e, 0x2f, 0x75, 0x6e, 0x73,
  0x74, 0x61, 0x63, 0x6b, 0x3b, 0x6d, 0x6f, 0x64, 0x65, 0x6c, 0x2f, 0x73,
  0x69, 0x6d, 0x70, 0x6c, 0x65, 0x5f, 0x72, 0x6e, 0x6e, 0x2f, 0x75, 0x6e,
  0x73, 0x74, 0x61, 0x63, 0x6b, 0x31, 0x3b, 0x6d, 0x6f, 0x64, 0x65, 0x6c,
  0x2f, 0x73, 0x69, 0x6d, 0x70, 0x6c, 0x65, 0x5f, 0x72, 0x6e, 0x6e, 0x2f,
  0x75, 0x6e, 0x73, 0x74, 0x61, 0x63, 0x6b, 0x32, 0x3b, 0x6d, 0x6f, 0x64,
  0x65, 0x6c, 0x2f, 0x73, 0x69, 0x6d, 0x70, 0x6c, 0x65, 0x5f, 0x72, 0x6e,
  0x6e, 0x2f, 0x75, 0x6e, 0x73, 0x74, 0x61, 0x63, 0x6b, 0x33, 0x3b, 0x6d,
  0x6f, 0x64, 0x65, 0x6c, 0x2f, 0x73, 0x69, 0x6d, 0x70, 0x6c, 0x65, 0x5f,
  0x72, 0x6e, 0x6e, 0x2f, 0x75, 0x6e, 0x73, 0x74, 0x61, 0x63, 0x6b, 0x34,
  0x3b, 0x6d, 0x6f, 0x64, 0x65, 0x6c, 0x2f, 0x73, 0x69, 0x6d, 0x70, 0x6c,
  0x65, 0x5f, 0x72, 0x6e, 0x6e, 0x2f, 0x75, 0x6e, 0x73, 0x74, 0x61, 0x63,
  0x6b, 0x35, 0x3b, 0x6d, 0x6f, 0x64, 0x65, 0x6c, 0x2f, 0x73, 0x69, 0x6d,
  0x70, 0x6c, 0x65, 0x5f, 0x72, 0x6e, 0x6e, 0x2f, 0x75, 0x6e, 0x73, 0x74,
  0x61, 0x63, 0x6b, 0x36, 0x3b, 0x6d, 0x6f, 0x64, 0x65, 0x6c, 0x2f, 0x73,
  0x69, 0x6d, 0x70, 0x6c, 0x65, 0x5f, 0x72, 0x6e, 0x6e, 0x2f, 0x75, 0x6e,
  0x73, 0x74, 0x61, 0x63, 0x6b, 0x37, 0x3b, 0x6d, 0x6f, 0x64, 0x65, 0x6c,
  0x2f, 0x73, 0x69, 0x6d, 0x70, 0x6c, 0x65, 0x5f, 0x72, 0x6e, 0x6e, 0x2f,
  0x75, 0x6e, 0x73, 0x74, 0x61, 0x63, 0x6b, 0x38, 0x3b, 0x6d, 0x6f, 0x64,
  0x65, 0x6c, 0x2f, 0x73, 0x69, 0x6d, 0x70, 0x6c, 0x65, 0x5f, 0x72, 0x6e,
  0x6e, 0x2f, 0x75, 0x6e, 0x73, 0x74, 0x61, 0x63, 0x6b, 0x39, 0x3b, 0x6d,
  0x6f, 0x64, 0x65, 0x6c, 0x2f, 0x73, 0x69, 0x6d, 0x70, 0x6c, 0x65, 0x5f,
  0x72, 0x6e, 0x6e, 0x2f, 0x75, 0x6e, 0x73, 0x74, 0x61, 0x63, 0x6b, 0x31,
  0x30, 0x3b, 0x6d, 0x6f, 0x64, 0x65, 0x6c, 0x2f, 0x73, 0x69, 0x6d, 0x70,
  0x6c, 0x65, 0x5f, 0x72, 0x6e, 0x6e, 0x2f, 0x75, 0x6e, 0x73, 0x74, 0x61,
  0x63, 0x6b, 0x31, 0x31, 0x3b, 0x6d, 0x6f, 0x64, 0x65, 0x6c, 0x2f, 0x73,
  0x69, 0x6d, 0x70, 0x6c, 0x65, 0x5f, 0x72, 0x6e, 0x6e, 0x2f, 0x75, 0x6e,
  0x73, 0x74, 0x61, 0x63, 0x6b, 0x31, 0x32, 0x3b, 0x6d, 0x6f, 0x64, 0x65,
  0x6c, 0x2f, 0x73, 0x69, 0x6d, 0x70, 0x6c, 0x65, 0x5f, 0x72, 0x6e, 0x6e,
  0x2f, 0x75, 0x6e, 0x73, 0x74, 0x61, 0x63, 0x6b, 0x31, 0x33, 0x3b, 0x6d,
  0x6f, 0x64, 0x65, 0x6c, 0x2f, 0x73, 0x69, 0x6d, 0x70, 0x6c, 0x65, 0x5f,
  0x72, 0x6e, 0x6e, 0x2f, 0x75, 0x6e, 0x73, 0x74, 0x61, 0x63, 0x6b, 0x31,
  0x34, 0x3b, 0x6d, 0x6f, 0x64, 0x65, 0x6c, 0x2f, 0x73, 0x69, 0x6d, 0x70,
  0x6c, 0x65, 0x5f, 0x72, 0x6e, 0x6e, 0x2f, 0x75, 0x6e, 0x73, 0x74, 0x61,
  0x63, 0x6b, 0x31, 0x35, 0x3b, 0x6d, 0x6f, 0x64, 0x65, 0x6c, 0x2f, 0x73,
  0x69, 0x6d, 0x70, 0x6c, 0x65, 0x5f, 0x72, 0x6e, 0x6e, 0x2f, 0x75, 0x6e,
  0x73, 0x74, 0x61, 0x63, 0x6b, 0x31, 0x36, 0x3b, 0x6d, 0x6f, 0x64, 0x65,
  0x6c, 0x2f, 0x73, 0x69, 0x6d, 0x70, 0x6c, 0x65, 0x5f, 0x72, 0x6e, 0x6e,
  0x2f, 0x75, 0x6e, 0x73, 0x74, 0x61, 0x63, 0x6b, 0x31, 0x37, 0x3b, 0x6d,
  0x6f, 0x64, 0x65, 0x6c, 0x2f, 0x73, 0x69, 0x6d, 0x70, 0x6c, 0x65, 0x5f,
  0x72, 0x6e, 0x6e, 0x2f, 0x75, 0x6e, 0x73, 0x74, 0x61, 0x63, 0x6b, 0x31,
  0x38, 0x3b, 0x6d, 0x6f, 0x64, 0x65, 0x6c, 0x2f, 0x73, 0x69, 0x6d, 0x70,
  0x6c, 0x65, 0x5f, 0x72, 0x6e, 0x6e, 0x2f, 0x75, 0x6e, 0x73, 0x74, 0x61,
  0x63, 0x6b, 0x31, 0x39, 0x3b, 0x6d, 0x6f, 0x64, 0x65, 0x6c, 0x2f, 0x73,
  0x69, 0x6d, 0x70, 0x6c, 0x65, 0x5f, 0x72, 0x6e, 0x6e, 0x2f, 0x75, 0x6e,
  0x73, 0x74, 0x61, 0x63, 0x6b, 0x32, 0x30, 0x3b, 0x6d, 0x6f, 0x64, 0x65,
  0x6c, 0x2f, 0x73, 0x69, 0x6d, 0x70, 0x6c, 0x65, 0x5f, 0x72, 0x6e, 0x6e,
  0x2f, 0x75, 0x6e, 0x73, 0x74, 0x61, 0x63, 0x6b, 0x32, 0x31, 0x3b, 0x6d,
  0x6f, 0x64, 0x65, 0x6c, 0x2f, 0x73, 0x69, 0x6d, 0x70, 0x6c, 0x65, 0x5f,
  0x72, 0x6e, 0x6e, 0x2f, 0x75, 0x6e, 0x73, 0x74, 0x61, 0x63, 0x6b, 0x32,
  0x32, 0x3b, 0x6d, 0x6f, 0x64, 0x65, 0x6c, 0x2f, 0x73, 0x69, 0x6d, 0x70,
  0x6c, 0x65, 0x5f, 0x72, 0x6e, 0x6e, 0x2f, 0x75, 0x6e, 0x73, 0x74, 0x61,
  0x63, 0x6b, 0x32, 0x33, 0x32, 0x33, 0x00, 0x00, 0x02, 0x00, 0x00, 0x00,
  0x01, 0x00, 0x00, 0x00, 0x01, 0x00, 0x00, 0x00, 0xd2, 0xbc, 0xff, 0xff,
  0x00, 0x00, 0x00, 0x01, 0x18, 0x00, 0x00, 0x00, 0x20, 0x00, 0x00, 0x00,
  0x40, 0x00, 0x00, 0x00, 0x3d, 0x00, 0x00, 0x00, 0x00, 0x00, 0x00, 0x09,
  0xb8, 0x02, 0x00, 0x00, 0x02, 0x00, 0x00, 0x00, 0xff, 0xff, 0xff, 0xff,
  0x01, 0x00, 0x00, 0x00, 0xe4, 0xad, 0xff, 0xff, 0x08, 0x00, 0x00, 0x00,
  0x14, 0x00, 0x00, 0x00, 0x01, 0x00, 0x00, 0x00, 0x7f, 0x00, 0x00, 0x00,
  0x00, 0x00, 0x00, 0x00, 0x00, 0x00, 0x00, 0x00, 0x01, 0x00, 0x00, 0x00,
  0x74, 0xe1, 0x00, 0x3c, 0x7e, 0x02, 0x00, 0x00, 0x6d, 0x6f, 0x64, 0x65,
  0x6c, 0x2f, 0x73, 0x69, 0x6d, 0x70, 0x6c, 0x65, 0x5f, 0x72, 0x6e, 0x6e,
  0x2f, 0x75, 0x6e, 0x73, 0x74, 0x61, 0x63, 0x6b, 0x3b, 0x6d, 0x6f, 0x64,
  0x65, 0x6c, 0x2f, 0x73, 0x69, 0x6d, 0x70, 0x6c, 0x65, 0x5f, 0x72, 0x6e,
  0x6e, 0x2f, 0x75, 0x6e, 0x73, 0x74, 0x61, 0x63, 0x6b, 0x31, 0x3b, 0x6d,
  0x6f, 0x64, 0x65, 0x6c, 0x2f, 0x73, 0x69, 0x6d, 0x70, 0x6c, 0x65, 0x5f,
  0x72, 0x6e, 0x6e, 0x2f, 0x75, 0x6e, 0x73, 0x74, 0x61, 0x63, 0x6b, 0x32,
  0x3b, 0x6d, 0x6f, 0x64, 0x65, 0x6c, 0x2f, 0x73, 0x69, 0x6d, 0x70, 0x6c,
  0x65, 0x5f, 0x72, 0x6e, 0x6e, 0x2f, 0x75, 0x6e, 0x73, 0x74, 0x61, 0x63,
  0x6b, 0x33, 0x3b, 0x6d, 0x6f, 0x64, 0x65, 0x6c, 0x2f, 0x73, 0x69, 0x6d,
  0x70, 0x6c, 0x65, 0x5f, 0x72, 0x6e, 0x6e, 0x2f, 0x75, 0x6e, 0x73, 0x74,
  0x61, 0x63, 0x6b, 0x34, 0x3b, 0x6d, 0x6f, 0x64, 0x65, 0x6c, 0x2f, 0x73,
  0x69, 0x6d, 0x70, 0x6c, 0x65, 0x5f, 0x72, 0x6e, 0x6e, 0x2f, 0x75, 0x6e,
  0x73, 0x74, 0x61, 0x63, 0x6b, 0x35, 0x3b, 0x6d, 0x6f, 0x64, 0x65, 0x6c,
  0x2f, 0x73, 0x69, 0x6d, 0x70, 0x6c, 0x65, 0x5f, 0x72, 0x6e, 0x6e, 0x2f,
  0x75, 0x6e, 0x73, 0x74, 0x61, 0x63, 0x6b, 0x36, 0x3b, 0x6d, 0x6f, 0x64,
  0x65, 0x6c, 0x2f, 0x73, 0x69, 0x6d, 0x70, 0x6c, 0x65, 0x5f, 0x72, 0x6e,
  0x6e, 0x2f, 0x75, 0x6e, 0x73, 0x74, 0x61, 0x63, 0x6b, 0x37, 0x3b, 0x6d,
  0x6f, 0x64, 0x65, 0x6c, 0x2f, 0x73, 0x69, 0x6d, 0x70, 0x6c, 0x65, 0x5f,
  0x72, 0x6e, 0x6e, 0x2f, 0x75, 0x6e, 0x73, 0x74, 0x61, 0x63, 0x6b, 0x38,
  0x3b, 0x6d, 0x6f, 0x64, 0x65, 0x6c, 0x2f, 0x73, 0x69, 0x6d, 0x70, 0x6c,
  0x65, 0x5f, 0x72, 0x6e, 0x6e, 0x2f, 0x75, 0x6e, 0x73, 0x74, 0x61, 0x63,
  0x6b, 0x39, 0x3b, 0x6d, 0x6f, 0x64, 0x65, 0x6c, 0x2f, 0x73, 0x69, 0x6d,
  0x70, 0x6c, 0x65, 0x5f, 0x72, 0x6e, 0x6e, 0x2f, 0x75, 0x6e, 0x73, 0x74,
  0x61, 0x63, 0x6b, 0x31, 0x30, 0x3b, 0x6d, 0x6f, 0x64, 0x65, 0x6c, 0x2f,
  0x73, 0x69, 0x6d, 0x70, 0x6c, 0x65, 0x5f, 0x72, 0x6e, 0x6e, 0x2f, 0x75,
  0x6e, 0x73, 0x74, 0x61, 0x63, 0x6b, 0x31, 0x31, 0x3b, 0x6d, 0x6f, 0x64,
  0x65, 0x6c, 0x2f, 0x73, 0x69, 0x6d, 0x70, 0x6c, 0x65, 0x5f, 0x72, 0x6e,
  0x6e, 0x2f, 0x75, 0x6e, 0x73, 0x74, 0x61, 0x63, 0x6b, 0x31, 0x32, 0x3b,
  0x6d, 0x6f, 0x64, 0x65, 0x6c, 0x2f, 0x73, 0x69, 0x6d, 0x70, 0x6c, 0x65,
  0x5f, 0x72, 0x6e, 0x6e, 0x2f, 0x75, 0x6e, 0x73, 0x74, 0x61, 0x63, 0x6b,
  0x31, 0x33, 0x3b, 0x6d, 0x6f, 0x64, 0x65, 0x6c, 0x2f, 0x73, 0x69, 0x6d,
  0x70, 0x6c, 0x65, 0x5f, 0x72, 0x6e, 0x6e, 0x2f, 0x75, 0x6e, 0x73, 0x74,
  0x61, 0x63, 0x6b, 0x31, 0x34, 0x3b, 0x6d, 0x6f, 0x64, 0x65, 0x6c, 0x2f,
  0x73, 0x69, 0x6d, 0x70, 0x6c, 0x65, 0x5f, 0x72, 0x6e, 0x6e, 0x2f, 0x75,
  0x6e, 0x73, 0x74, 0x61, 0x63, 0x6b, 0x31, 0x35, 0x3b, 0x6d, 0x6f, 0x64,
  0x65, 0x6c, 0x2f, 0x73, 0x69, 0x6d, 0x70, 0x6c, 0x65, 0x5f, 0x72, 0x6e,
  0x6e, 0x2f, 0x75, 0x6e, 0x73, 0x74, 0x61, 0x63, 0x6b, 0x31, 0x36, 0x3b,
  0x6d, 0x6f, 0x64, 0x65, 0x6c, 0x2f, 0x73, 0x69, 0x6d, 0x70, 0x6c, 0x65,
  0x5f, 0x72, 0x6e, 0x6e, 0x2f, 0x75, 0x6e, 0x73, 0x74, 0x61, 0x63, 0x6b,
  0x31, 0x37, 0x3b, 0x6d, 0x6f, 0x64, 0x65, 0x6c, 0x2f, 0x73, 0x69, 0x6d,
  0x70, 0x6c, 0x65, 0x5f, 0x72, 0x6e, 0x6e, 0x2f, 0x75, 0x6e, 0x73, 0x74,
  0x61, 0x63, 0x6b, 0x31, 0x38, 0x3b, 0x6d, 0x6f, 0x64, 0x65, 0x6c, 0x2f,
  0x73, 0x69, 0x6d, 0x70, 0x6c, 0x65, 0x5f, 0x72, 0x6e, 0x6e, 0x2f, 0x75,
  0x6e, 0x73, 0x74, 0x61, 0x63, 0x6b, 0x31, 0x39, 0x3b, 0x6d, 0x6f, 0x64,
  0x65, 0x6c, 0x2f, 0x73, 0x69, 0x6d, 0x70, 0x6c, 0x65, 0x5f, 0x72, 0x6e,
  0x6e, 0x2f, 0x75, 0x6e, 0x73, 0x74, 0x61, 0x63, 0x6b, 0x32, 0x30, 0x3b,
  0x6d, 0x6f, 0x64, 0x65, 0x6c, 0x2f, 0x73, 0x69, 0x6d, 0x70, 0x6c, 0x65,
  0x5f, 0x72, 0x6e, 0x6e, 0x2f, 0x75, 0x6e, 0x73, 0x74, 0x61, 0x63, 0x6b,
  0x32, 0x31, 0x3b, 0x6d, 0x6f, 0x64, 0x65, 0x6c, 0x2f, 0x73, 0x69, 0x6d,
  0x70, 0x6c, 0x65, 0x5f, 0x72, 0x6e, 0x6e, 0x2f, 0x75, 0x6e, 0x73, 0x74,
  0x61, 0x63, 0x6b, 0x32, 0x32, 0x3b, 0x6d, 0x6f, 0x64, 0x65, 0x6c, 0x2f,
  0x73, 0x69, 0x6d, 0x70, 0x6c, 0x65, 0x5f, 0x72, 0x6e, 0x6e, 0x2f, 0x75,
  0x6e, 0x73, 0x74, 0x61, 0x63, 0x6b, 0x32, 0x33, 0x32, 0x32, 0x00, 0x00,
  0x02, 0x00, 0x00, 0x00, 0x01, 0x00, 0x00, 0x00, 0x01, 0x00, 0x00, 0x00,
  0xb2, 0xbf, 0xff, 0xff, 0x00, 0x00, 0x00, 0x01, 0x18, 0x00, 0x00, 0x00,
  0x20, 0x00, 0x00, 0x00, 0x40, 0x00, 0x00, 0x00, 0x3c, 0x00, 0x00, 0x00,
  0x00, 0x00, 0x00, 0x09, 0xb8, 0x02, 0x00, 0x00, 0x02, 0x00, 0x00, 0x00,
  0xff, 0xff, 0xff, 0xff, 0x01, 0x00, 0x00, 0x00, 0xc4, 0xb0, 0xff, 0xff,
  0x08, 0x00, 0x00, 0x00, 0x14, 0x00, 0x00, 0x00, 0x01, 0x00, 0x00, 0x00,
  0x7f, 0x00, 0x00, 0x00, 0x00, 0x00, 0x00, 0x00, 0x00, 0x00, 0x00, 0x00,
  0x01, 0x00, 0x00, 0x00, 0x74, 0xe1, 0x00, 0x3c, 0x7e, 0x02, 0x00, 0x00,
  0x6d, 0x6f, 0x64, 0x65, 0x6c, 0x2f, 0x73, 0x69, 0x6d, 0x70, 0x6c, 0x65,
  0x5f, 0x72, 0x6e, 0x6e, 0x2f, 0x75, 0x6e, 0x73, 0x74, 0x61, 0x63, 0x6b,
  0x3b, 0x6d, 0x6f, 0x64, 0x65, 0x6c, 0x2f, 0x73, 0x69, 0x6d, 0x70, 0x6c,
  0x65, 0x5f, 0x72, 0x6e, 0x6e, 0x2f, 0x75, 0x6e, 0x73, 0x74, 0x61, 0x63,
  0x6b, 0x31, 0x3b, 0x6d, 0x6f, 0x64, 0x65, 0x6c, 0x2f, 0x73, 0x69, 0x6d,
  0x70, 0x6c, 0x65, 0x5f, 0x72, 0x6e, 0x6e, 0x2f, 0x75, 0x6e, 0x73, 0x74,
  0x61, 0x63, 0x6b, 0x32, 0x3b, 0x6d, 0x6f, 0x64, 0x65, 0x6c, 0x2f, 0x73,
  0x69, 0x6d, 0x70, 0x6c, 0x65, 0x5f, 0x72, 0x6e, 0x6e, 0x2f, 0x75, 0x6e,
  0x73, 0x74, 0x61, 0x63, 0x6b, 0x33, 0x3b, 0x6d, 0x6f, 0x64, 0x65, 0x6c,
  0x2f, 0x73, 0x69, 0x6d, 0x70, 0x6c, 0x65, 0x5f, 0x72, 0x6e, 0x6e, 0x2f,
  0x75, 0x6e, 0x73, 0x74, 0x61, 0x63, 0x6b, 0x34, 0x3b, 0x6d, 0x6f, 0x64,
  0x65, 0x6c, 0x2f, 0x73, 0x69, 0x6d, 0x70, 0x6c, 0x65, 0x5f, 0x72, 0x6e,
  0x6e, 0x2f, 0x75, 0x6e, 0x73, 0x74, 0x61, 0x63, 0x6b, 0x35, 0x3b, 0x6d,
  0x6f, 0x64, 0x65, 0x6c, 0x2f, 0x73, 0x69, 0x6d, 0x70, 0x6c, 0x65, 0x5f,
  0x72, 0x6e, 0x6e, 0x2f, 0x75, 0x6e, 0x73, 0x74, 0x61, 0x63, 0x6b, 0x36,
  0x3b, 0x6d, 0x6f, 0x64, 0x65, 0x6c, 0x2f, 0x73, 0x69, 0x6d, 0x70, 0x6c,
  0x65, 0x5f, 0x72, 0x6e, 0x6e, 0x2f, 0x75, 0x6e, 0x73, 0x74, 0x61, 0x63,
  0x6b, 0x37, 0x3b, 0x6d, 0x6f, 0x64, 0x65, 0x6c, 0x2f, 0x73, 0x69, 0x6d,
  0x70, 0x6c, 0x65, 0x5f, 0x72, 0x6e, 0x6e, 0x2f, 0x75, 0x6e, 0x73, 0x74,
  0x61, 0x63, 0x6b, 0x38, 0x3b, 0x6d, 0x6f, 0x64, 0x65, 0x6c, 0x2f, 0x73,
  0x69, 0x6d, 0x70, 0x6c, 0x65, 0x5f, 0x72, 0x6e, 0x6e, 0x2f, 0x75, 0x6e,
  0x73, 0x74, 0x61, 0x63, 0x6b, 0x39, 0x3b, 0x6d, 0x6f, 0x64, 0x65, 0x6c,
  0x2f, 0x73, 0x69, 0x6d, 0x70, 0x6c, 0x65, 0x5f, 0x72, 0x6e, 0x6e, 0x2f,
  0x75, 0x6e, 0x73, 0x74, 0x61, 0x63, 0x6b, 0x31, 0x30, 0x3b, 0x6d, 0x6f,
  0x64, 0x65, 0x6c, 0x2f, 0x73, 0x69, 0x6d, 0x70, 0x6c, 0x65, 0x5f, 0x72,
  0x6e, 0x6e, 0x2f, 0x75, 0x6e, 0x73, 0x74, 0x61, 0x63, 0x6b, 0x31, 0x31,
  0x3b, 0x6d, 0x6f, 0x64, 0x65, 0x6c, 0x2f, 0x73, 0x69, 0x6d, 0x70, 0x6c,
  0x65, 0x5f, 0x72, 0x6e, 0x6e, 0x2f, 0x75, 0x6e, 0x73, 0x74, 0x61, 0x63,
  0x6b, 0x31, 0x32, 0x3b, 0x6d, 0x6f, 0x64, 0x65, 0x6c, 0x2f, 0x73, 0x69,
  0x6d, 0x70, 0x6c, 0x65, 0x5f, 0x72, 0x6e, 0x6e, 0x2f, 0x75, 0x6e, 0x73,
  0x74, 0x61, 0x63, 0x6b, 0x31, 0x33, 0x3b, 0x6d, 0x6f, 0x64, 0x65, 0x6c,
  0x2f, 0x73, 0x69, 0x6d, 0x70, 0x6c, 0x65, 0x5f, 0x72, 0x6e, 0x6e, 0x2f,
  0x75, 0x6e, 0x73, 0x74, 0x61, 0x63, 0x6b, 0x31, 0x34, 0x3b, 0x6d, 0x6f,
  0x64, 0x65, 0x6c, 0x2f, 0x73, 0x69, 0x6d, 0x70, 0x6c, 0x65, 0x5f, 0x72,
  0x6e, 0x6e, 0x2f, 0x75, 0x6e, 0x73, 0x74, 0x61, 0x63, 0x6b, 0x31, 0x35,
  0x3b, 0x6d, 0x6f, 0x64, 0x65, 0x6c, 0x2f, 0x73, 0x69, 0x6d, 0x70, 0x6c,
  0x65, 0x5f, 0x72, 0x6e, 0x6e, 0x2f, 0x75, 0x6e, 0x73, 0x74, 0x61, 0x63,
  0x6b, 0x31, 0x36, 0x3b, 0x6d, 0x6f, 0x64, 0x65, 0x6c, 0x2f, 0x73, 0x69,
  0x6d, 0x70, 0x6c, 0x65, 0x5f, 0x72, 0x6e, 0x6e, 0x2f, 0x75, 0x6e, 0x73,
  0x74, 0x61, 0x63, 0x6b, 0x31, 0x37, 0x3b, 0x6d, 0x6f, 0x64, 0x65, 0x6c,
  0x2f, 0x73, 0x69, 0x6d, 0x70, 0x6c, 0x65, 0x5f, 0x72, 0x6e, 0x6e, 0x2f,
  0x75, 0x6e, 0x73, 0x74, 0x61, 0x63, 0x6b, 0x31, 0x38, 0x3b, 0x6d, 0x6f,
  0x64, 0x65, 0x6c, 0x2f, 0x73, 0x69, 0x6d, 0x70, 0x6c, 0x65, 0x5f, 0x72,
  0x6e, 0x6e, 0x2f, 0x75, 0x6e, 0x73, 0x74, 0x61, 0x63, 0x6b, 0x31, 0x39,
  0x3b, 0x6d, 0x6f, 0x64, 0x65, 0x6c, 0x2f, 0x73, 0x69, 0x6d, 0x70, 0x6c,
  0x65, 0x5f, 0x72, 0x6e, 0x6e, 0x2f, 0x75, 0x6e, 0x73, 0x74, 0x61, 0x63,
  0x6b, 0x32, 0x30, 0x3b, 0x6d, 0x6f, 0x64, 0x65, 0x6c, 0x2f, 0x73, 0x69,
  0x6d, 0x70, 0x6c, 0x65, 0x5f, 0x72, 0x6e, 0x6e, 0x2f, 0x75, 0x6e, 0x73,
  0x74, 0x61, 0x63, 0x6b, 0x32, 0x31, 0x3b, 0x6d, 0x6f, 0x64, 0x65, 0x6c,
  0x2f, 0x73, 0x69, 0x6d, 0x70, 0x6c, 0x65, 0x5f, 0x72, 0x6e, 0x6e, 0x2f,
  0x75, 0x6e, 0x73, 0x74, 0x61, 0x63, 0x6b, 0x32, 0x32, 0x3b, 0x6d, 0x6f,
  0x64, 0x65, 0x6c, 0x2f, 0x73, 0x69, 0x6d, 0x70, 0x6c, 0x65, 0x5f, 0x72,
  0x6e, 0x6e, 0x2f, 0x75, 0x6e, 0x73, 0x74, 0x61, 0x63, 0x6b, 0x32, 0x33,
  0x32, 0x31, 0x00, 0x00, 0x02, 0x00, 0x00, 0x00, 0x01, 0x00, 0x00, 0x00,
  0x01, 0x00, 0x00, 0x00, 0x92, 0xc2, 0xff, 0xff, 0x00, 0x00, 0x00, 0x01,
  0x18, 0x00, 0x00, 0x00, 0x20, 0x00, 0x00, 0x00, 0x40, 0x00, 0x00, 0x00,
  0x3b, 0x00, 0x00, 0x00, 0x00, 0x00, 0x00, 0x09, 0xb8, 0x02, 0x00, 0x00,
  0x02, 0x00, 0x00, 0x00, 0xff, 0xff, 0xff, 0xff, 0x01, 0x00, 0x00, 0x00,
  0xa4, 0xb3, 0xff, 0xff, 0x08, 0x00, 0x00, 0x00, 0x14, 0x00, 0x00, 0x00,
  0x01, 0x00, 0x00, 0x00, 0x7f, 0x00, 0x00, 0x00, 0x00, 0x00, 0x00, 0x00,
  0x00, 0x00, 0x00, 0x00, 0x01, 0x00, 0x00, 0x00, 0x74, 0xe1, 0x00, 0x3c,
  0x7e, 0x02, 0x00, 0x00, 0x6d, 0x6f, 0x64, 0x65, 0x6c, 0x2f, 0x73, 0x69,
  0x6d, 0x70, 0x6c, 0x65, 0x5f, 0x72, 0x6e, 0x6e, 0x2f, 0x75, 0x6e, 0x73,
  0x74, 0x61, 0x63, 0x6b, 0x3b, 0x6d, 0x6f, 0x64, 0x65, 0x6c, 0x2f, 0x73,
  0x69, 0x6d, 0x70, 0x6c, 0x65, 0x5f, 0x72, 0x6e, 0x6e, 0x2f, 0x75, 0x6e,
  0x73, 0x74, 0x61, 0x63, 0x6b, 0x31, 0x3b, 0x6d, 0x6f, 0x64, 0x65, 0x6c,
  0x2f, 0x73, 0x69, 0x6d, 0x70, 0x6c, 0x65, 0x5f, 0x72, 0x6e, 0x6e, 0x2f,
  0x75, 0x6e, 0x73, 0x74, 0x61, 0x63, 0x6b, 0x32, 0x3b, 0x6d, 0x6f, 0x64,
  0x65, 0x6c, 0x2f, 0x73, 0x69, 0x6d, 0x70, 0x6c, 0x65, 0x5f, 0x72, 0x6e,
  0x6e, 0x2f, 0x75, 0x6e, 0x73, 0x74, 0x61, 0x63, 0x6b, 0x33, 0x3b, 0x6d,
  0x6f, 0x64, 0x65, 0x6c, 0x2f, 0x73, 0x69, 0x6d, 0x70, 0x6c, 0x65, 0x5f,
  0x72, 0x6e, 0x6e, 0x2f, 0x75, 0x6e, 0x73, 0x74, 0x61, 0x63, 0x6b, 0x34,
  0x3b, 0x6d, 0x6f, 0x64, 0x65, 0x6c, 0x2f, 0x73, 0x69, 0x6d, 0x70, 0x6c,
  0x65, 0x5f, 0x72, 0x6e, 0x6e, 0x2f, 0x75, 0x6e, 0x73, 0x74, 0x61, 0x63,
  0x6b, 0x35, 0x3b, 0x6d, 0x6f, 0x64, 0x65, 0x6c, 0x2f, 0x73, 0x69, 0x6d,
  0x70, 0x6c, 0x65, 0x5f, 0x72, 0x6e, 0x6e, 0x2f, 0x75, 0x6e, 0x73, 0x74,
  0x61, 0x63, 0x6b, 0x36, 0x3b, 0x6d, 0x6f, 0x64, 0x65, 0x6c, 0x2f, 0x73,
  0x69, 0x6d, 0x70, 0x6c, 0x65, 0x5f, 0x72, 0x6e, 0x6e, 0x2f, 0x75, 0x6e,
  0x73, 0x74, 0x61, 0x63, 0x6b, 0x37, 0x3b, 0x6d, 0x6f, 0x64, 0x65, 0x6c,
  0x2f, 0x73, 0x69, 0x6d, 0x70, 0x6c, 0x65, 0x5f, 0x72, 0x6e, 0x6e, 0x2f,
  0x75, 0x6e, 0x73, 0x74, 0x61, 0x63, 0x6b, 0x38, 0x3b, 0x6d, 0x6f, 0x64,
  0x65, 0x6c, 0x2f, 0x73, 0x69, 0x6d, 0x70, 0x6c, 0x65, 0x5f, 0x72, 0x6e,
  0x6e, 0x2f, 0x75, 0x6e, 0x73, 0x74, 0x61, 0x63, 0x6b, 0x39, 0x3b, 0x6d,
  0x6f, 0x64, 0x65, 0x6c, 0x2f, 0x73, 0x69, 0x6d, 0x70, 0x6c, 0x65, 0x5f,
  0x72, 0x6e, 0x6e, 0x2f, 0x75, 0x6e, 0x73, 0x74, 0x61, 0x63, 0x6b, 0x31,
  0x30, 0x3b, 0x6d, 0x6f, 0x64, 0x65, 0x6c, 0x2f, 0x73, 0x69, 0x6d, 0x70,
  0x6c, 0x65, 0x5f, 0x72, 0x6e, 0x6e, 0x2f, 0x75, 0x6e, 0x73, 0x74, 0x61,
  0x63, 0x6b, 0x31, 0x31, 0x3b, 0x6d, 0x6f, 0x64, 0x65, 0x6c, 0x2f, 0x73,
  0x69, 0x6d, 0x70, 0x6c, 0x65, 0x5f, 0x72, 0x6e, 0x6e, 0x2f, 0x75, 0x6e,
  0x73, 0x74, 0x61, 0x63, 0x6b, 0x31, 0x32, 0x3b, 0x6d, 0x6f, 0x64, 0x65,
  0x6c, 0x2f, 0x73, 0x69, 0x6d, 0x70, 0x6c, 0x65, 0x5f, 0x72, 0x6e, 0x6e,
  0x2f, 0x75, 0x6e, 0x73, 0x74, 0x61, 0x63, 0x6b, 0x31, 0x33, 0x3b, 0x6d,
  0x6f, 0x64, 0x65, 0x6c, 0x2f, 0x73, 0x69, 0x6d, 0x70, 0x6c, 0x65, 0x5f,
  0x72, 0x6e, 0x6e, 0x2f, 0x75, 0x6e, 0x73, 0x74, 0x61, 0x63, 0x6b, 0x31,
  0x34, 0x3b, 0x6d, 0x6f, 0x64, 0x65, 0x6c, 0x2f, 0x73, 0x69, 0x6d, 0x70,
  0x6c, 0x65, 0x5f, 0x72, 0x6e, 0x6e, 0x2f, 0x75, 0x6e, 0x73, 0x74, 0x61,
  0x63, 0x6b, 0x31, 0x35, 0x3b, 0x6d, 0x6f, 0x64, 0x65, 0x6c, 0x2f, 0x73,
  0x69, 0x6d, 0x70, 0x6c, 0x65, 0x5f, 0x72, 0x6e, 0x6e, 0x2f, 0x75, 0x6e,
  0x73, 0x74, 0x61, 0x63, 0x6b, 0x31, 0x36, 0x3b, 0x6d, 0x6f, 0x64, 0x65,
  0x6c, 0x2f, 0x73, 0x69, 0x6d, 0x70, 0x6c, 0x65, 0x5f, 0x72, 0x6e, 0x6e,
  0x2f, 0x75, 0x6e, 0x73, 0x74, 0x61, 0x63, 0x6b, 0x31, 0x37, 0x3b, 0x6d,
  0x6f, 0x64, 0x65, 0x6c, 0x2f, 0x73, 0x69, 0x6d, 0x70, 0x6c, 0x65, 0x5f,
  0x72, 0x6e, 0x6e, 0x2f, 0x75, 0x6e, 0x73, 0x74, 0x61, 0x63, 0x6b, 0x31,
  0x38, 0x3b, 0x6d, 0x6f, 0x64, 0x65, 0x6c, 0x2f, 0x73, 0x69, 0x6d, 0x70,
  0x6c, 0x65, 0x5f, 0x72, 0x6e, 0x6e, 0x2f, 0x75, 0x6e, 0x73, 0x74, 0x61,
  0x63, 0x6b, 0x31, 0x39, 0x3b, 0x6d, 0x6f, 0x64, 0x65, 0x6c, 0x2f, 0x73,
  0x69, 0x6d, 0x70, 0x6c, 0x65, 0x5f, 0x72, 0x6e, 0x6e, 0x2f, 0x75, 0x6e,
  0x73, 0x74, 0x61, 0x63, 0x6b, 0x32, 0x30, 0x3b, 0x6d, 0x6f, 0x64, 0x65,
  0x6c, 0x2f, 0x73, 0x69, 0x6d, 0x70, 0x6c, 0x65, 0x5f, 0x72, 0x6e, 0x6e,
  0x2f, 0x75, 0x6e, 0x73, 0x74, 0x61, 0x63, 0x6b, 0x32, 0x31, 0x3b, 0x6d,
  0x6f, 0x64, 0x65, 0x6c, 0x2f, 0x73, 0x69, 0x6d, 0x70, 0x6c, 0x65, 0x5f,
  0x72, 0x6e, 0x6e, 0x2f, 0x75, 0x6e, 0x73, 0x74, 0x61, 0x63, 0x6b, 0x32,
  0x32, 0x3b, 0x6d, 0x6f, 0x64, 0x65, 0x6c, 0x2f, 0x73, 0x69, 0x6d, 0x70,
  0x6c, 0x65, 0x5f, 0x72, 0x6e, 0x6e, 0x2f, 0x75, 0x6e, 0x73, 0x74, 0x61,
  0x63, 0x6b, 0x32, 0x33, 0x32, 0x30, 0x00, 0x00, 0x02, 0x00, 0x00, 0x00,
  0x01, 0x00, 0x00, 0x00, 0x01, 0x00, 0x00, 0x00, 0x72, 0xc5, 0xff, 0xff,
  0x00, 0x00, 0x00, 0x01, 0x18, 0x00, 0x00, 0x00, 0x20, 0x00, 0x00, 0x00,
  0x40, 0x00, 0x00, 0x00, 0x3a, 0x00, 0x00, 0x00, 0x00, 0x00, 0x00, 0x09,
  0xb8, 0x02, 0x00, 0x00, 0x02, 0x00, 0x00, 0x00, 0xff, 0xff, 0xff, 0xff,
  0x01, 0x00, 0x00, 0x00, 0x84, 0xb6, 0xff, 0xff, 0x08, 0x00, 0x00, 0x00,
  0x14, 0x00, 0x00, 0x00, 0x01, 0x00, 0x00, 0x00, 0x7f, 0x00, 0x00, 0x00,
  0x00, 0x00, 0x00, 0x00, 0x00, 0x00, 0x00, 0x00, 0x01, 0x00, 0x00, 0x00,
  0x74, 0xe1, 0x00, 0x3c, 0x7e, 0x02, 0x00, 0x00, 0x6d, 0x6f, 0x64, 0x65,
  0x6c, 0x2f, 0x73, 0x69, 0x6d, 0x70, 0x6c, 0x65, 0x5f, 0x72, 0x6e, 0x6e,
  0x2f, 0x75, 0x6e, 0x73, 0x74, 0x61, 0x63, 0x6b, 0x3b, 0x6d, 0x6f, 0x64,
  0x65, 0x6c, 0x2f, 0x73, 0x69, 0x6d, 0x70, 0x6c, 0x65, 0x5f, 0x72, 0x6e,
  0x6e, 0x2f, 0x75, 0x6e, 0x73, 0x74, 0x61, 0x63, 0x6b, 0x31, 0x3b, 0x6d,
  0x6f, 0x64, 0x65, 0x6c, 0x2f, 0x73, 0x69, 0x6d, 0x70, 0x6c, 0x65, 0x5f,
  0x72, 0x6e, 0x6e, 0x2f, 0x75, 0x6e, 0x73, 0x74, 0x61, 0x63, 0x6b, 0x32,
  0x3b, 0x6d, 0x6f, 0x64, 0x65, 0x6c, 0x2f, 0x73, 0x69, 0x6d, 0x70, 0x6c,
  0x65, 0x5f, 0x72, 0x6e, 0x6e, 0x2f, 0x75, 0x6e, 0x73, 0x74, 0x61, 0x63,
  0x6b, 0x33, 0x3b, 0x6d, 0x6f, 0x64, 0x65, 0x6c, 0x2f, 0x73, 0x69, 0x6d,
  0x70, 0x6c, 0x65, 0x5f, 0x72, 0x6e, 0x6e, 0x2f, 0x75, 0x6e, 0x73, 0x74,
  0x61, 0x63, 0x6b, 0x34, 0x3b, 0x6d, 0x6f, 0x64, 0x65, 0x6c, 0x2f, 0x73,
  0x69, 0x6d, 0x70, 0x6c, 0x65, 0x5f, 0x72, 0x6e, 0x6e, 0x2f, 0x75, 0x6e,
  0x73, 0x74, 0x61, 0x63, 0x6b, 0x35, 0x3b, 0x6d, 0x6f, 0x64, 0x65, 0x6c,
  0x2f, 0x73, 0x69, 0x6d, 0x70, 0x6c, 0x65, 0x5f, 0x72, 0x6e, 0x6e, 0x2f,
  0x75, 0x6e, 0x73, 0x74, 0x61, 0x63, 0x6b, 0x36, 0x3b, 0x6d, 0x6f, 0x64,
  0x65, 0x6c, 0x2f, 0x73, 0x69, 0x6d, 0x70, 0x6c, 0x65, 0x5f, 0x72, 0x6e,
  0x6e, 0x2f, 0x75, 0x6e, 0x73, 0x74, 0x61, 0x63, 0x6b, 0x37, 0x3b, 0x6d,
  0x6f, 0x64, 0x65, 0x6c, 0x2f, 0x73, 0x69, 0x6d, 0x70, 0x6c, 0x65, 0x5f,
  0x72, 0x6e, 0x6e, 0x2f, 0x75, 0x6e, 0x73, 0x74, 0x61, 0x63, 0x6b, 0x38,
  0x3b, 0x6d, 0x6f, 0x64, 0x65, 0x6c, 0x2f, 0x73, 0x69, 0x6d, 0x70, 0x6c,
  0x65, 0x5f, 0x72, 0x6e, 0x6e, 0x2f, 0x75, 0x6e, 0x73, 0x74, 0x61, 0x63,
  0x6b, 0x39, 0x3b, 0x6d, 0x6f, 0x64, 0x65, 0x6c, 0x2f, 0x73, 0x69, 0x6d,
  0x70, 0x6c, 0x65, 0x5f, 0x72, 0x6e, 0x6e, 0x2f, 0x75, 0x6e, 0x73, 0x74,
  0x61, 0x63, 0x6b, 0x31, 0x30, 0x3b, 0x6d, 0x6f, 0x64, 0x65, 0x6c, 0x2f,
  0x73, 0x69, 0x6d, 0x70, 0x6c, 0x65, 0x5f, 0x72, 0x6e, 0x6e, 0x2f, 0x75,
  0x6e, 0x73, 0x74, 0x61, 0x63, 0x6b, 0x31, 0x31, 0x3b, 0x6d, 0x6f, 0x64,
  0x65, 0x6c, 0x2f, 0x73, 0x69, 0x6d, 0x70, 0x6c, 0x65, 0x5f, 0x72, 0x6e,
  0x6e, 0x2f, 0x75, 0x6e, 0x73, 0x74, 0x61, 0x63, 0x6b, 0x31, 0x32, 0x3b,
  0x6d, 0x6f, 0x64, 0x65, 0x6c, 0x2f, 0x73, 0x69, 0x6d, 0x70, 0x6c, 0x65,
  0x5f, 0x72, 0x6e, 0x6e, 0x2f, 0x75, 0x6e, 0x73, 0x74, 0x61, 0x63, 0x6b,
  0x31, 0x33, 0x3b, 0x6d, 0x6f, 0x64, 0x65, 0x6c, 0x2f, 0x73, 0x69, 0x6d,
  0x70, 0x6c, 0x65, 0x5f, 0x72, 0x6e, 0x6e, 0x2f, 0x75, 0x6e, 0x73, 0x74,
  0x61, 0x63, 0x6b, 0x31, 0x34, 0x3b, 0x6d, 0x6f, 0x64, 0x65, 0x6c, 0x2f,
  0x73, 0x69, 0x6d, 0x70, 0x6c, 0x65, 0x5f, 0x72, 0x6e, 0x6e, 0x2f, 0x75,
  0x6e, 0x73, 0x74, 0x61, 0x63, 0x6b, 0x31, 0x35, 0x3b, 0x6d, 0x6f, 0x64,
  0x65, 0x6c, 0x2f, 0x73, 0x69, 0x6d, 0x70, 0x6c, 0x65, 0x5f, 0x72, 0x6e,
  0x6e, 0x2f, 0x75, 0x6e, 0x73, 0x74, 0x61, 0x63, 0x6b, 0x31, 0x36, 0x3b,
  0x6d, 0x6f, 0x64, 0x65, 0x6c, 0x2f, 0x73, 0x69, 0x6d, 0x70, 0x6c, 0x65,
  0x5f, 0x72, 0x6e, 0x6e, 0x2f, 0x75, 0x6e, 0x73, 0x74, 0x61, 0x63, 0x6b,
  0x31, 0x37, 0x3b, 0x6d, 0x6f, 0x64, 0x65, 0x6c, 0x2f, 0x73, 0x69, 0x6d,
  0x70, 0x6c, 0x65, 0x5f, 0x72, 0x6e, 0x6e, 0x2f, 0x75, 0x6e, 0x73, 0x74,
  0x61, 0x63, 0x6b, 0x31, 0x38, 0x3b, 0x6d, 0x6f, 0x64, 0x65, 0x6c, 0x2f,
  0x73, 0x69, 0x6d, 0x70, 0x6c, 0x65, 0x5f, 0x72, 0x6e, 0x6e, 0x2f, 0x75,
  0x6e, 0x73, 0x74, 0x61, 0x63, 0x6b, 0x31, 0x39, 0x3b, 0x6d, 0x6f, 0x64,
  0x65, 0x6c, 0x2f, 0x73, 0x69, 0x6d, 0x70, 0x6c, 0x65, 0x5f, 0x72, 0x6e,
  0x6e, 0x2f, 0x75, 0x6e, 0x73, 0x74, 0x61, 0x63, 0x6b, 0x32, 0x30, 0x3b,
  0x6d, 0x6f, 0x64, 0x65, 0x6c, 0x2f, 0x73, 0x69, 0x6d, 0x70, 0x6c, 0x65,
  0x5f, 0x72, 0x6e, 0x6e, 0x2f, 0x75, 0x6e, 0x73, 0x74, 0x61, 0x63, 0x6b,
  0x32, 0x31, 0x3b, 0x6d, 0x6f, 0x64, 0x65, 0x6c, 0x2f, 0x73, 0x69, 0x6d,
  0x70, 0x6c, 0x65, 0x5f, 0x72, 0x6e, 0x6e, 0x2f, 0x75, 0x6e, 0x73, 0x74,
  0x61, 0x63, 0x6b, 0x32, 0x32, 0x3b, 0x6d, 0x6f, 0x64, 0x65, 0x6c, 0x2f,
  0x73, 0x69, 0x6d, 0x70, 0x6c, 0x65, 0x5f, 0x72, 0x6e, 0x6e, 0x2f, 0x75,
  0x6e, 0x73, 0x74, 0x61, 0x63, 0x6b, 0x32, 0x33, 0x31, 0x39, 0x00, 0x00,
  0x02, 0x00, 0x00, 0x00, 0x01, 0x00, 0x00, 0x00, 0x01, 0x00, 0x00, 0x00,
  0x52, 0xc8, 0xff, 0xff, 0x00, 0x00, 0x00, 0x01, 0x18, 0x00, 0x00, 0x00,
  0x20, 0x00, 0x00, 0x00, 0x40, 0x00, 0x00, 0x00, 0x39, 0x00, 0x00, 0x00,
  0x00, 0x00, 0x00, 0x09, 0xb8, 0x02, 0x00, 0x00, 0x02, 0x00, 0x00, 0x00,
  0xff, 0xff, 0xff, 0xff, 0x01, 0x00, 0x00, 0x00, 0x64, 0xb9, 0xff, 0xff,
  0x08, 0x00, 0x00, 0x00, 0x14, 0x00, 0x00, 0x00, 0x01, 0x00, 0x00, 0x00,
  0x7f, 0x00, 0x00, 0x00, 0x00, 0x00, 0x00, 0x00, 0x00, 0x00, 0x00, 0x00,
  0x01, 0x00, 0x00, 0x00, 0x74, 0xe1, 0x00, 0x3c, 0x7e, 0x02, 0x00, 0x00,
  0x6d, 0x6f, 0x64, 0x65, 0x6c, 0x2f, 0x73, 0x69, 0x6d, 0x70, 0x6c, 0x65,
  0x5f, 0x72, 0x6e, 0x6e, 0x2f, 0x75, 0x6e, 0x73, 0x74, 0x61, 0x63, 0x6b,
  0x3b, 0x6d, 0x6f, 0x64, 0x65, 0x6c, 0x2f, 0x73, 0x69, 0x6d, 0x70, 0x6c,
  0x65, 0x5f, 0x72, 0x6e, 0x6e, 0x2f, 0x75, 0x6e, 0x73, 0x74, 0x61, 0x63,
  0x6b, 0x31, 0x3b, 0x6d, 0x6f, 0x64, 0x65, 0x6c, 0x2f, 0x73, 0x69, 0x6d,
  0x70, 0x6c, 0x65, 0x5f, 0x72, 0x6e, 0x6e, 0x2f, 0x75, 0x6e, 0x73, 0x74,
  0x61, 0x63, 0x6b, 0x32, 0x3b, 0x6d, 0x6f, 0x64, 0x65, 0x6c, 0x2f, 0x73,
  0x69, 0x6d, 0x70, 0x6c, 0x65, 0x5f, 0x72, 0x6e, 0x6e, 0x2f, 0x75, 0x6e,
  0x73, 0x74, 0x61, 0x63, 0x6b, 0x33, 0x3b, 0x6d, 0x6f, 0x64, 0x65, 0x6c,
  0x2f, 0x73, 0x69, 0x6d, 0x70, 0x6c, 0x65, 0x5f, 0x72, 0x6e, 0x6e, 0x2f,
  0x75, 0x6e, 0x73, 0x74, 0x61, 0x63, 0x6b, 0x34, 0x3b, 0x6d, 0x6f, 0x64,
  0x65, 0x6c, 0x2f, 0x73, 0x69, 0x6d, 0x70, 0x6c, 0x65, 0x5f, 0x72, 0x6e,
  0x6e, 0x2f, 0x75, 0x6e, 0x73, 0x74, 0x61, 0x63, 0x6b, 0x35, 0x3b, 0x6d,
  0x6f, 0x64, 0x65, 0x6c, 0x2f, 0x73, 0x69, 0x6d, 0x70, 0x6c, 0x65, 0x5f,
  0x72, 0x6e, 0x6e, 0x2f, 0x75, 0x6e, 0x73, 0x74, 0x61, 0x63, 0x6b, 0x36,
  0x3b, 0x6d, 0x6f, 0x64, 0x65, 0x6c, 0x2f, 0x73, 0x69, 0x6d, 0x70, 0x6c,
  0x65, 0x5f, 0x72, 0x6e, 0x6e, 0x2f, 0x75, 0x6e, 0x73, 0x74, 0x61, 0x63,
  0x6b, 0x37, 0x3b, 0x6d, 0x6f, 0x64, 0x65, 0x6c, 0x2f, 0x73, 0x69, 0x6d,
  0x70, 0x6c, 0x65, 0x5f, 0x72, 0x6e, 0x6e, 0x2f, 0x75, 0x6e, 0x73, 0x74,
  0x61, 0x63, 0x6b, 0x38, 0x3b, 0x6d, 0x6f, 0x64, 0x65, 0x6c, 0x2f, 0x73,
  0x69, 0x6d, 0x70, 0x6c, 0x65, 0x5f, 0x72, 0x6e, 0x6e, 0x2f, 0x75, 0x6e,
  0x73, 0x74, 0x61, 0x63, 0x6b, 0x39, 0x3b, 0x6d, 0x6f, 0x64, 0x65, 0x6c,
  0x2f, 0x73, 0x69, 0x6d, 0x70, 0x6c, 0x65, 0x5f, 0x72, 0x6e, 0x6e, 0x2f,
  0x75, 0x6e, 0x73, 0x74, 0x61, 0x63, 0x6b, 0x31, 0x30, 0x3b, 0x6d, 0x6f,
  0x64, 0x65, 0x6c, 0x2f, 0x73, 0x69, 0x6d, 0x70, 0x6c, 0x65, 0x5f, 0x72,
  0x6e, 0x6e, 0x2f, 0x75, 0x6e, 0x73, 0x74, 0x61, 0x63, 0x6b, 0x31, 0x31,
  0x3b, 0x6d, 0x6f, 0x64, 0x65, 0x6c, 0x2f, 0x73, 0x69, 0x6d, 0x70, 0x6c,
  0x65, 0x5f, 0x72, 0x6e, 0x6e, 0x2f, 0x75, 0x6e, 0x73, 0x74, 0x61, 0x63,
  0x6b, 0x31, 0x32, 0x3b, 0x6d, 0x6f, 0x64, 0x65, 0x6c, 0x2f, 0x73, 0x69,
  0x6d, 0x70, 0x6c, 0x65, 0x5f, 0x72, 0x6e, 0x6e, 0x2f, 0x75, 0x6e, 0x73,
  0x74, 0x61, 0x63, 0x6b, 0x31, 0x33, 0x3b, 0x6d, 0x6f, 0x64, 0x65, 0x6c,
  0x2f, 0x73, 0x69, 0x6d, 0x70, 0x6c, 0x65, 0x5f, 0x72, 0x6e, 0x6e, 0x2f,
  0x75, 0x6e, 0x73, 0x74, 0x61, 0x63, 0x6b, 0x31, 0x34, 0x3b, 0x6d, 0x6f,
  0x64, 0x65, 0x6c, 0x2f, 0x73, 0x69, 0x6d, 0x70, 0x6c, 0x65, 0x5f, 0x72,
  0x6e, 0x6e, 0x2f, 0x75, 0x6e, 0x73, 0x74, 0x61, 0x63, 0x6b, 0x31, 0x35,
  0x3b, 0x6d, 0x6f, 0x64, 0x65, 0x6c, 0x2f, 0x73, 0x69, 0x6d, 0x70, 0x6c,
  0x65, 0x5f, 0x72, 0x6e, 0x6e, 0x2f, 0x75, 0x6e, 0x73, 0x74, 0x61, 0x63,
  0x6b, 0x31, 0x36, 0x3b, 0x6d, 0x6f, 0x64, 0x65, 0x6c, 0x2f, 0x73, 0x69,
  0x6d, 0x70, 0x6c, 0x65, 0x5f, 0x72, 0x6e, 0x6e, 0x2f, 0x75, 0x6e, 0x73,
  0x74, 0x61, 0x63, 0x6b, 0x31, 0x37, 0x3b, 0x6d, 0x6f, 0x64, 0x65, 0x6c,
  0x2f, 0x73, 0x69, 0x6d, 0x70, 0x6c, 0x65, 0x5f, 0x72, 0x6e, 0x6e, 0x2f,
  0x75, 0x6e, 0x73, 0x74, 0x61, 0x63, 0x6b, 0x31, 0x38, 0x3b, 0x6d, 0x6f,
  0x64, 0x65, 0x6c, 0x2f, 0x73, 0x69, 0x6d, 0x70, 0x6c, 0x65, 0x5f, 0x72,
  0x6e, 0x6e, 0x2f, 0x75, 0x6e, 0x73, 0x74, 0x61, 0x63, 0x6b, 0x31, 0x39,
  0x3b, 0x6d, 0x6f, 0x64, 0x65, 0x6c, 0x2f, 0x73, 0x69, 0x6d, 0x70, 0x6c,
  0x65, 0x5f, 0x72, 0x6e, 0x6e, 0x2f, 0x75, 0x6e, 0x73, 0x74, 0x61, 0x63,
  0x6b, 0x32, 0x30, 0x3b, 0x6d, 0x6f, 0x64, 0x65, 0x6c, 0x2f, 0x73, 0x69,
  0x6d, 0x70, 0x6c, 0x65, 0x5f, 0x72, 0x6e, 0x6e, 0x2f, 0x75, 0x6e, 0x73,
  0x74, 0x61, 0x63, 0x6b, 0x32, 0x31, 0x3b, 0x6d, 0x6f, 0x64, 0x65, 0x6c,
  0x2f, 0x73, 0x69, 0x6d, 0x70, 0x6c, 0x65, 0x5f, 0x72, 0x6e, 0x6e, 0x2f,
  0x75, 0x6e, 0x73, 0x74, 0x61, 0x63, 0x6b, 0x32, 0x32, 0x3b, 0x6d, 0x6f,
  0x64, 0x65, 0x6c, 0x2f, 0x73, 0x69, 0x6d, 0x70, 0x6c, 0x65, 0x5f, 0x72,
  0x6e, 0x6e, 0x2f, 0x75, 0x6e, 0x73, 0x74, 0x61, 0x63, 0x6b, 0x32, 0x33,
  0x31, 0x38, 0x00, 0x00, 0x02, 0x00, 0x00, 0x00, 0x01, 0x00, 0x00, 0x00,
  0x01, 0x00, 0x00, 0x00, 0x32, 0xcb, 0xff, 0xff, 0x00, 0x00, 0x00, 0x01,
  0x18, 0x00, 0x00, 0x00, 0x20, 0x00, 0x00, 0x00, 0x40, 0x00, 0x00, 0x00,
  0x38, 0x00, 0x00, 0x00, 0x00, 0x00, 0x00, 0x09, 0xb8, 0x02, 0x00, 0x00,
  0x02, 0x00, 0x00, 0x00, 0xff, 0xff, 0xff, 0xff, 0x01, 0x00, 0x00, 0x00,
  0x44, 0xbc, 0xff, 0xff, 0x08, 0x00, 0x00, 0x00, 0x14, 0x00, 0x00, 0x00,
  0x01, 0x00, 0x00, 0x00, 0x7f, 0x00, 0x00, 0x00, 0x00, 0x00, 0x00, 0x00,
  0x00, 0x00, 0x00, 0x00, 0x01, 0x00, 0x00, 0x00, 0x74, 0xe1, 0x00, 0x3c,
  0x7e, 0x02, 0x00, 0x00, 0x6d, 0x6f, 0x64, 0x65, 0x6c, 0x2f, 0x73, 0x69,
  0x6d, 0x70, 0x6c, 0x65, 0x5f, 0x72, 0x6e, 0x6e, 0x2f, 0x75, 0x6e, 0x73,
  0x74, 0x61, 0x63, 0x6b, 0x3b, 0x6d, 0x6f, 0x64, 0x65, 0x6c, 0x2f, 0x73,
  0x69, 0x6d, 0x70, 0x6c, 0x65, 0x5f, 0x72, 0x6e, 0x6e, 0x2f, 0x75, 0x6e,
  0x73, 0x74, 0x61, 0x63, 0x6b, 0x31, 0x3b, 0x6d, 0x6f, 0x64, 0x65, 0x6c,
  0x2f, 0x73, 0x69, 0x6d, 0x70, 0x6c, 0x65, 0x5f, 0x72, 0x6e, 0x6e, 0x2f,
  0x75, 0x6e, 0x73, 0x74, 0x61, 0x63, 0x6b, 0x32, 0x3b, 0x6d, 0x6f, 0x64,
  0x65, 0x6c, 0x2f, 0x73, 0x69, 0x6d, 0x70, 0x6c, 0x65, 0x5f, 0x72, 0x6e,
  0x6e, 0x2f, 0x75, 0x6e, 0x73, 0x74, 0x61, 0x63, 0x6b, 0x33, 0x3b, 0x6d,
  0x6f, 0x64, 0x65, 0x6c, 0x2f, 0x73, 0x69, 0x6d, 0x70, 0x6c, 0x65, 0x5f,
  0x72, 0x6e, 0x6e, 0x2f, 0x75, 0x6e, 0x73, 0x74, 0x61, 0x63, 0x6b, 0x34,
  0x3b, 0x6d, 0x6f, 0x64, 0x65, 0x6c, 0x2f, 0x73, 0x69, 0x6d, 0x70, 0x6c,
  0x65, 0x5f, 0x72, 0x6e, 0x6e, 0x2f, 0x75, 0x6e, 0x73, 0x74, 0x61, 0x63,
  0x6b, 0x35, 0x3b, 0x6d, 0x6f, 0x64, 0x65, 0x6c, 0x2f, 0x73, 0x69, 0x6d,
  0x70, 0x6c, 0x65, 0x5f, 0x72, 0x6e, 0x6e, 0x2f, 0x75, 0x6e, 0x73, 0x74,
  0x61, 0x63, 0x6b, 0x36, 0x3b, 0x6d, 0x6f, 0x64, 0x65, 0x6c, 0x2f, 0x73,
  0x69, 0x6d, 0x70, 0x6c, 0x65, 0x5f, 0x72, 0x6e, 0x6e, 0x2f, 0x75, 0x6e,
  0x73, 0x74, 0x61, 0x63, 0x6b, 0x37, 0x3b, 0x6d, 0x6f, 0x64, 0x65, 0x6c,
  0x2f, 0x73, 0x69, 0x6d, 0x70, 0x6c, 0x65, 0x5f, 0x72, 0x6e, 0x6e, 0x2f,
  0x75, 0x6e, 0x73, 0x74, 0x61, 0x63, 0x6b, 0x38, 0x3b, 0x6d, 0x6f, 0x64,
  0x65, 0x6c, 0x2f, 0x73, 0x69, 0x6d, 0x70, 0x6c, 0x65, 0x5f, 0x72, 0x6e,
  0x6e, 0x2f, 0x75, 0x6e, 0x73, 0x74, 0x61, 0x63, 0x6b, 0x39, 0x3b, 0x6d,
  0x6f, 0x64, 0x65, 0x6c, 0x2f, 0x73, 0x69, 0x6d, 0x70, 0x6c, 0x65, 0x5f,
  0x72, 0x6e, 0x6e, 0x2f, 0x75, 0x6e, 0x73, 0x74, 0x61, 0x63, 0x6b, 0x31,
  0x30, 0x3b, 0x6d, 0x6f, 0x64, 0x65, 0x6c, 0x2f, 0x73, 0x69, 0x6d, 0x70,
  0x6c, 0x65, 0x5f, 0x72, 0x6e, 0x6e, 0x2f, 0x75, 0x6e, 0x73, 0x74, 0x61,
  0x63, 0x6b, 0x31, 0x31, 0x3b, 0x6d, 0x6f, 0x64, 0x65, 0x6c, 0x2f, 0x73,
  0x69, 0x6d, 0x70, 0x6c, 0x65, 0x5f, 0x72, 0x6e, 0x6e, 0x2f, 0x75, 0x6e,
  0x73, 0x74, 0x61, 0x63, 0x6b, 0x31, 0x32, 0x3b, 0x6d, 0x6f, 0x64, 0x65,
  0x6c, 0x2f, 0x73, 0x69, 0x6d, 0x70, 0x6c, 0x65, 0x5f, 0x72, 0x6e, 0x6e,
  0x2f, 0x75, 0x6e, 0x73, 0x74, 0x61, 0x63, 0x6b, 0x31, 0x33, 0x3b, 0x6d,
  0x6f, 0x64, 0x65, 0x6c, 0x2f, 0x73, 0x69, 0x6d, 0x70, 0x6c, 0x65, 0x5f,
  0x72, 0x6e, 0x6e, 0x2f, 0x75, 0x6e, 0x73, 0x74, 0x61, 0x63, 0x6b, 0x31,
  0x34, 0x3b, 0x6d, 0x6f, 0x64, 0x65, 0x6c, 0x2f, 0x73, 0x69, 0x6d, 0x70,
  0x6c, 0x65, 0x5f, 0x72, 0x6e, 0x6e, 0x2f, 0x75, 0x6e, 0x73, 0x74, 0x61,
  0x63, 0x6b, 0x31, 0x35, 0x3b, 0x6d, 0x6f, 0x64, 0x65, 0x6c, 0x2f, 0x73,
  0x69, 0x6d, 0x70, 0x6c, 0x65, 0x5f, 0x72, 0x6e, 0x6e, 0x2f, 0x75, 0x6e,
  0x73, 0x74, 0x61, 0x63, 0x6b, 0x31, 0x36, 0x3b, 0x6d, 0x6f, 0x64, 0x65,
  0x6c, 0x2f, 0x73, 0x69, 0x6d, 0x70, 0x6c, 0x65, 0x5f, 0x72, 0x6e, 0x6e,
  0x2f, 0x75, 0x6e, 0x73, 0x74, 0x61, 0x63, 0x6b, 0x31, 0x37, 0x3b, 0x6d,
  0x6f, 0x64, 0x65, 0x6c, 0x2f, 0x73, 0x69, 0x6d, 0x70, 0x6c, 0x65, 0x5f,
  0x72, 0x6e, 0x6e, 0x2f, 0x75, 0x6e, 0x73, 0x74, 0x61, 0x63, 0x6b, 0x31,
  0x38, 0x3b, 0x6d, 0x6f, 0x64, 0x65, 0x6c, 0x2f, 0x73, 0x69, 0x6d, 0x70,
  0x6c, 0x65, 0x5f, 0x72, 0x6e, 0x6e, 0x2f, 0x75, 0x6e, 0x73, 0x74, 0x61,
  0x63, 0x6b, 0x31, 0x39, 0x3b, 0x6d, 0x6f, 0x64, 0x65, 0x6c, 0x2f, 0x73,
  0x69, 0x6d, 0x70, 0x6c, 0x65, 0x5f, 0x72, 0x6e, 0x6e, 0x2f, 0x75, 0x6e,
  0x73, 0x74, 0x61, 0x63, 0x6b, 0x32, 0x30, 0x3b, 0x6d, 0x6f, 0x64, 0x65,
  0x6c, 0x2f, 0x73, 0x69, 0x6d, 0x70, 0x6c, 0x65, 0x5f, 0x72, 0x6e, 0x6e,
  0x2f, 0x75, 0x6e, 0x73, 0x74, 0x61, 0x63, 0x6b, 0x32, 0x31, 0x3b, 0x6d,
  0x6f, 0x64, 0x65, 0x6c, 0x2f, 0x73, 0x69, 0x6d, 0x70, 0x6c, 0x65, 0x5f,
  0x72, 0x6e, 0x6e, 0x2f, 0x75, 0x6e, 0x73, 0x74, 0x61, 0x63, 0x6b, 0x32,
  0x32, 0x3b, 0x6d, 0x6f, 0x64, 0x65, 0x6c, 0x2f, 0x73, 0x69, 0x6d, 0x70,
  0x6c, 0x65, 0x5f, 0x72, 0x6e, 0x6e, 0x2f, 0x75, 0x6e, 0x73, 0x74, 0x61,
  0x63, 0x6b, 0x32, 0x33, 0x31, 0x37, 0x00, 0x00, 0x02, 0x00, 0x00, 0x00,
  0x01, 0x00, 0x00, 0x00, 0x01, 0x00, 0x00, 0x00, 0x12, 0xce, 0xff, 0xff,
  0x00, 0x00, 0x00, 0x01, 0x18, 0x00, 0x00, 0x00, 0x20, 0x00, 0x00, 0x00,
  0x40, 0x00, 0x00, 0x00, 0x37, 0x00, 0x00, 0x00, 0x00, 0x00, 0x00, 0x09,
  0xb8, 0x02, 0x00, 0x00, 0x02, 0x00, 0x00, 0x00, 0xff, 0xff, 0xff, 0xff,
  0x01, 0x00, 0x00, 0x00, 0x24, 0xbf, 0xff, 0xff, 0x08, 0x00, 0x00, 0x00,
  0x14, 0x00, 0x00, 0x00, 0x01, 0x00, 0x00, 0x00, 0x7f, 0x00, 0x00, 0x00,
  0x00, 0x00, 0x00, 0x00, 0x00, 0x00, 0x00, 0x00, 0x01, 0x00, 0x00, 0x00,
  0x74, 0xe1, 0x00, 0x3c, 0x7e, 0x02, 0x00, 0x00, 0x6d, 0x6f, 0x64, 0x65,
  0x6c, 0x2f, 0x73, 0x69, 0x6d, 0x70, 0x6c, 0x65, 0x5f, 0x72, 0x6e, 0x6e,
  0x2f, 0x75, 0x6e, 0x73, 0x74, 0x61, 0x63, 0x6b, 0x3b, 0x6d, 0x6f, 0x64,
  0x65, 0x6c, 0x2f, 0x73, 0x69, 0x6d, 0x70, 0x6c, 0x65, 0x5f, 0x72, 0x6e,
  0x6e, 0x2f, 0x75, 0x6e, 0x73, 0x74, 0x61, 0x63, 0x6b, 0x31, 0x3b, 0x6d,
  0x6f, 0x64, 0x65, 0x6c, 0x2f, 0x73, 0x69, 0x6d, 0x70, 0x6c, 0x65, 0x5f,
  0x72, 0x6e, 0x6e, 0x2f, 0x75, 0x6e, 0x73, 0x74, 0x61, 0x63, 0x6b, 0x32,
  0x3b, 0x6d, 0x6f, 0x64, 0x65, 0x6c, 0x2f, 0x73, 0x69, 0x6d, 0x70, 0x6c,
  0x65, 0x5f, 0x72, 0x6e, 0x6e, 0x2f, 0x75, 0x6e, 0x73, 0x74, 0x61, 0x63,
  0x6b, 0x33, 0x3b, 0x6d, 0x6f, 0x64, 0x65, 0x6c, 0x2f, 0x73, 0x69, 0x6d,
  0x70, 0x6c, 0x65, 0x5f, 0x72, 0x6e, 0x6e, 0x2f, 0x75, 0x6e, 0x73, 0x74,
  0x61, 0x63, 0x6b, 0x34, 0x3b, 0x6d, 0x6f, 0x64, 0x65, 0x6c, 0x2f, 0x73,
  0x69, 0x6d, 0x70, 0x6c, 0x65, 0x5f, 0x72, 0x6e, 0x6e, 0x2f, 0x75, 0x6e,
  0x73, 0x74, 0x61, 0x63, 0x6b, 0x35, 0x3b, 0x6d, 0x6f, 0x64, 0x65, 0x6c,
  0x2f, 0x73, 0x69, 0x6d, 0x70, 0x6c, 0x65, 0x5f, 0x72, 0x6e, 0x6e, 0x2f,
  0x75, 0x6e, 0x73, 0x74, 0x61, 0x63, 0x6b, 0x36, 0x3b, 0x6d, 0x6f, 0x64,
  0x65, 0x6c, 0x2f, 0x73, 0x69, 0x6d, 0x70, 0x6c, 0x65, 0x5f, 0x72, 0x6e,
  0x6e, 0x2f, 0x75, 0x6e, 0x73, 0x74, 0x61, 0x63, 0x6b, 0x37, 0x3b, 0x6d,
  0x6f, 0x64, 0x65, 0x6c, 0x2f, 0x73, 0x69, 0x6d, 0x70, 0x6c, 0x65, 0x5f,
  0x72, 0x6e, 0x6e, 0x2f, 0x75, 0x6e, 0x73, 0x74, 0x61, 0x63, 0x6b, 0x38,
  0x3b, 0x6d, 0x6f, 0x64, 0x65, 0x6c, 0x2f, 0x73, 0x69, 0x6d, 0x70, 0x6c,
  0x65, 0x5f, 0x72, 0x6e, 0x6e, 0x2f, 0x75, 0x6e, 0x73, 0x74, 0x61, 0x63,
  0x6b, 0x39, 0x3b, 0x6d, 0x6f, 0x64, 0x65, 0x6c, 0x2f, 0x73, 0x69, 0x6d,
  0x70, 0x6c, 0x65, 0x5f, 0x72, 0x6e, 0x6e, 0x2f, 0x75, 0x6e, 0x73, 0x74,
  0x61, 0x63, 0x6b, 0x31, 0x30, 0x3b, 0x6d, 0x6f, 0x64, 0x65, 0x6c, 0x2f,
  0x73, 0x69, 0x6d, 0x70, 0x6c, 0x65, 0x5f, 0x72, 0x6e, 0x6e, 0x2f, 0x75,
  0x6e, 0x73, 0x74, 0x61, 0x63, 0x6b, 0x31, 0x31, 0x3b, 0x6d, 0x6f, 0x64,
  0x65, 0x6c, 0x2f, 0x73, 0x69, 0x6d, 0x70, 0x6c, 0x65, 0x5f, 0x72, 0x6e,
  0x6e, 0x2f, 0x75, 0x6e, 0x73, 0x74, 0x61, 0x63, 0x6b, 0x31, 0x32, 0x3b,
  0x6d, 0x6f, 0x64, 0x65, 0x6c, 0x2f, 0x73, 0x69, 0x6d, 0x70, 0x6c, 0x65,
  0x5f, 0x72, 0x6e, 0x6e, 0x2f, 0x75, 0x6e, 0x73, 0x74, 0x61, 0x63, 0x6b,
  0x31, 0x33, 0x3b, 0x6d, 0x6f, 0x64, 0x65, 0x6c, 0x2f, 0x73, 0x69, 0x6d,
  0x70, 0x6c, 0x65, 0x5f, 0x72, 0x6e, 0x6e, 0x2f, 0x75, 0x6e, 0x73, 0x74,
  0x61, 0x63, 0x6b, 0x31, 0x34, 0x3b, 0x6d, 0x6f, 0x64, 0x65, 0x6c, 0x2f,
  0x73, 0x69, 0x6d, 0x70, 0x6c, 0x65, 0x5f, 0x72, 0x6e, 0x6e, 0x2f, 0x75,
  0x6e, 0x73, 0x74, 0x61, 0x63, 0x6b, 0x31, 0x35, 0x3b, 0x6d, 0x6f, 0x64,
  0x65, 0x6c, 0x2f, 0x73, 0x69, 0x6d, 0x70, 0x6c, 0x65, 0x5f, 0x72, 0x6e,
  0x6e, 0x2f, 0x75, 0x6e, 0x73, 0x74, 0x61, 0x63, 0x6b, 0x31, 0x36, 0x3b,
  0x6d, 0x6f, 0x64, 0x65, 0x6c, 0x2f, 0x73, 0x69, 0x6d, 0x70, 0x6c, 0x65,
  0x5f, 0x72, 0x6e, 0x6e, 0x2f, 0x75, 0x6e, 0x73, 0x74, 0x61, 0x63, 0x6b,
  0x31, 0x37, 0x3b, 0x6d, 0x6f, 0x64, 0x65, 0x6c, 0x2f, 0x73, 0x69, 0x6d,
  0x70, 0x6c, 0x65, 0x5f, 0x72, 0x6e, 0x6e, 0x2f, 0x75, 0x6e, 0x73, 0x74,
  0x61, 0x63, 0x6b, 0x31, 0x38, 0x3b, 0x6d, 0x6f, 0x64, 0x65, 0x6c, 0x2f,
  0x73, 0x69, 0x6d, 0x70, 0x6c, 0x65, 0x5f, 0x72, 0x6e, 0x6e, 0x2f, 0x75,
  0x6e, 0x73, 0x74, 0x61, 0x63, 0x6b, 0x31, 0x39, 0x3b, 0x6d, 0x6f, 0x64,
  0x65, 0x6c, 0x2f, 0x73, 0x69, 0x6d, 0x70, 0x6c, 0x65, 0x5f, 0x72, 0x6e,
  0x6e, 0x2f, 0x75, 0x6e, 0x73, 0x74, 0x61, 0x63, 0x6b, 0x32, 0x30, 0x3b,
  0x6d, 0x6f, 0x64, 0x65, 0x6c, 0x2f, 0x73, 0x69, 0x6d, 0x70, 0x6c, 0x65,
  0x5f, 0x72, 0x6e, 0x6e, 0x2f, 0x75, 0x6e, 0x73, 0x74, 0x61, 0x63, 0x6b,
  0x32, 0x31, 0x3b, 0x6d, 0x6f, 0x64, 0x65, 0x6c, 0x2f, 0x73, 0x69, 0x6d,
  0x70, 0x6c, 0x65, 0x5f, 0x72, 0x6e, 0x6e, 0x2f, 0x75, 0x6e, 0x73, 0x74,
  0x61, 0x63, 0x6b, 0x32, 0x32, 0x3b, 0x6d, 0x6f, 0x64, 0x65, 0x6c, 0x2f,
  0x73, 0x69, 0x6d, 0x70, 0x6c, 0x65, 0x5f, 0x72, 0x6e, 0x6e, 0x2f, 0x75,
  0x6e, 0x73, 0x74, 0x61, 0x63, 0x6b, 0x32, 0x33, 0x31, 0x36, 0x00, 0x00,
  0x02, 0x00, 0x00, 0x00, 0x01, 0x00, 0x00, 0x00, 0x01, 0x00, 0x00, 0x00,
  0xf2, 0xd0, 0xff, 0xff, 0x00, 0x00, 0x00, 0x01, 0x18, 0x00, 0x00, 0x00,
  0x20, 0x00, 0x00, 0x00, 0x40, 0x00, 0x00, 0x00, 0x36, 0x00, 0x00, 0x00,
  0x00, 0x00, 0x00, 0x09, 0xb8, 0x02, 0x00, 0x00, 0x02, 0x00, 0x00, 0x00,
  0xff, 0xff, 0xff, 0xff, 0x01, 0x00, 0x00, 0x00, 0x04, 0xc2, 0xff, 0xff,
  0x08, 0x00, 0x00, 0x00, 0x14, 0x00, 0x00, 0x00, 0x01, 0x00, 0x00, 0x00,
  0x7f, 0x00, 0x00, 0x00, 0x00, 0x00, 0x00, 0x00, 0x00, 0x00, 0x00, 0x00,
  0x01, 0x00, 0x00, 0x00, 0x74, 0xe1, 0x00, 0x3c, 0x7e, 0x02, 0x00, 0x00,
  0x6d, 0x6f, 0x64, 0x65, 0x6c, 0x2f, 0x73, 0x69, 0x6d, 0x70, 0x6c, 0x65,
  0x5f, 0x72, 0x6e, 0x6e, 0x2f, 0x75, 0x6e, 0x73, 0x74, 0x61, 0x63, 0x6b,
  0x3b, 0x6d, 0x6f, 0x64, 0x65, 0x6c, 0x2f, 0x73, 0x69, 0x6d, 0x70, 0x6c,
  0x65, 0x5f, 0x72, 0x6e, 0x6e, 0x2f, 0x75, 0x6e, 0x73, 0x74, 0x61, 0x63,
  0x6b, 0x31, 0x3b, 0x6d, 0x6f, 0x64, 0x65, 0x6c, 0x2f, 0x73, 0x69, 0x6d,
  0x70, 0x6c, 0x65, 0x5f, 0x72, 0x6e, 0x6e, 0x2f, 0x75, 0x6e, 0x73, 0x74,
  0x61, 0x63, 0x6b, 0x32, 0x3b, 0x6d, 0x6f, 0x64, 0x65, 0x6c, 0x2f, 0x73,
  0x69, 0x6d, 0x70, 0x6c, 0x65, 0x5f, 0x72, 0x6e, 0x6e, 0x2f, 0x75, 0x6e,
  0x73, 0x74, 0x61, 0x63, 0x6b, 0x33, 0x3b, 0x6d, 0x6f, 0x64, 0x65, 0x6c,
  0x2f, 0x73, 0x69, 0x6d, 0x70, 0x6c, 0x65, 0x5f, 0x72, 0x6e, 0x6e, 0x2f,
  0x75, 0x6e, 0x73, 0x74, 0x61, 0x63, 0x6b, 0x34, 0x3b, 0x6d, 0x6f, 0x64,
  0x65, 0x6c, 0x2f, 0x73, 0x69, 0x6d, 0x70, 0x6c, 0x65, 0x5f, 0x72, 0x6e,
  0x6e, 0x2f, 0x75, 0x6e, 0x73, 0x74, 0x61, 0x63, 0x6b, 0x35, 0x3b, 0x6d,
  0x6f, 0x64, 0x65, 0x6c, 0x2f, 0x73, 0x69, 0x6d, 0x70, 0x6c, 0x65, 0x5f,
  0x72, 0x6e, 0x6e, 0x2f, 0x75, 0x6e, 0x73, 0x74, 0x61, 0x63, 0x6b, 0x36,
  0x3b, 0x6d, 0x6f, 0x64, 0x65, 0x6c, 0x2f, 0x73, 0x69, 0x6d, 0x70, 0x6c,
  0x65, 0x5f, 0x72, 0x6e, 0x6e, 0x2f, 0x75, 0x6e, 0x73, 0x74, 0x61, 0x63,
  0x6b, 0x37, 0x3b, 0x6d, 0x6f, 0x64, 0x65, 0x6c, 0x2f, 0x73, 0x69, 0x6d,
  0x70, 0x6c, 0x65, 0x5f, 0x72, 0x6e, 0x6e, 0x2f, 0x75, 0x6e, 0x73, 0x74,
  0x61, 0x63, 0x6b, 0x38, 0x3b, 0x6d, 0x6f, 0x64, 0x65, 0x6c, 0x2f, 0x73,
  0x69, 0x6d, 0x70, 0x6c, 0x65, 0x5f, 0x72, 0x6e, 0x6e, 0x2f, 0x75, 0x6e,
  0x73, 0x74, 0x61, 0x63, 0x6b, 0x39, 0x3b, 0x6d, 0x6f, 0x64, 0x65, 0x6c,
  0x2f, 0x73, 0x69, 0x6d, 0x70, 0x6c, 0x65, 0x5f, 0x72, 0x6e, 0x6e, 0x2f,
  0x75, 0x6e, 0x73, 0x74, 0x61, 0x63, 0x6b, 0x31, 0x30, 0x3b, 0x6d, 0x6f,
  0x64, 0x65, 0x6c, 0x2f, 0x73, 0x69, 0x6d, 0x70, 0x6c, 0x65, 0x5f, 0x72,
  0x6e, 0x6e, 0x2f, 0x75, 0x6e, 0x73, 0x74, 0x61, 0x63, 0x6b, 0x31, 0x31,
  0x3b, 0x6d, 0x6f, 0x64, 0x65, 0x6c, 0x2f, 0x73, 0x69, 0x6d, 0x70, 0x6c,
  0x65, 0x5f, 0x72, 0x6e, 0x6e, 0x2f, 0x75, 0x6e, 0x73, 0x74, 0x61, 0x63,
  0x6b, 0x31, 0x32, 0x3b, 0x6d, 0x6f, 0x64, 0x65, 0x6c, 0x2f, 0x73, 0x69,
  0x6d, 0x70, 0x6c, 0x65, 0x5f, 0x72, 0x6e, 0x6e, 0x2f, 0x75, 0x6e, 0x73,
  0x74, 0x61, 0x63, 0x6b, 0x31, 0x33, 0x3b, 0x6d, 0x6f, 0x64, 0x65, 0x6c,
  0x2f, 0x73, 0x69, 0x6d, 0x70, 0x6c, 0x65, 0x5f, 0x72, 0x6e, 0x6e, 0x2f,
  0x75, 0x6e, 0x73, 0x74, 0x61, 0x63, 0x6b, 0x31, 0x34, 0x3b, 0x6d, 0x6f,
  0x64, 0x65, 0x6c, 0x2f, 0x73, 0x69, 0x6d, 0x70, 0x6c, 0x65, 0x5f, 0x72,
  0x6e, 0x6e, 0x2f, 0x75, 0x6e, 0x73, 0x74, 0x61, 0x63, 0x6b, 0x31, 0x35,
  0x3b, 0x6d, 0x6f, 0x64, 0x65, 0x6c, 0x2f, 0x73, 0x69, 0x6d, 0x70, 0x6c,
  0x65, 0x5f, 0x72, 0x6e, 0x6e, 0x2f, 0x75, 0x6e, 0x73, 0x74, 0x61, 0x63,
  0x6b, 0x31, 0x36, 0x3b, 0x6d, 0x6f, 0x64, 0x65, 0x6c, 0x2f, 0x73, 0x69,
  0x6d, 0x70, 0x6c, 0x65, 0x5f, 0x72, 0x6e, 0x6e, 0x2f, 0x75, 0x6e, 0x73,
  0x74, 0x61, 0x63, 0x6b, 0x31, 0x37, 0x3b, 0x6d, 0x6f, 0x64, 0x65, 0x6c,
  0x2f, 0x73, 0x69, 0x6d, 0x70, 0x6c, 0x65, 0x5f, 0x72, 0x6e, 0x6e, 0x2f,
  0x75, 0x6e, 0x73, 0x74, 0x61, 0x63, 0x6b, 0x31, 0x38, 0x3b, 0x6d, 0x6f,
  0x64, 0x65, 0x6c, 0x2f, 0x73, 0x69, 0x6d, 0x70, 0x6c, 0x65, 0x5f, 0x72,
  0x6e, 0x6e, 0x2f, 0x75, 0x6e, 0x73, 0x74, 0x61, 0x63, 0x6b, 0x31, 0x39,
  0x3b, 0x6d, 0x6f, 0x64, 0x65, 0x6c, 0x2f, 0x73, 0x69, 0x6d, 0x70, 0x6c,
  0x65, 0x5f, 0x72, 0x6e, 0x6e, 0x2f, 0x75, 0x6e, 0x73, 0x74, 0x61, 0x63,
  0x6b, 0x32, 0x30, 0x3b, 0x6d, 0x6f, 0x64, 0x65, 0x6c, 0x2f, 0x73, 0x69,
  0x6d, 0x70, 0x6c, 0x65, 0x5f, 0x72, 0x6e, 0x6e, 0x2f, 0x75, 0x6e, 0x73,
  0x74, 0x61, 0x63, 0x6b, 0x32, 0x31, 0x3b, 0x6d, 0x6f, 0x64, 0x65, 0x6c,
  0x2f, 0x73, 0x69, 0x6d, 0x70, 0x6c, 0x65, 0x5f, 0x72, 0x6e, 0x6e, 0x2f,
  0x75, 0x6e, 0x73, 0x74, 0x61, 0x63, 0x6b, 0x32, 0x32, 0x3b, 0x6d, 0x6f,
  0x64, 0x65, 0x6c, 0x2f, 0x73, 0x69, 0x6d, 0x70, 0x6c, 0x65, 0x5f, 0x72,
  0x6e, 0x6e, 0x2f, 0x75, 0x6e, 0x73, 0x74, 0x61, 0x63, 0x6b, 0x32, 0x33,
  0x31, 0x35, 0x00, 0x00, 0x02, 0x00, 0x00, 0x00, 0x01, 0x00, 0x00, 0x00,
  0x01, 0x00, 0x00, 0x00, 0xd2, 0xd3, 0xff, 0xff, 0x00, 0x00, 0x00, 0x01,
  0x18, 0x00, 0x00, 0x00, 0x20, 0x00, 0x00, 0x00, 0x40, 0x00, 0x00, 0x00,
  0x35, 0x00, 0x00, 0x00, 0x00, 0x00, 0x00, 0x09, 0xb8, 0x02, 0x00, 0x00,
  0x02, 0x00, 0x00, 0x00, 0xff, 0xff, 0xff, 0xff, 0x01, 0x00, 0x00, 0x00,
  0xe4, 0xc4, 0xff, 0xff, 0x08, 0x00, 0x00, 0x00, 0x14, 0x00, 0x00, 0x00,
  0x01, 0x00, 0x00, 0x00, 0x7f, 0x00, 0x00, 0x00, 0x00, 0x00, 0x00, 0x00,
  0x00, 0x00, 0x00, 0x00, 0x01, 0x00, 0x00, 0x00, 0x74, 0xe1, 0x00, 0x3c,
  0x7e, 0x02, 0x00, 0x00, 0x6d, 0x6f, 0x64, 0x65, 0x6c, 0x2f, 0x73, 0x69,
  0x6d, 0x70, 0x6c, 0x65, 0x5f, 0x72, 0x6e, 0x6e, 0x2f, 0x75, 0x6e, 0x73,
  0x74, 0x61, 0x63, 0x6b, 0x3b, 0x6d, 0x6f, 0x64, 0x65, 0x6c, 0x2f, 0x73,
  0x69, 0x6d, 0x70, 0x6c, 0x65, 0x5f, 0x72, 0x6e, 0x6e, 0x2f, 0x75, 0x6e,
  0x73, 0x74, 0x61, 0x63, 0x6b, 0x31, 0x3b, 0x6d, 0x6f, 0x64, 0x65, 0x6c,
  0x2f, 0x73, 0x69, 0x6d, 0x70, 0x6c, 0x65, 0x5f, 0x72, 0x6e, 0x6e, 0x2f,
  0x75, 0x6e, 0x73, 0x74, 0x61, 0x63, 0x6b, 0x32, 0x3b, 0x6d, 0x6f, 0x64,
  0x65, 0x6c, 0x2f, 0x73, 0x69, 0x6d, 0x70, 0x6c, 0x65, 0x5f, 0x72, 0x6e,
  0x6e, 0x2f, 0x75, 0x6e, 0x73, 0x74, 0x61, 0x63, 0x6b, 0x33, 0x3b, 0x6d,
  0x6f, 0x64, 0x65, 0x6c, 0x2f, 0x73, 0x69, 0x6d, 0x70, 0x6c, 0x65, 0x5f,
  0x72, 0x6e, 0x6e, 0x2f, 0x75, 0x6e, 0x73, 0x74, 0x61, 0x63, 0x6b, 0x34,
  0x3b, 0x6d, 0x6f, 0x64, 0x65, 0x6c, 0x2f, 0x73, 0x69, 0x6d, 0x70, 0x6c,
  0x65, 0x5f, 0x72, 0x6e, 0x6e, 0x2f, 0x75, 0x6e, 0x73, 0x74, 0x61, 0x63,
  0x6b, 0x35, 0x3b, 0x6d, 0x6f, 0x64, 0x65, 0x6c, 0x2f, 0x73, 0x69, 0x6d,
  0x70, 0x6c, 0x65, 0x5f, 0x72, 0x6e, 0x6e, 0x2f, 0x75, 0x6e, 0x73, 0x74,
  0x61, 0x63, 0x6b, 0x36, 0x3b, 0x6d, 0x6f, 0x64, 0x65, 0x6c, 0x2f, 0x73,
  0x69, 0x6d, 0x70, 0x6c, 0x65, 0x5f, 0x72, 0x6e, 0x6e, 0x2f, 0x75, 0x6e,
  0x73, 0x74, 0x61, 0x63, 0x6b, 0x37, 0x3b, 0x6d, 0x6f, 0x64, 0x65, 0x6c,
  0x2f, 0x73, 0x69, 0x6d, 0x70, 0x6c, 0x65, 0x5f, 0x72, 0x6e, 0x6e, 0x2f,
  0x75, 0x6e, 0x73, 0x74, 0x61, 0x63, 0x6b, 0x38, 0x3b, 0x6d, 0x6f, 0x64,
  0x65, 0x6c, 0x2f, 0x73, 0x69, 0x6d, 0x70, 0x6c, 0x65, 0x5f, 0x72, 0x6e,
  0x6e, 0x2f, 0x75, 0x6e, 0x73, 0x74, 0x61, 0x63, 0x6b, 0x39, 0x3b, 0x6d,
  0x6f, 0x64, 0x65, 0x6c, 0x2f, 0x73, 0x69, 0x6d, 0x70, 0x6c, 0x65, 0x5f,
  0x72, 0x6e, 0x6e, 0x2f, 0x75, 0x6e, 0x73, 0x74, 0x61, 0x63, 0x6b, 0x31,
  0x30, 0x3b, 0x6d, 0x6f, 0x64, 0x65, 0x6c, 0x2f, 0x73, 0x69, 0x6d, 0x70,
  0x6c, 0x65, 0x5f, 0x72, 0x6e, 0x6e, 0x2f, 0x75, 0x6e, 0x73, 0x74, 0x61,
  0x63, 0x6b, 0x31, 0x31, 0x3b, 0x6d, 0x6f, 0x64, 0x65, 0x6c, 0x2f, 0x73,
  0x69, 0x6d, 0x70, 0x6c, 0x65, 0x5f, 0x72, 0x6e, 0x6e, 0x2f, 0x75, 0x6e,
  0x73, 0x74, 0x61, 0x63, 0x6b, 0x31, 0x32, 0x3b, 0x6d, 0x6f, 0x64, 0x65,
  0x6c, 0x2f, 0x73, 0x69, 0x6d, 0x70, 0x6c, 0x65, 0x5f, 0x72, 0x6e, 0x6e,
  0x2f, 0x75, 0x6e, 0x73, 0x74, 0x61, 0x63, 0x6b, 0x31, 0x33, 0x3b, 0x6d,
  0x6f, 0x64, 0x65, 0x6c, 0x2f, 0x73, 0x69, 0x6d, 0x70, 0x6c, 0x65, 0x5f,
  0x72, 0x6e, 0x6e, 0x2f, 0x75, 0x6e, 0x73, 0x74, 0x61, 0x63, 0x6b, 0x31,
  0x34, 0x3b, 0x6d, 0x6f, 0x64, 0x65, 0x6c, 0x2f, 0x73, 0x69, 0x6d, 0x70,
  0x6c, 0x65, 0x5f, 0x72, 0x6e, 0x6e, 0x2f, 0x75, 0x6e, 0x73, 0x74, 0x61,
  0x63, 0x6b, 0x31, 0x35, 0x3b, 0x6d, 0x6f, 0x64, 0x65, 0x6c, 0x2f, 0x73,
  0x69, 0x6d, 0x70, 0x6c, 0x65, 0x5f, 0x72, 0x6e, 0x6e, 0x2f, 0x75, 0x6e,
  0x73, 0x74, 0x61, 0x63, 0x6b, 0x31, 0x36, 0x3b, 0x6d, 0x6f, 0x64, 0x65,
  0x6c, 0x2f, 0x73, 0x69, 0x6d, 0x70, 0x6c, 0x65, 0x5f, 0x72, 0x6e, 0x6e,
  0x2f, 0x75, 0x6e, 0x73, 0x74, 0x61, 0x63, 0x6b, 0x31, 0x37, 0x3b, 0x6d,
  0x6f, 0x64, 0x65, 0x6c, 0x2f, 0x73, 0x69, 0x6d, 0x70, 0x6c, 0x65, 0x5f,
  0x72, 0x6e, 0x6e, 0x2f, 0x75, 0x6e, 0x73, 0x74, 0x61, 0x63, 0x6b, 0x31,
  0x38, 0x3b, 0x6d, 0x6f, 0x64, 0x65, 0x6c, 0x2f, 0x73, 0x69, 0x6d, 0x70,
  0x6c, 0x65, 0x5f, 0x72, 0x6e, 0x6e, 0x2f, 0x75, 0x6e, 0x73, 0x74, 0x61,
  0x63, 0x6b, 0x31, 0x39, 0x3b, 0x6d, 0x6f, 0x64, 0x65, 0x6c, 0x2f, 0x73,
  0x69, 0x6d, 0x70, 0x6c, 0x65, 0x5f, 0x72, 0x6e, 0x6e, 0x2f, 0x75, 0x6e,
  0x73, 0x74, 0x61, 0x63, 0x6b, 0x32, 0x30, 0x3b, 0x6d, 0x6f, 0x64, 0x65,
  0x6c, 0x2f, 0x73, 0x69, 0x6d, 0x70, 0x6c, 0x65, 0x5f, 0x72, 0x6e, 0x6e,
  0x2f, 0x75, 0x6e, 0x73, 0x74, 0x61, 0x63, 0x6b, 0x32, 0x31, 0x3b, 0x6d,
  0x6f, 0x64, 0x65, 0x6c, 0x2f, 0x73, 0x69, 0x6d, 0x70, 0x6c, 0x65, 0x5f,
  0x72, 0x6e, 0x6e, 0x2f, 0x75, 0x6e, 0x73, 0x74, 0x61, 0x63, 0x6b, 0x32,
  0x32, 0x3b, 0x6d, 0x6f, 0x64, 0x65, 0x6c, 0x2f, 0x73, 0x69, 0x6d, 0x70,
  0x6c, 0x65, 0x5f, 0x72, 0x6e, 0x6e, 0x2f, 0x75, 0x6e, 0x73, 0x74, 0x61,
  0x63, 0x6b, 0x32, 0x33, 0x31, 0x34, 0x00, 0x00, 0x02, 0x00, 0x00, 0x00,
  0x01, 0x00, 0x00, 0x00, 0x01, 0x00, 0x00, 0x00, 0xb2, 0xd6, 0xff, 0xff,
  0x00, 0x00, 0x00, 0x01, 0x18, 0x00, 0x00, 0x00, 0x20, 0x00, 0x00, 0x00,
  0x40, 0x00, 0x00, 0x00, 0x34, 0x00, 0x00, 0x00, 0x00, 0x00, 0x00, 0x09,
  0xb8, 0x02, 0x00, 0x00, 0x02, 0x00, 0x00, 0x00, 0xff, 0xff, 0xff, 0xff,
  0x01, 0x00, 0x00, 0x00, 0xc4, 0xc7, 0xff, 0xff, 0x08, 0x00, 0x00, 0x00,
  0x14, 0x00, 0x00, 0x00, 0x01, 0x00, 0x00, 0x00, 0x7f, 0x00, 0x00, 0x00,
  0x00, 0x00, 0x00, 0x00, 0x00, 0x00, 0x00, 0x00, 0x01, 0x00, 0x00, 0x00,
  0x74, 0xe1, 0x00, 0x3c, 0x7e, 0x02, 0x00, 0x00, 0x6d, 0x6f, 0x64, 0x65,
  0x6c, 0x2f, 0x73, 0x69, 0x6d, 0x70, 0x6c, 0x65, 0x5f, 0x72, 0x6e, 0x6e,
  0x2f, 0x75, 0x6e, 0x73, 0x74, 0x61, 0x63, 0x6b, 0x3b, 0x6d, 0x6f, 0x64,
  0x65, 0x6c, 0x2f, 0x73, 0x69, 0x6d, 0x70, 0x6c, 0x65, 0x5f, 0x72, 0x6e,
  0x6e, 0x2f, 0x75, 0x6e, 0x73, 0x74, 0x61, 0x63, 0x6b, 0x31, 0x3b, 0x6d,
  0x6f, 0x64, 0x65, 0x6c, 0x2f, 0x73, 0x69, 0x6d, 0x70, 0x6c, 0x65, 0x5f,
  0x72, 0x6e, 0x6e, 0x2f, 0x75, 0x6e, 0x73, 0x74, 0x61, 0x63, 0x6b, 0x32,
  0x3b, 0x6d, 0x6f, 0x64, 0x65, 0x6c, 0x2f, 0x73, 0x69, 0x6d, 0x70, 0x6c,
  0x65, 0x5f, 0x72, 0x6e, 0x6e, 0x2f, 0x75, 0x6e, 0x73, 0x74, 0x61, 0x63,
  0x6b, 0x33, 0x3b, 0x6d, 0x6f, 0x64, 0x65, 0x6c, 0x2f, 0x73, 0x69, 0x6d,
  0x70, 0x6c, 0x65, 0x5f, 0x72, 0x6e, 0x6e, 0x2f, 0x75, 0x6e, 0x73, 0x74,
  0x61, 0x63, 0x6b, 0x34, 0x3b, 0x6d, 0x6f, 0x64, 0x65, 0x6c, 0x2f, 0x73,
  0x69, 0x6d, 0x70, 0x6c, 0x65, 0x5f, 0x72, 0x6e, 0x6e, 0x2f, 0x75, 0x6e,
  0x73, 0x74, 0x61, 0x63, 0x6b, 0x35, 0x3b, 0x6d, 0x6f, 0x64, 0x65, 0x6c,
  0x2f, 0x73, 0x69, 0x6d, 0x70, 0x6c, 0x65, 0x5f, 0x72, 0x6e, 0x6e, 0x2f,
  0x75, 0x6e, 0x73, 0x74, 0x61, 0x63, 0x6b, 0x36, 0x3b, 0x6d, 0x6f, 0x64,
  0x65, 0x6c, 0x2f, 0x73, 0x69, 0x6d, 0x70, 0x6c, 0x65, 0x5f, 0x72, 0x6e,
  0x6e, 0x2f, 0x75, 0x6e, 0x73, 0x74, 0x61, 0x63, 0x6b, 0x37, 0x3b, 0x6d,
  0x6f, 0x64, 0x65, 0x6c, 0x2f, 0x73, 0x69, 0x6d, 0x70, 0x6c, 0x65, 0x5f,
  0x72, 0x6e, 0x6e, 0x2f, 0x75, 0x6e, 0x73, 0x74, 0x61, 0x63, 0x6b, 0x38,
  0x3b, 0x6d, 0x6f, 0x64, 0x65, 0x6c, 0x2f, 0x73, 0x69, 0x6d, 0x70, 0x6c,
  0x65, 0x5f, 0x72, 0x6e, 0x6e, 0x2f, 0x75, 0x6e, 0x73, 0x74, 0x61, 0x63,
  0x6b, 0x39, 0x3b, 0x6d, 0x6f, 0x64, 0x65, 0x6c, 0x2f, 0x73, 0x69, 0x6d,
  0x70, 0x6c, 0x65, 0x5f, 0x72, 0x6e, 0x6e, 0x2f, 0x75, 0x6e, 0x73, 0x74,
  0x61, 0x63, 0x6b, 0x31, 0x30, 0x3b, 0x6d, 0x6f, 0x64, 0x65, 0x6c, 0x2f,
  0x73, 0x69, 0x6d, 0x70, 0x6c, 0x65, 0x5f, 0x72, 0x6e, 0x6e, 0x2f, 0x75,
  0x6e, 0x73, 0x74, 0x61, 0x63, 0x6b, 0x31, 0x31, 0x3b, 0x6d, 0x6f, 0x64,
  0x65, 0x6c, 0x2f, 0x73, 0x69, 0x6d, 0x70, 0x6c, 0x65, 0x5f, 0x72, 0x6e,
  0x6e, 0x2f, 0x75, 0x6e, 0x73, 0x74, 0x61, 0x63, 0x6b, 0x31, 0x32, 0x3b,
  0x6d, 0x6f, 0x64, 0x65, 0x6c, 0x2f, 0x73, 0x69, 0x6d, 0x70, 0x6c, 0x65,
  0x5f, 0x72, 0x6e, 0x6e, 0x2f, 0x75, 0x6e, 0x73, 0x74, 0x61, 0x63, 0x6b,
  0x31, 0x33, 0x3b, 0x6d, 0x6f, 0x64, 0x65, 0x6c, 0x2f, 0x73, 0x69, 0x6d,
  0x70, 0x6c, 0x65, 0x5f, 0x72, 0x6e, 0x6e, 0x2f, 0x75, 0x6e, 0x73, 0x74,
  0x61, 0x63, 0x6b, 0x31, 0x34, 0x3b, 0x6d, 0x6f, 0x64, 0x65, 0x6c, 0x2f,
  0x73, 0x69, 0x6d, 0x70, 0x6c, 0x65, 0x5f, 0x72, 0x6e, 0x6e, 0x2f, 0x75,
  0x6e, 0x73, 0x74, 0x61, 0x63, 0x6b, 0x31, 0x35, 0x3b, 0x6d, 0x6f, 0x64,
  0x65, 0x6c, 0x2f, 0x73, 0x69, 0x6d, 0x70, 0x6c, 0x65, 0x5f, 0x72, 0x6e,
  0x6e, 0x2f, 0x75, 0x6e, 0x73, 0x74, 0x61, 0x63, 0x6b, 0x31, 0x36, 0x3b,
  0x6d, 0x6f, 0x64, 0x65, 0x6c, 0x2f, 0x73, 0x69, 0x6d, 0x70, 0x6c, 0x65,
  0x5f, 0x72, 0x6e, 0x6e, 0x2f, 0x75, 0x6e, 0x73, 0x74, 0x61, 0x63, 0x6b,
  0x31, 0x37, 0x3b, 0x6d, 0x6f, 0x64, 0x65, 0x6c, 0x2f, 0x73, 0x69, 0x6d,
  0x70, 0x6c, 0x65, 0x5f, 0x72, 0x6e, 0x6e, 0x2f, 0x75, 0x6e, 0x73, 0x74,
  0x61, 0x63, 0x6b, 0x31, 0x38, 0x3b, 0x6d, 0x6f, 0x64, 0x65, 0x6c, 0x2f,
  0x73, 0x69, 0x6d, 0x70, 0x6c, 0x65, 0x5f, 0x72, 0x6e, 0x6e, 0x2f, 0x75,
  0x6e, 0x73, 0x74, 0x61, 0x63, 0x6b, 0x31, 0x39, 0x3b, 0x6d, 0x6f, 0x64,
  0x65, 0x6c, 0x2f, 0x73, 0x69, 0x6d, 0x70, 0x6c, 0x65, 0x5f, 0x72, 0x6e,
  0x6e, 0x2f, 0x75, 0x6e, 0x73, 0x74, 0x61, 0x63, 0x6b, 0x32, 0x30, 0x3b,
  0x6d, 0x6f, 0x64, 0x65, 0x6c, 0x2f, 0x73, 0x69, 0x6d, 0x70, 0x6c, 0x65,
  0x5f, 0x72, 0x6e, 0x6e, 0x2f, 0x75, 0x6e, 0x73, 0x74, 0x61, 0x63, 0x6b,
  0x32, 0x31, 0x3b, 0x6d, 0x6f, 0x64, 0x65, 0x6c, 0x2f, 0x73, 0x69, 0x6d,
  0x70, 0x6c, 0x65, 0x5f, 0x72, 0x6e, 0x6e, 0x2f, 0x75, 0x6e, 0x73, 0x74,
  0x61, 0x63, 0x6b, 0x32, 0x32, 0x3b, 0x6d, 0x6f, 0x64, 0x65, 0x6c, 0x2f,
  0x73, 0x69, 0x6d, 0x70, 0x6c, 0x65, 0x5f, 0x72, 0x6e, 0x6e, 0x2f, 0x75,
  0x6e, 0x73, 0x74, 0x61, 0x63, 0x6b, 0x32, 0x33, 0x31, 0x33, 0x00, 0x00,
  0x02, 0x00, 0x00, 0x00, 0x01, 0x00, 0x00, 0x00, 0x01, 0x00, 0x00, 0x00,
  0x92, 0xd9, 0xff, 0xff, 0x00, 0x00, 0x00, 0x01, 0x18, 0x00, 0x00, 0x00,
  0x20, 0x00, 0x00, 0x00, 0x40, 0x00, 0x00, 0x00, 0x33, 0x00, 0x00, 0x00,
  0x00, 0x00, 0x00, 0x09, 0xb8, 0x02, 0x00, 0x00, 0x02, 0x00, 0x00, 0x00,
  0xff, 0xff, 0xff, 0xff, 0x01, 0x00, 0x00, 0x00, 0xa4, 0xca, 0xff, 0xff,
  0x08, 0x00, 0x00, 0x00, 0x14, 0x00, 0x00, 0x00, 0x01, 0x00, 0x00, 0x00,
  0x7f, 0x00, 0x00, 0x00, 0x00, 0x00, 0x00, 0x00, 0x00, 0x00, 0x00, 0x00,
  0x01, 0x00, 0x00, 0x00, 0x74, 0xe1, 0x00, 0x3c, 0x7e, 0x02, 0x00, 0x00,
  0x6d, 0x6f, 0x64, 0x65, 0x6c, 0x2f, 0x73, 0x69, 0x6d, 0x70, 0x6c, 0x65,
  0x5f, 0x72, 0x6e, 0x6e, 0x2f, 0x75, 0x6e, 0x73, 0x74, 0x61, 0x63, 0x6b,
  0x3b, 0x6d, 0x6f, 0x64, 0x65, 0x6c, 0x2f, 0x73, 0x69, 0x6d, 0x70, 0x6c,
  0x65, 0x5f, 0x72, 0x6e, 0x6e, 0x2f, 0x75, 0x6e, 0x73, 0x74, 0x61, 0x63,
  0x6b, 0x31, 0x3b, 0x6d, 0x6f, 0x64, 0x65, 0x6c, 0x2f, 0x73, 0x69, 0x6d,
  0x70, 0x6c, 0x65, 0x5f, 0x72, 0x6e, 0x6e, 0x2f, 0x75, 0x6e, 0x73, 0x74,
  0x61, 0x63, 0x6b, 0x32, 0x3b, 0x6d, 0x6f, 0x64, 0x65, 0x6c, 0x2f, 0x73,
  0x69, 0x6d, 0x70, 0x6c, 0x65, 0x5f, 0x72, 0x6e, 0x6e, 0x2f, 0x75, 0x6e,
  0x73, 0x74, 0x61, 0x63, 0x6b, 0x33, 0x3b, 0x6d, 0x6f, 0x64, 0x65, 0x6c,
  0x2f, 0x73, 0x69, 0x6d, 0x70, 0x6c, 0x65, 0x5f, 0x72, 0x6e, 0x6e, 0x2f,
  0x75, 0x6e, 0x73, 0x74, 0x61, 0x63, 0x6b, 0x34, 0x3b, 0x6d, 0x6f, 0x64,
  0x65, 0x6c, 0x2f, 0x73, 0x69, 0x6d, 0x70, 0x6c, 0x65, 0x5f, 0x72, 0x6e,
  0x6e, 0x2f, 0x75, 0x6e, 0x73, 0x74, 0x61, 0x63, 0x6b, 0x35, 0x3b, 0x6d,
  0x6f, 0x64, 0x65, 0x6c, 0x2f, 0x73, 0x69, 0x6d, 0x70, 0x6c, 0x65, 0x5f,
  0x72, 0x6e, 0x6e, 0x2f, 0x75, 0x6e, 0x73, 0x74, 0x61, 0x63, 0x6b, 0x36,
  0x3b, 0x6d, 0x6f, 0x64, 0x65, 0x6c, 0x2f, 0x73, 0x69, 0x6d, 0x70, 0x6c,
  0x65, 0x5f, 0x72, 0x6e, 0x6e, 0x2f, 0x75, 0x6e, 0x73, 0x74, 0x61, 0x63,
  0x6b, 0x37, 0x3b, 0x6d, 0x6f, 0x64, 0x65, 0x6c, 0x2f, 0x73, 0x69, 0x6d,
  0x70, 0x6c, 0x65, 0x5f, 0x72, 0x6e, 0x6e, 0x2f, 0x75, 0x6e, 0x73, 0x74,
  0x61, 0x63, 0x6b, 0x38, 0x3b, 0x6d, 0x6f, 0x64, 0x65, 0x6c, 0x2f, 0x73,
  0x69, 0x6d, 0x70, 0x6c, 0x65, 0x5f, 0x72, 0x6e, 0x6e, 0x2f, 0x75, 0x6e,
  0x73, 0x74, 0x61, 0x63, 0x6b, 0x39, 0x3b, 0x6d, 0x6f, 0x64, 0x65, 0x6c,
  0x2f, 0x73, 0x69, 0x6d, 0x70, 0x6c, 0x65, 0x5f, 0x72, 0x6e, 0x6e, 0x2f,
  0x75, 0x6e, 0x73, 0x74, 0x61, 0x63, 0x6b, 0x31, 0x30, 0x3b, 0x6d, 0x6f,
  0x64, 0x65, 0x6c, 0x2f, 0x73, 0x69, 0x6d, 0x70, 0x6c, 0x65, 0x5f, 0x72,
  0x6e, 0x6e, 0x2f, 0x75, 0x6e, 0x73, 0x74, 0x61, 0x63, 0x6b, 0x31, 0x31,
  0x3b, 0x6d, 0x6f, 0x64, 0x65, 0x6c, 0x2f, 0x73, 0x69, 0x6d, 0x70, 0x6c,
  0x65, 0x5f, 0x72, 0x6e, 0x6e, 0x2f, 0x75, 0x6e, 0x73, 0x74, 0x61, 0x63,
  0x6b, 0x31, 0x32, 0x3b, 0x6d, 0x6f, 0x64, 0x65, 0x6c, 0x2f, 0x73, 0x69,
  0x6d, 0x70, 0x6c, 0x65, 0x5f, 0x72, 0x6e, 0x6e, 0x2f, 0x75, 0x6e, 0x73,
  0x74, 0x61, 0x63, 0x6b, 0x31, 0x33, 0x3b, 0x6d, 0x6f, 0x64, 0x65, 0x6c,
  0x2f, 0x73, 0x69, 0x6d, 0x70, 0x6c, 0x65, 0x5f, 0x72, 0x6e, 0x6e, 0x2f,
  0x75, 0x6e, 0x73, 0x74, 0x61, 0x63, 0x6b, 0x31, 0x34, 0x3b, 0x6d, 0x6f,
  0x64, 0x65, 0x6c, 0x2f, 0x73, 0x69, 0x6d, 0x70, 0x6c, 0x65, 0x5f, 0x72,
  0x6e, 0x6e, 0x2f, 0x75, 0x6e, 0x73, 0x74, 0x61, 0x63, 0x6b, 0x31, 0x35,
  0x3b, 0x6d, 0x6f, 0x64, 0x65, 0x6c, 0x2f, 0x73, 0x69, 0x6d, 0x70, 0x6c,
  0x65, 0x5f, 0x72, 0x6e, 0x6e, 0x2f, 0x75, 0x6e, 0x73, 0x74, 0x61, 0x63,
  0x6b, 0x31, 0x36, 0x3b, 0x6d, 0x6f, 0x64, 0x65, 0x6c, 0x2f, 0x73, 0x69,
  0x6d, 0x70, 0x6c, 0x65, 0x5f, 0x72, 0x6e, 0x6e, 0x2f, 0x75, 0x6e, 0x73,
  0x74, 0x61, 0x63, 0x6b, 0x31, 0x37, 0x3b, 0x6d, 0x6f, 0x64, 0x65, 0x6c,
  0x2f, 0x73, 0x69, 0x6d, 0x70, 0x6c, 0x65, 0x5f, 0x72, 0x6e, 0x6e, 0x2f,
  0x75, 0x6e, 0x73, 0x74, 0x61, 0x63, 0x6b, 0x31, 0x38, 0x3b, 0x6d, 0x6f,
  0x64, 0x65, 0x6c, 0x2f, 0x73, 0x69, 0x6d, 0x70, 0x6c, 0x65, 0x5f, 0x72,
  0x6e, 0x6e, 0x2f, 0x75, 0x6e, 0x73, 0x74, 0x61, 0x63, 0x6b, 0x31, 0x39,
  0x3b, 0x6d, 0x6f, 0x64, 0x65, 0x6c, 0x2f, 0x73, 0x69, 0x6d, 0x70, 0x6c,
  0x65, 0x5f, 0x72, 0x6e, 0x6e, 0x2f, 0x75, 0x6e, 0x73, 0x74, 0x61, 0x63,
  0x6b, 0x32, 0x30, 0x3b, 0x6d, 0x6f, 0x64, 0x65, 0x6c, 0x2f, 0x73, 0x69,
  0x6d, 0x70, 0x6c, 0x65, 0x5f, 0x72, 0x6e, 0x6e, 0x2f, 0x75, 0x6e, 0x73,
  0x74, 0x61, 0x63, 0x6b, 0x32, 0x31, 0x3b, 0x6d, 0x6f, 0x64, 0x65, 0x6c,
  0x2f, 0x73, 0x69, 0x6d, 0x70, 0x6c, 0x65, 0x5f, 0x72, 0x6e, 0x6e, 0x2f,
  0x75, 0x6e, 0x73, 0x74, 0x61, 0x63, 0x6b, 0x32, 0x32, 0x3b, 0x6d, 0x6f,
  0x64, 0x65, 0x6c, 0x2f, 0x73, 0x69, 0x6d, 0x70, 0x6c, 0x65, 0x5f, 0x72,
  0x6e, 0x6e, 0x2f, 0x75, 0x6e, 0x73, 0x74, 0x61, 0x63, 0x6b, 0x32, 0x33,
  0x31, 0x32, 0x00, 0x00, 0x02, 0x00, 0x00, 0x00, 0x01, 0x00, 0x00, 0x00,
  0x01, 0x00, 0x00, 0x00, 0x72, 0xdc, 0xff, 0xff, 0x00, 0x00, 0x00, 0x01,
  0x18, 0x00, 0x00, 0x00, 0x20, 0x00, 0x00, 0x00, 0x40, 0x00, 0x00, 0x00,
  0x32, 0x00, 0x00, 0x00, 0x00, 0x00, 0x00, 0x09, 0xb8, 0x02, 0x00, 0x00,
  0x02, 0x00, 0x00, 0x00, 0xff, 0xff, 0xff, 0xff, 0x01, 0x00, 0x00, 0x00,
  0x84, 0xcd, 0xff, 0xff, 0x08, 0x00, 0x00, 0x00, 0x14, 0x00, 0x00, 0x00,
  0x01, 0x00, 0x00, 0x00, 0x7f, 0x00, 0x00, 0x00, 0x00, 0x00, 0x00, 0x00,
  0x00, 0x00, 0x00, 0x00, 0x01, 0x00, 0x00, 0x00, 0x74, 0xe1, 0x00, 0x3c,
  0x7e, 0x02, 0x00, 0x00, 0x6d, 0x6f, 0x64, 0x65, 0x6c, 0x2f, 0x73, 0x69,
  0x6d, 0x70, 0x6c, 0x65, 0x5f, 0x72, 0x6e, 0x6e, 0x2f, 0x75, 0x6e, 0x73,
  0x74, 0x61, 0x63, 0x6b, 0x3b, 0x6d, 0x6f, 0x64, 0x65, 0x6c, 0x2f, 0x73,
  0x69, 0x6d, 0x70, 0x6c, 0x65, 0x5f, 0x72, 0x6e, 0x6e, 0x2f, 0x75, 0x6e,
  0x73, 0x74, 0x61, 0x63, 0x6b, 0x31, 0x3b, 0x6d, 0x6f, 0x64, 0x65, 0x6c,
  0x2f, 0x73, 0x69, 0x6d, 0x70, 0x6c, 0x65, 0x5f, 0x72, 0x6e, 0x6e, 0x2f,
  0x75, 0x6e, 0x73, 0x74, 0x61, 0x63, 0x6b, 0x32, 0x3b, 0x6d, 0x6f, 0x64,
  0x65, 0x6c, 0x2f, 0x73, 0x69, 0x6d, 0x70, 0x6c, 0x65, 0x5f, 0x72, 0x6e,
  0x6e, 0x2f, 0x75, 0x6e, 0x73, 0x74, 0x61, 0x63, 0x6b, 0x33, 0x3b, 0x6d,
  0x6f, 0x64, 0x65, 0x6c, 0x2f, 0x73, 0x69, 0x6d, 0x70, 0x6c, 0x65, 0x5f,
  0x72, 0x6e, 0x6e, 0x2f, 0x75, 0x6e, 0x73, 0x74, 0x61, 0x63, 0x6b, 0x34,
  0x3b, 0x6d, 0x6f, 0x64, 0x65, 0x6c, 0x2f, 0x73, 0x69, 0x6d, 0x70, 0x6c,
  0x65, 0x5f, 0x72, 0x6e, 0x6e, 0x2f, 0x75, 0x6e, 0x73, 0x74, 0x61, 0x63,
  0x6b, 0x35, 0x3b, 0x6d, 0x6f, 0x64, 0x65, 0x6c, 0x2f, 0x73, 0x69, 0x6d,
  0x70, 0x6c, 0x65, 0x5f, 0x72, 0x6e, 0x6e, 0x2f, 0x75, 0x6e, 0x73, 0x74,
  0x61, 0x63, 0x6b, 0x36, 0x3b, 0x6d, 0x6f, 0x64, 0x65, 0x6c, 0x2f, 0x73,
  0x69, 0x6d, 0x70, 0x6c, 0x65, 0x5f, 0x72, 0x6e, 0x6e, 0x2f, 0x75, 0x6e,
  0x73, 0x74, 0x61, 0x63, 0x6b, 0x37, 0x3b, 0x6d, 0x6f, 0x64, 0x65, 0x6c,
  0x2f, 0x73, 0x69, 0x6d, 0x70, 0x6c, 0x65, 0x5f, 0x72, 0x6e, 0x6e, 0x2f,
  0x75, 0x6e, 0x73, 0x74, 0x61, 0x63, 0x6b, 0x38, 0x3b, 0x6d, 0x6f, 0x64,
  0x65, 0x6c, 0x2f, 0x73, 0x69, 0x6d, 0x70, 0x6c, 0x65, 0x5f, 0x72, 0x6e,
  0x6e, 0x2f, 0x75, 0x6e, 0x73, 0x74, 0x61, 0x63, 0x6b, 0x39, 0x3b, 0x6d,
  0x6f, 0x64, 0x65, 0x6c, 0x2f, 0x73, 0x69, 0x6d, 0x70, 0x6c, 0x65, 0x5f,
  0x72, 0x6e, 0x6e, 0x2f, 0x75, 0x6e, 0x73, 0x74, 0x61, 0x63, 0x6b, 0x31,
  0x30, 0x3b, 0x6d, 0x6f, 0x64, 0x65, 0x6c, 0x2f, 0x73, 0x69, 0x6d, 0x70,
  0x6c, 0x65, 0x5f, 0x72, 0x6e, 0x6e, 0x2f, 0x75, 0x6e, 0x73, 0x74, 0x61,
  0x63, 0x6b, 0x31, 0x31, 0x3b, 0x6d, 0x6f, 0x64, 0x65, 0x6c, 0x2f, 0x73,
  0x69, 0x6d, 0x70, 0x6c, 0x65, 0x5f, 0x72, 0x6e, 0x6e, 0x2f, 0x75, 0x6e,
  0x73, 0x74, 0x61, 0x63, 0x6b, 0x31, 0x32, 0x3b, 0x6d, 0x6f, 0x64, 0x65,
  0x6c, 0x2f, 0x73, 0x69, 0x6d, 0x70, 0x6c, 0x65, 0x5f, 0x72, 0x6e, 0x6e,
  0x2f, 0x75, 0x6e, 0x73, 0x74, 0x61, 0x63, 0x6b, 0x31, 0x33, 0x3b, 0x6d,
  0x6f, 0x64, 0x65, 0x6c, 0x2f, 0x73, 0x69, 0x6d, 0x70, 0x6c, 0x65, 0x5f,
  0x72, 0x6e, 0x6e, 0x2f, 0x75, 0x6e, 0x73, 0x74, 0x61, 0x63, 0x6b, 0x31,
  0x34, 0x3b, 0x6d, 0x6f, 0x64, 0x65, 0x6c, 0x2f, 0x73, 0x69, 0x6d, 0x70,
  0x6c, 0x65, 0x5f, 0x72, 0x6e, 0x6e, 0x2f, 0x75, 0x6e, 0x73, 0x74, 0x61,
  0x63, 0x6b, 0x31, 0x35, 0x3b, 0x6d, 0x6f, 0x64, 0x65, 0x6c, 0x2f, 0x73,
  0x69, 0x6d, 0x70, 0x6c, 0x65, 0x5f, 0x72, 0x6e, 0x6e, 0x2f, 0x75, 0x6e,
  0x73, 0x74, 0x61, 0x63, 0x6b, 0x31, 0x36, 0x3b, 0x6d, 0x6f, 0x64, 0x65,
  0x6c, 0x2f, 0x73, 0x69, 0x6d, 0x70, 0x6c, 0x65, 0x5f, 0x72, 0x6e, 0x6e,
  0x2f, 0x75, 0x6e, 0x73, 0x74, 0x61, 0x63, 0x6b, 0x31, 0x37, 0x3b, 0x6d,
  0x6f, 0x64, 0x65, 0x6c, 0x2f, 0x73, 0x69, 0x6d, 0x70, 0x6c, 0x65, 0x5f,
  0x72, 0x6e, 0x6e, 0x2f, 0x75, 0x6e, 0x73, 0x74, 0x61, 0x63, 0x6b, 0x31,
  0x38, 0x3b, 0x6d, 0x6f, 0x64, 0x65, 0x6c, 0x2f, 0x73, 0x69, 0x6d, 0x70,
  0x6c, 0x65, 0x5f, 0x72, 0x6e, 0x6e, 0x2f, 0x75, 0x6e, 0x73, 0x74, 0x61,
  0x63, 0x6b, 0x31, 0x39, 0x3b, 0x6d, 0x6f, 0x64, 0x65, 0x6c, 0x2f, 0x73,
  0x69, 0x6d, 0x70, 0x6c, 0x65, 0x5f, 0x72, 0x6e, 0x6e, 0x2f, 0x75, 0x6e,
  0x73, 0x74, 0x61, 0x63, 0x6b, 0x32, 0x30, 0x3b, 0x6d, 0x6f, 0x64, 0x65,
  0x6c, 0x2f, 0x73, 0x69, 0x6d, 0x70, 0x6c, 0x65, 0x5f, 0x72, 0x6e, 0x6e,
  0x2f, 0x75, 0x6e, 0x73, 0x74, 0x61, 0x63, 0x6b, 0x32, 0x31, 0x3b, 0x6d,
  0x6f, 0x64, 0x65, 0x6c, 0x2f, 0x73, 0x69, 0x6d, 0x70, 0x6c, 0x65, 0x5f,
  0x72, 0x6e, 0x6e, 0x2f, 0x75, 0x6e, 0x73, 0x74, 0x61, 0x63, 0x6b, 0x32,
  0x32, 0x3b, 0x6d, 0x6f, 0x64, 0x65, 0x6c, 0x2f, 0x73, 0x69, 0x6d, 0x70,
  0x6c, 0x65, 0x5f, 0x72, 0x6e, 0x6e, 0x2f, 0x75, 0x6e, 0x73, 0x74, 0x61,
  0x63, 0x6b, 0x32, 0x33, 0x31, 0x31, 0x00, 0x00, 0x02, 0x00, 0x00, 0x00,
  0x01, 0x00, 0x00, 0x00, 0x01, 0x00, 0x00, 0x00, 0x52, 0xdf, 0xff, 0xff,
  0x00, 0x00, 0x00, 0x01, 0x18, 0x00, 0x00, 0x00, 0x20, 0x00, 0x00, 0x00,
  0x40, 0x00, 0x00, 0x00, 0x31, 0x00, 0x00, 0x00, 0x00, 0x00, 0x00, 0x09,
  0xb8, 0x02, 0x00, 0x00, 0x02, 0x00, 0x00, 0x00, 0xff, 0xff, 0xff, 0xff,
  0x01, 0x00, 0x00, 0x00, 0x64, 0xd0, 0xff, 0xff, 0x08, 0x00, 0x00, 0x00,
  0x14, 0x00, 0x00, 0x00, 0x01, 0x00, 0x00, 0x00, 0x7f, 0x00, 0x00, 0x00,
  0x00, 0x00, 0x00, 0x00, 0x00, 0x00, 0x00, 0x00, 0x01, 0x00, 0x00, 0x00,
  0x74, 0xe1, 0x00, 0x3c, 0x7e, 0x02, 0x00, 0x00, 0x6d, 0x6f, 0x64, 0x65,
  0x6c, 0x2f, 0x73, 0x69, 0x6d, 0x70, 0x6c, 0x65, 0x5f, 0x72, 0x6e, 0x6e,
  0x2f, 0x75, 0x6e, 0x73, 0x74, 0x61, 0x63, 0x6b, 0x3b, 0x6d, 0x6f, 0x64,
  0x65, 0x6c, 0x2f, 0x73, 0x69, 0x6d, 0x70, 0x6c, 0x65, 0x5f, 0x72, 0x6e,
  0x6e, 0x2f, 0x75, 0x6e, 0x73, 0x74, 0x61, 0x63, 0x6b, 0x31, 0x3b, 0x6d,
  0x6f, 0x64, 0x65, 0x6c, 0x2f, 0x73, 0x69, 0x6d, 0x70, 0x6c, 0x65, 0x5f,
  0x72, 0x6e, 0x6e, 0x2f, 0x75, 0x6e, 0x73, 0x74, 0x61, 0x63, 0x6b, 0x32,
  0x3b, 0x6d, 0x6f, 0x64, 0x65, 0x6c, 0x2f, 0x73, 0x69, 0x6d, 0x70, 0x6c,
  0x65, 0x5f, 0x72, 0x6e, 0x6e, 0x2f, 0x75, 0x6e, 0x73, 0x74, 0x61, 0x63,
  0x6b, 0x33, 0x3b, 0x6d, 0x6f, 0x64, 0x65, 0x6c, 0x2f, 0x73, 0x69, 0x6d,
  0x70, 0x6c, 0x65, 0x5f, 0x72, 0x6e, 0x6e, 0x2f, 0x75, 0x6e, 0x73, 0x74,
  0x61, 0x63, 0x6b, 0x34, 0x3b, 0x6d, 0x6f, 0x64, 0x65, 0x6c, 0x2f, 0x73,
  0x69, 0x6d, 0x70, 0x6c, 0x65, 0x5f, 0x72, 0x6e, 0x6e, 0x2f, 0x75, 0x6e,
  0x73, 0x74, 0x61, 0x63, 0x6b, 0x35, 0x3b, 0x6d, 0x6f, 0x64, 0x65, 0x6c,
  0x2f, 0x73, 0x69, 0x6d, 0x70, 0x6c, 0x65, 0x5f, 0x72, 0x6e, 0x6e, 0x2f,
  0x75, 0x6e, 0x73, 0x74, 0x61, 0x63, 0x6b, 0x36, 0x3b, 0x6d, 0x6f, 0x64,
  0x65, 0x6c, 0x2f, 0x73, 0x69, 0x6d, 0x70, 0x6c, 0x65, 0x5f, 0x72, 0x6e,
  0x6e, 0x2f, 0x75, 0x6e, 0x73, 0x74, 0x61, 0x63, 0x6b, 0x37, 0x3b, 0x6d,
  0x6f, 0x64, 0x65, 0x6c, 0x2f, 0x73, 0x69, 0x6d, 0x70, 0x6c, 0x65, 0x5f,
  0x72, 0x6e, 0x6e, 0x2f, 0x75, 0x6e, 0x73, 0x74, 0x61, 0x63, 0x6b, 0x38,
  0x3b, 0x6d, 0x6f, 0x64, 0x65, 0x6c, 0x2f, 0x73, 0x69, 0x6d, 0x70, 0x6c,
  0x65, 0x5f, 0x72, 0x6e, 0x6e, 0x2f, 0x75, 0x6e, 0x73, 0x74, 0x61, 0x63,
  0x6b, 0x39, 0x3b, 0x6d, 0x6f, 0x64, 0x65, 0x6c, 0x2f, 0x73, 0x69, 0x6d,
  0x70, 0x6c, 0x65, 0x5f, 0x72, 0x6e, 0x6e, 0x2f, 0x75, 0x6e, 0x73, 0x74,
  0x61, 0x63, 0x6b, 0x31, 0x30, 0x3b, 0x6d, 0x6f, 0x64, 0x65, 0x6c, 0x2f,
  0x73, 0x69, 0x6d, 0x70, 0x6c, 0x65, 0x5f, 0x72, 0x6e, 0x6e, 0x2f, 0x75,
  0x6e, 0x73, 0x74, 0x61, 0x63, 0x6b, 0x31, 0x31, 0x3b, 0x6d, 0x6f, 0x64,
  0x65, 0x6c, 0x2f, 0x73, 0x69, 0x6d, 0x70, 0x6c, 0x65, 0x5f, 0x72, 0x6e,
  0x6e, 0x2f, 0x75, 0x6e, 0x73, 0x74, 0x61, 0x63, 0x6b, 0x31, 0x32, 0x3b,
  0x6d, 0x6f, 0x64, 0x65, 0x6c, 0x2f, 0x73, 0x69, 0x6d, 0x70, 0x6c, 0x65,
  0x5f, 0x72, 0x6e, 0x6e, 0x2f, 0x75, 0x6e, 0x73, 0x74, 0x61, 0x63, 0x6b,
  0x31, 0x33, 0x3b, 0x6d, 0x6f, 0x64, 0x65, 0x6c, 0x2f, 0x73, 0x69, 0x6d,
  0x70, 0x6c, 0x65, 0x5f, 0x72, 0x6e, 0x6e, 0x2f, 0x75, 0x6e, 0x73, 0x74,
  0x61, 0x63, 0x6b, 0x31, 0x34, 0x3b, 0x6d, 0x6f, 0x64, 0x65, 0x6c, 0x2f,
  0x73, 0x69, 0x6d, 0x70, 0x6c, 0x65, 0x5f, 0x72, 0x6e, 0x6e, 0x2f, 0x75,
  0x6e, 0x73, 0x74, 0x61, 0x63, 0x6b, 0x31, 0x35, 0x3b, 0x6d, 0x6f, 0x64,
  0x65, 0x6c, 0x2f, 0x73, 0x69, 0x6d, 0x70, 0x6c, 0x65, 0x5f, 0x72, 0x6e,
  0x6e, 0x2f, 0x75, 0x6e, 0x73, 0x74, 0x61, 0x63, 0x6b, 0x31, 0x36, 0x3b,
  0x6d, 0x6f, 0x64, 0x65, 0x6c, 0x2f, 0x73, 0x69, 0x6d, 0x70, 0x6c, 0x65,
  0x5f, 0x72, 0x6e, 0x6e, 0x2f, 0x75, 0x6e, 0x73, 0x74, 0x61, 0x63, 0x6b,
  0x31, 0x37, 0x3b, 0x6d, 0x6f, 0x64, 0x65, 0x6c, 0x2f, 0x73, 0x69, 0x6d,
  0x70, 0x6c, 0x65, 0x5f, 0x72, 0x6e, 0x6e, 0x2f, 0x75, 0x6e, 0x73, 0x74,
  0x61, 0x63, 0x6b, 0x31, 0x38, 0x3b, 0x6d, 0x6f, 0x64, 0x65, 0x6c, 0x2f,
  0x73, 0x69, 0x6d, 0x70, 0x6c, 0x65, 0x5f, 0x72, 0x6e, 0x6e, 0x2f, 0x75,
  0x6e, 0x73, 0x74, 0x61, 0x63, 0x6b, 0x31, 0x39, 0x3b, 0x6d, 0x6f, 0x64,
  0x65, 0x6c, 0x2f, 0x73, 0x69, 0x6d, 0x70, 0x6c, 0x65, 0x5f, 0x72, 0x6e,
  0x6e, 0x2f, 0x75, 0x6e, 0x73, 0x74, 0x61, 0x63, 0x6b, 0x32, 0x30, 0x3b,
  0x6d, 0x6f, 0x64, 0x65, 0x6c, 0x2f, 0x73, 0x69, 0x6d, 0x70, 0x6c, 0x65,
  0x5f, 0x72, 0x6e, 0x6e, 0x2f, 0x75, 0x6e, 0x73, 0x74, 0x61, 0x63, 0x6b,
  0x32, 0x31, 0x3b, 0x6d, 0x6f, 0x64, 0x65, 0x6c, 0x2f, 0x73, 0x69, 0x6d,
  0x70, 0x6c, 0x65, 0x5f, 0x72, 0x6e, 0x6e, 0x2f, 0x75, 0x6e, 0x73, 0x74,
  0x61, 0x63, 0x6b, 0x32, 0x32, 0x3b, 0x6d, 0x6f, 0x64, 0x65, 0x6c, 0x2f,
  0x73, 0x69, 0x6d, 0x70, 0x6c, 0x65, 0x5f, 0x72, 0x6e, 0x6e, 0x2f, 0x75,
  0x6e, 0x73, 0x74, 0x61, 0x63, 0x6b, 0x32, 0x33, 0x31, 0x30, 0x00, 0x00,
  0x02, 0x00, 0x00, 0x00, 0x01, 0x00, 0x00, 0x00, 0x01, 0x00, 0x00, 0x00,
  0x32, 0xe2, 0xff, 0xff, 0x00, 0x00, 0x00, 0x01, 0x18, 0x00, 0x00, 0x00,
  0x20, 0x00, 0x00, 0x00, 0x40, 0x00, 0x00, 0x00, 0x30, 0x00, 0x00, 0x00,
  0x00, 0x00, 0x00, 0x09, 0xb8, 0x02, 0x00, 0x00, 0x02, 0x00, 0x00, 0x00,
  0xff, 0xff, 0xff, 0xff, 0x01, 0x00, 0x00, 0x00, 0x44, 0xd3, 0xff, 0xff,
  0x08, 0x00, 0x00, 0x00, 0x14, 0x00, 0x00, 0x00, 0x01, 0x00, 0x00, 0x00,
  0x7f, 0x00, 0x00, 0x00, 0x00, 0x00, 0x00, 0x00, 0x00, 0x00, 0x00, 0x00,
  0x01, 0x00, 0x00, 0x00, 0x74, 0xe1, 0x00, 0x3c, 0x7d, 0x02, 0x00, 0x00,
  0x6d, 0x6f, 0x64, 0x65, 0x6c, 0x2f, 0x73, 0x69, 0x6d, 0x70, 0x6c, 0x65,
  0x5f, 0x72, 0x6e, 0x6e, 0x2f, 0x75, 0x6e, 0x73, 0x74, 0x61, 0x63, 0x6b,
  0x3b, 0x6d, 0x6f, 0x64, 0x65, 0x6c, 0x2f, 0x73, 0x69, 0x6d, 0x70, 0x6c,
  0x65, 0x5f, 0x72, 0x6e, 0x6e, 0x2f, 0x75, 0x6e, 0x73, 0x74, 0x61, 0x63,
  0x6b, 0x31, 0x3b, 0x6d, 0x6f, 0x64, 0x65, 0x6c, 0x2f, 0x73, 0x69, 0x6d,
  0x70, 0x6c, 0x65, 0x5f, 0x72, 0x6e, 0x6e, 0x2f, 0x75, 0x6e, 0x73, 0x74,
  0x61, 0x63, 0x6b, 0x32, 0x3b, 0x6d, 0x6f, 0x64, 0x65, 0x6c, 0x2f, 0x73,
  0x69, 0x6d, 0x70, 0x6c, 0x65, 0x5f, 0x72, 0x6e, 0x6e, 0x2f, 0x75, 0x6e,
  0x73, 0x74, 0x61, 0x63, 0x6b, 0x33, 0x3b, 0x6d, 0x6f, 0x64, 0x65, 0x6c,
  0x2f, 0x73, 0x69, 0x6d, 0x70, 0x6c, 0x65, 0x5f, 0x72, 0x6e, 0x6e, 0x2f,
  0x75, 0x6e, 0x73, 0x74, 0x61, 0x63, 0x6b, 0x34, 0x3b, 0x6d, 0x6f, 0x64,
  0x65, 0x6c, 0x2f, 0x73, 0x69, 0x6d, 0x70, 0x6c, 0x65, 0x5f, 0x72, 0x6e,
  0x6e, 0x2f, 0x75, 0x6e, 0x73, 0x74, 0x61, 0x63, 0x6b, 0x35, 0x3b, 0x6d,
  0x6f, 0x64, 0x65, 0x6c, 0x2f, 0x73, 0x69, 0x6d, 0x70, 0x6c, 0x65, 0x5f,
  0x72, 0x6e, 0x6e, 0x2f, 0x75, 0x6e, 0x73, 0x74, 0x61, 0x63, 0x6b, 0x36,
  0x3b, 0x6d, 0x6f, 0x64, 0x65, 0x6c, 0x2f, 0x73, 0x69, 0x6d, 0x70, 0x6c,
  0x65, 0x5f, 0x72, 0x6e, 0x6e, 0x2f, 0x75, 0x6e, 0x73, 0x74, 0x61, 0x63,
  0x6b, 0x37, 0x3b, 0x6d, 0x6f, 0x64, 0x65, 0x6c, 0x2f, 0x73, 0x69, 0x6d,
  0x70, 0x6c, 0x65, 0x5f, 0x72, 0x6e, 0x6e, 0x2f, 0x75, 0x6e, 0x73, 0x74,
  0x61, 0x63, 0x6b, 0x38, 0x3b, 0x6d, 0x6f, 0x64, 0x65, 0x6c, 0x2f, 0x73,
  0x69, 0x6d, 0x70, 0x6c, 0x65, 0x5f, 0x72, 0x6e, 0x6e, 0x2f, 0x75, 0x6e,
  0x73, 0x74, 0x61, 0x63, 0x6b, 0x39, 0x3b, 0x6d, 0x6f, 0x64, 0x65, 0x6c,
  0x2f, 0x73, 0x69, 0x6d, 0x70, 0x6c, 0x65, 0x5f, 0x72, 0x6e, 0x6e, 0x2f,
  0x75, 0x6e, 0x73, 0x74, 0x61, 0x63, 0x6b, 0x31, 0x30, 0x3b, 0x6d, 0x6f,
  0x64, 0x65, 0x6c, 0x2f, 0x73, 0x69, 0x6d, 0x70, 0x6c, 0x65, 0x5f, 0x72,
  0x6e, 0x6e, 0x2f, 0x75, 0x6e, 0x73, 0x74, 0x61, 0x63, 0x6b, 0x31, 0x31,
  0x3b, 0x6d, 0x6f, 0x64, 0x65, 0x6c, 0x2f, 0x73, 0x69, 0x6d, 0x70, 0x6c,
  0x65, 0x5f, 0x72, 0x6e, 0x6e, 0x2f, 0x75, 0x6e, 0x73, 0x74, 0x61, 0x63,
  0x6b, 0x31, 0x32, 0x3b, 0x6d, 0x6f, 0x64, 0x65, 0x6c, 0x2f, 0x73, 0x69,
  0x6d, 0x70, 0x6c, 0x65, 0x5f, 0x72, 0x6e, 0x6e, 0x2f, 0x75, 0x6e, 0x73,
  0x74, 0x61, 0x63, 0x6b, 0x31, 0x33, 0x3b, 0x6d, 0x6f, 0x64, 0x65, 0x6c,
  0x2f, 0x73, 0x69, 0x6d, 0x70, 0x6c, 0x65, 0x5f, 0x72, 0x6e, 0x6e, 0x2f,
  0x75, 0x6e, 0x73, 0x74, 0x61, 0x63, 0x6b, 0x31, 0x34, 0x3b, 0x6d, 0x6f,
  0x64, 0x65, 0x6c, 0x2f, 0x73, 0x69, 0x6d, 0x70, 0x6c, 0x65, 0x5f, 0x72,
  0x6e, 0x6e, 0x2f, 0x75, 0x6e, 0x73, 0x74, 0x61, 0x63, 0x6b, 0x31, 0x35,
  0x3b, 0x6d, 0x6f, 0x64, 0x65, 0x6c, 0x2f, 0x73, 0x69, 0x6d, 0x70, 0x6c,
  0x65, 0x5f, 0x72, 0x6e, 0x6e, 0x2f, 0x75, 0x6e, 0x73, 0x74, 0x61, 0x63,
  0x6b, 0x31, 0x36, 0x3b, 0x6d, 0x6f, 0x64, 0x65, 0x6c, 0x2f, 0x73, 0x69,
  0x6d, 0x70, 0x6c, 0x65, 0x5f, 0x72, 0x6e, 0x6e, 0x2f, 0x75, 0x6e, 0x73,
  0x74, 0x61, 0x63, 0x6b, 0x31, 0x37, 0x3b, 0x6d, 0x6f, 0x64, 0x65, 0x6c,
  0x2f, 0x73, 0x69, 0x6d, 0x70, 0x6c, 0x65, 0x5f, 0x72, 0x6e, 0x6e, 0x2f,
  0x75, 0x6e, 0x73, 0x74, 0x61, 0x63, 0x6b, 0x31, 0x38, 0x3b, 0x6d, 0x6f,
  0x64, 0x65, 0x6c, 0x2f, 0x73, 0x69, 0x6d, 0x70, 0x6c, 0x65, 0x5f, 0x72,
  0x6e, 0x6e, 0x2f, 0x75, 0x6e, 0x73, 0x74, 0x61, 0x63, 0x6b, 0x31, 0x39,
  0x3b, 0x6d, 0x6f, 0x64, 0x65, 0x6c, 0x2f, 0x73, 0x69, 0x6d, 0x70, 0x6c,
  0x65, 0x5f, 0x72, 0x6e, 0x6e, 0x2f, 0x75, 0x6e, 0x73, 0x74, 0x61, 0x63,
  0x6b, 0x32, 0x30, 0x3b, 0x6d, 0x6f, 0x64, 0x65, 0x6c, 0x2f, 0x73, 0x69,
  0x6d, 0x70, 0x6c, 0x65, 0x5f, 0x72, 0x6e, 0x6e, 0x2f, 0x75, 0x6e, 0x73,
  0x74, 0x61, 0x63, 0x6b, 0x32, 0x31, 0x3b, 0x6d, 0x6f, 0x64, 0x65, 0x6c,
  0x2f, 0x73, 0x69, 0x6d, 0x70, 0x6c, 0x65, 0x5f, 0x72, 0x6e, 0x6e, 0x2f,
  0x75, 0x6e, 0x73, 0x74, 0x61, 0x63, 0x6b, 0x32, 0x32, 0x3b, 0x6d, 0x6f,
  0x64, 0x65, 0x6c, 0x2f, 0x73, 0x69, 0x6d, 0x70, 0x6c, 0x65, 0x5f, 0x72,
  0x6e, 0x6e, 0x2f, 0x75, 0x6e, 0x73, 0x74, 0x61, 0x63, 0x6b, 0x32, 0x33,
  0x39, 0x00, 0x00, 0x00, 0x02, 0x00, 0x00, 0x00, 0x01, 0x00, 0x00, 0x00,
  0x01, 0x00, 0x00, 0x00, 0x12, 0xe5, 0xff, 0xff, 0x00, 0x00, 0x00, 0x01,
  0x18, 0x00, 0x00, 0x00, 0x20, 0x00, 0x00, 0x00, 0x40, 0x00, 0x00, 0x00,
  0x2f, 0x00, 0x00, 0x00, 0x00, 0x00, 0x00, 0x09, 0xb8, 0x02, 0x00, 0x00,
  0x02, 0x00, 0x00, 0x00, 0xff, 0xff, 0xff, 0xff, 0x01, 0x00, 0x00, 0x00,
  0x24, 0xd6, 0xff, 0xff, 0x08, 0x00, 0x00, 0x00, 0x14, 0x00, 0x00, 0x00,
  0x01, 0x00, 0x00, 0x00, 0x7f, 0x00, 0x00, 0x00, 0x00, 0x00, 0x00, 0x00,
  0x00, 0x00, 0x00, 0x00, 0x01, 0x00, 0x00, 0x00, 0x74, 0xe1, 0x00, 0x3c,
  0x7d, 0x02, 0x00, 0x00, 0x6d, 0x6f, 0x64, 0x65, 0x6c, 0x2f, 0x73, 0x69,
  0x6d, 0x70, 0x6c, 0x65, 0x5f, 0x72, 0x6e, 0x6e, 0x2f, 0x75, 0x6e, 0x73,
  0x74, 0x61, 0x63, 0x6b, 0x3b, 0x6d, 0x6f, 0x64, 0x65, 0x6c, 0x2f, 0x73,
  0x69, 0x6d, 0x70, 0x6c, 0x65, 0x5f, 0x72, 0x6e, 0x6e, 0x2f, 0x75, 0x6e,
  0x73, 0x74, 0x61, 0x63, 0x6b, 0x31, 0x3b, 0x6d, 0x6f, 0x64, 0x65, 0x6c,
  0x2f, 0x73, 0x69, 0x6d, 0x70, 0x6c, 0x65, 0x5f, 0x72, 0x6e, 0x6e, 0x2f,
  0x75, 0x6e, 0x73, 0x74, 0x61, 0x63, 0x6b, 0x32, 0x3b, 0x6d, 0x6f, 0x64,
  0x65, 0x6c, 0x2f, 0x73, 0x69, 0x6d, 0x70, 0x6c, 0x65, 0x5f, 0x72, 0x6e,
  0x6e, 0x2f, 0x75, 0x6e, 0x73, 0x74, 0x61, 0x63, 0x6b, 0x33, 0x3b, 0x6d,
  0x6f, 0x64, 0x65, 0x6c, 0x2f, 0x73, 0x69, 0x6d, 0x70, 0x6c, 0x65, 0x5f,
  0x72, 0x6e, 0x6e, 0x2f, 0x75, 0x6e, 0x73, 0x74, 0x61, 0x63, 0x6b, 0x34,
  0x3b, 0x6d, 0x6f, 0x64, 0x65, 0x6c, 0x2f, 0x73, 0x69, 0x6d, 0x70, 0x6c,
  0x65, 0x5f, 0x72, 0x6e, 0x6e, 0x2f, 0x75, 0x6e, 0x73, 0x74, 0x61, 0x63,
  0x6b, 0x35, 0x3b, 0x6d, 0x6f, 0x64, 0x65, 0x6c, 0x2f, 0x73, 0x69, 0x6d,
  0x70, 0x6c, 0x65, 0x5f, 0x72, 0x6e, 0x6e, 0x2f, 0x75, 0x6e, 0x73, 0x74,
  0x61, 0x63, 0x6b, 0x36, 0x3b, 0x6d, 0x6f, 0x64, 0x65, 0x6c, 0x2f, 0x73,
  0x69, 0x6d, 0x70, 0x6c, 0x65, 0x5f, 0x72, 0x6e, 0x6e, 0x2f, 0x75, 0x6e,
  0x73, 0x74, 0x61, 0x63, 0x6b, 0x37, 0x3b, 0x6d, 0x6f, 0x64, 0x65, 0x6c,
  0x2f, 0x73, 0x69, 0x6d, 0x70, 0x6c, 0x65, 0x5f, 0x72, 0x6e, 0x6e, 0x2f,
  0x75, 0x6e, 0x73, 0x74, 0x61, 0x63, 0x6b, 0x38, 0x3b, 0x6d, 0x6f, 0x64,
  0x65, 0x6c, 0x2f, 0x73, 0x69, 0x6d, 0x70, 0x6c, 0x65, 0x5f, 0x72, 0x6e,
  0x6e, 0x2f, 0x75, 0x6e, 0x73, 0x74, 0x61, 0x63, 0x6b, 0x39, 0x3b, 0x6d,
  0x6f, 0x64, 0x65, 0x6c, 0x2f, 0x73, 0x69, 0x6d, 0x70, 0x6c, 0x65, 0x5f,
  0x72, 0x6e, 0x6e, 0x2f, 0x75, 0x6e, 0x73, 0x74, 0x61, 0x63, 0x6b, 0x31,
  0x30, 0x3b, 0x6d, 0x6f, 0x64, 0x65, 0x6c, 0x2f, 0x73, 0x69, 0x6d, 0x70,
  0x6c, 0x65, 0x5f, 0x72, 0x6e, 0x6e, 0x2f, 0x75, 0x6e, 0x73, 0x74, 0x61,
  0x63, 0x6b, 0x31, 0x31, 0x3b, 0x6d, 0x6f, 0x64, 0x65, 0x6c, 0x2f, 0x73,
  0x69, 0x6d, 0x70, 0x6c, 0x65, 0x5f, 0x72, 0x6e, 0x6e, 0x2f, 0x75, 0x6e,
  0x73, 0x74, 0x61, 0x63, 0x6b, 0x31, 0x32, 0x3b, 0x6d, 0x6f, 0x64, 0x65,
  0x6c, 0x2f, 0x73, 0x69, 0x6d, 0x70, 0x6c, 0x65, 0x5f, 0x72, 0x6e, 0x6e,
  0x2f, 0x75, 0x6e, 0x73, 0x74, 0x61, 0x63, 0x6b, 0x31, 0x33, 0x3b, 0x6d,
  0x6f, 0x64, 0x65, 0x6c, 0x2f, 0x73, 0x69, 0x6d, 0x70, 0x6c, 0x65, 0x5f,
  0x72, 0x6e, 0x6e, 0x2f, 0x75, 0x6e, 0x73, 0x74, 0x61, 0x63, 0x6b, 0x31,
  0x34, 0x3b, 0x6d, 0x6f, 0x64, 0x65, 0x6c, 0x2f, 0x73, 0x69, 0x6d, 0x70,
  0x6c, 0x65, 0x5f, 0x72, 0x6e, 0x6e, 0x2f, 0x75, 0x6e, 0x73, 0x74, 0x61,
  0x63, 0x6b, 0x31, 0x35, 0x3b, 0x6d, 0x6f, 0x64, 0x65, 0x6c, 0x2f, 0x73,
  0x69, 0x6d, 0x70, 0x6c, 0x65, 0x5f, 0x72, 0x6e, 0x6e, 0x2f, 0x75, 0x6e,
  0x73, 0x74, 0x61, 0x63, 0x6b, 0x31, 0x36, 0x3b, 0x6d, 0x6f, 0x64, 0x65,
  0x6c, 0x2f, 0x73, 0x69, 0x6d, 0x70, 0x6c, 0x65, 0x5f, 0x72, 0x6e, 0x6e,
  0x2f, 0x75, 0x6e, 0x73, 0x74, 0x61, 0x63, 0x6b, 0x31, 0x37, 0x3b, 0x6d,
  0x6f, 0x64, 0x65, 0x6c, 0x2f, 0x73, 0x69, 0x6d, 0x70, 0x6c, 0x65, 0x5f,
  0x72, 0x6e, 0x6e, 0x2f, 0x75, 0x6e, 0x73, 0x74, 0x61, 0x63, 0x6b, 0x31,
  0x38, 0x3b, 0x6d, 0x6f, 0x64, 0x65, 0x6c, 0x2f, 0x73, 0x69, 0x6d, 0x70,
  0x6c, 0x65, 0x5f, 0x72, 0x6e, 0x6e, 0x2f, 0x75, 0x6e, 0x73, 0x74, 0x61,
  0x63, 0x6b, 0x31, 0x39, 0x3b, 0x6d, 0x6f, 0x64, 0x65, 0x6c, 0x2f, 0x73,
  0x69, 0x6d, 0x70, 0x6c, 0x65, 0x5f, 0x72, 0x6e, 0x6e, 0x2f, 0x75, 0x6e,
  0x73, 0x74, 0x61, 0x63, 0x6b, 0x32, 0x30, 0x3b, 0x6d, 0x6f, 0x64, 0x65,
  0x6c, 0x2f, 0x73, 0x69, 0x6d, 0x70, 0x6c, 0x65, 0x5f, 0x72, 0x6e, 0x6e,
  0x2f, 0x75, 0x6e, 0x73, 0x74, 0x61, 0x63, 0x6b, 0x32, 0x31, 0x3b, 0x6d,
  0x6f, 0x64, 0x65, 0x6c, 0x2f, 0x73, 0x69, 0x6d, 0x70, 0x6c, 0x65, 0x5f,
  0x72, 0x6e, 0x6e, 0x2f, 0x75, 0x6e, 0x73, 0x74, 0x61, 0x63, 0x6b, 0x32,
  0x32, 0x3b, 0x6d, 0x6f, 0x64, 0x65, 0x6c, 0x2f, 0x73, 0x69, 0x6d, 0x70,
  0x6c, 0x65, 0x5f, 0x72, 0x6e, 0x6e, 0x2f, 0x75, 0x6e, 0x73, 0x74, 0x61,
  0x63, 0x6b, 0x32, 0x33, 0x38, 0x00, 0x00, 0x00, 0x02, 0x00, 0x00, 0x00,
  0x01, 0x00, 0x00, 0x00, 0x01, 0x00, 0x00, 0x00, 0xf2, 0xe7, 0xff, 0xff,
  0x00, 0x00, 0x00, 0x01, 0x18, 0x00, 0x00, 0x00, 0x20, 0x00, 0x00, 0x00,
  0x40, 0x00, 0x00, 0x00, 0x2e, 0x00, 0x00, 0x00, 0x00, 0x00, 0x00, 0x09,
  0xb8, 0x02, 0x00, 0x00, 0x02, 0x00, 0x00, 0x00, 0xff, 0xff, 0xff, 0xff,
  0x01, 0x00, 0x00, 0x00, 0x04, 0xd9, 0xff, 0xff, 0x08, 0x00, 0x00, 0x00,
  0x14, 0x00, 0x00, 0x00, 0x01, 0x00, 0x00, 0x00, 0x7f, 0x00, 0x00, 0x00,
  0x00, 0x00, 0x00, 0x00, 0x00, 0x00, 0x00, 0x00, 0x01, 0x00, 0x00, 0x00,
  0x74, 0xe1, 0x00, 0x3c, 0x7d, 0x02, 0x00, 0x00, 0x6d, 0x6f, 0x64, 0x65,
  0x6c, 0x2f, 0x73, 0x69, 0x6d, 0x70, 0x6c, 0x65, 0x5f, 0x72, 0x6e, 0x6e,
  0x2f, 0x75, 0x6e, 0x73, 0x74, 0x61, 0x63, 0x6b, 0x3b, 0x6d, 0x6f, 0x64,
  0x65, 0x6c, 0x2f, 0x73, 0x69, 0x6d, 0x70, 0x6c, 0x65, 0x5f, 0x72, 0x6e,
  0x6e, 0x2f, 0x75, 0x6e, 0x73, 0x74, 0x61, 0x63, 0x6b, 0x31, 0x3b, 0x6d,
  0x6f, 0x64, 0x65, 0x6c, 0x2f, 0x73, 0x69, 0x6d, 0x70, 0x6c, 0x65, 0x5f,
  0x72, 0x6e, 0x6e, 0x2f, 0x75, 0x6e, 0x73, 0x74, 0x61, 0x63, 0x6b, 0x32,
  0x3b, 0x6d, 0x6f, 0x64, 0x65, 0x6c, 0x2f, 0x73, 0x69, 0x6d, 0x70, 0x6c,
  0x65, 0x5f, 0x72, 0x6e, 0x6e, 0x2f, 0x75, 0x6e, 0x73, 0x74, 0x61, 0x63,
  0x6b, 0x33, 0x3b, 0x6d, 0x6f, 0x64, 0x65, 0x6c, 0x2f, 0x73, 0x69, 0x6d,
  0x70, 0x6c, 0x65, 0x5f, 0x72, 0x6e, 0x6e, 0x2f, 0x75, 0x6e, 0x73, 0x74,
  0x61, 0x63, 0x6b, 0x34, 0x3b, 0x6d, 0x6f, 0x64, 0x65, 0x6c, 0x2f, 0x73,
  0x69, 0x6d, 0x70, 0x6c, 0x65, 0x5f, 0x72, 0x6e, 0x6e, 0x2f, 0x75, 0x6e,
  0x73, 0x74, 0x61, 0x63, 0x6b, 0x35, 0x3b, 0x6d, 0x6f, 0x64, 0x65, 0x6c,
  0x2f, 0x73, 0x69, 0x6d, 0x70, 0x6c, 0x65, 0x5f, 0x72, 0x6e, 0x6e, 0x2f,
  0x75, 0x6e, 0x73, 0x74, 0x61, 0x63, 0x6b, 0x36, 0x3b, 0x6d, 0x6f, 0x64,
  0x65, 0x6c, 0x2f, 0x73, 0x69, 0x6d, 0x70, 0x6c, 0x65, 0x5f, 0x72, 0x6e,
  0x6e, 0x2f, 0x75, 0x6e, 0x73, 0x74, 0x61, 0x63, 0x6b, 0x37, 0x3b, 0x6d,
  0x6f, 0x64, 0x65, 0x6c, 0x2f, 0x73, 0x69, 0x6d, 0x70, 0x6c, 0x65, 0x5f,
  0x72, 0x6e, 0x6e, 0x2f, 0x75, 0x6e, 0x73, 0x74, 0x61, 0x63, 0x6b, 0x38,
  0x3b, 0x6d, 0x6f, 0x64, 0x65, 0x6c, 0x2f, 0x73, 0x69, 0x6d, 0x70, 0x6c,
  0x65, 0x5f, 0x72, 0x6e, 0x6e, 0x2f, 0x75, 0x6e, 0x73, 0x74, 0x61, 0x63,
  0x6b, 0x39, 0x3b, 0x6d, 0x6f, 0x64, 0x65, 0x6c, 0x2f, 0x73, 0x69, 0x6d,
  0x70, 0x6c, 0x65, 0x5f, 0x72, 0x6e, 0x6e, 0x2f, 0x75, 0x6e, 0x73, 0x74,
  0x61, 0x63, 0x6b, 0x31, 0x30, 0x3b, 0x6d, 0x6f, 0x64, 0x65, 0x6c, 0x2f,
  0x73, 0x69, 0x6d, 0x70, 0x6c, 0x65, 0x5f, 0x72, 0x6e, 0x6e, 0x2f, 0x75,
  0x6e, 0x73, 0x74, 0x61, 0x63, 0x6b, 0x31, 0x31, 0x3b, 0x6d, 0x6f, 0x64,
  0x65, 0x6c, 0x2f, 0x73, 0x69, 0x6d, 0x70, 0x6c, 0x65, 0x5f, 0x72, 0x6e,
  0x6e, 0x2f, 0x75, 0x6e, 0x73, 0x74, 0x61, 0x63, 0x6b, 0x31, 0x32, 0x3b,
  0x6d, 0x6f, 0x64, 0x65, 0x6c, 0x2f, 0x73, 0x69, 0x6d, 0x70, 0x6c, 0x65,
  0x5f, 0x72, 0x6e, 0x6e, 0x2f, 0x75, 0x6e, 0x73, 0x74, 0x61, 0x63, 0x6b,
  0x31, 0x33, 0x3b, 0x6d, 0x6f, 0x64, 0x65, 0x6c, 0x2f, 0x73, 0x69, 0x6d,
  0x70, 0x6c, 0x65, 0x5f, 0x72, 0x6e, 0x6e, 0x2f, 0x75, 0x6e, 0x73, 0x74,
  0x61, 0x63, 0x6b, 0x31, 0x34, 0x3b, 0x6d, 0x6f, 0x64, 0x65, 0x6c, 0x2f,
  0x73, 0x69, 0x6d, 0x70, 0x6c, 0x65, 0x5f, 0x72, 0x6e, 0x6e, 0x2f, 0x75,
  0x6e, 0x73, 0x74, 0x61, 0x63, 0x6b, 0x31, 0x35, 0x3b, 0x6d, 0x6f, 0x64,
  0x65, 0x6c, 0x2f, 0x73, 0x69, 0x6d, 0x70, 0x6c, 0x65, 0x5f, 0x72, 0x6e,
  0x6e, 0x2f, 0x75, 0x6e, 0x73, 0x74, 0x61, 0x63, 0x6b, 0x31, 0x36, 0x3b,
  0x6d, 0x6f, 0x64, 0x65, 0x6c, 0x2f, 0x73, 0x69, 0x6d, 0x70, 0x6c, 0x65,
  0x5f, 0x72, 0x6e, 0x6e, 0x2f, 0x75, 0x6e, 0x73, 0x74, 0x61, 0x63, 0x6b,
  0x31, 0x37, 0x3b, 0x6d, 0x6f, 0x64, 0x65, 0x6c, 0x2f, 0x73, 0x69, 0x6d,
  0x70, 0x6c, 0x65, 0x5f, 0x72, 0x6e, 0x6e, 0x2f, 0x75, 0x6e, 0x73, 0x74,
  0x61, 0x63, 0x6b, 0x31, 0x38, 0x3b, 0x6d, 0x6f, 0x64, 0x65, 0x6c, 0x2f,
  0x73, 0x69, 0x6d, 0x70, 0x6c, 0x65, 0x5f, 0x72, 0x6e, 0x6e, 0x2f, 0x75,
  0x6e, 0x73, 0x74, 0x61, 0x63, 0x6b, 0x31, 0x39, 0x3b, 0x6d, 0x6f, 0x64,
  0x65, 0x6c, 0x2f, 0x73, 0x69, 0x6d, 0x70, 0x6c, 0x65, 0x5f, 0x72, 0x6e,
  0x6e, 0x2f, 0x75, 0x6e, 0x73, 0x74, 0x61, 0x63, 0x6b, 0x32, 0x30, 0x3b,
  0x6d, 0x6f, 0x64, 0x65, 0x6c, 0x2f, 0x73, 0x69, 0x6d, 0x70, 0x6c, 0x65,
  0x5f, 0x72, 0x6e, 0x6e, 0x2f, 0x75, 0x6e, 0x73, 0x74, 0x61, 0x63, 0x6b,
  0x32, 0x31, 0x3b, 0x6d, 0x6f, 0x64, 0x65, 0x6c, 0x2f, 0x73, 0x69, 0x6d,
  0x70, 0x6c, 0x65, 0x5f, 0x72, 0x6e, 0x6e, 0x2f, 0x75, 0x6e, 0x73, 0x74,
  0x61, 0x63, 0x6b, 0x32, 0x32, 0x3b, 0x6d, 0x6f, 0x64, 0x65, 0x6c, 0x2f,
  0x73, 0x69, 0x6d, 0x70, 0x6c, 0x65, 0x5f, 0x72, 0x6e, 0x6e, 0x2f, 0x75,
  0x6e, 0x73, 0x74, 0x61, 0x63, 0x6b, 0x32, 0x33, 0x37, 0x00, 0x00, 0x00,
  0x02, 0x00, 0x00, 0x00, 0x01, 0x00, 0x00, 0x00, 0x01, 0x00, 0x00, 0x00,
  0xd2, 0xea, 0xff, 0xff, 0x00, 0x00, 0x00, 0x01, 0x18, 0x00, 0x00, 0x00,
  0x20, 0x00, 0x00, 0x00, 0x40, 0x00, 0x00, 0x00, 0x2d, 0x00, 0x00, 0x00,
  0x00, 0x00, 0x00, 0x09, 0xb8, 0x02, 0x00, 0x00, 0x02, 0x00, 0x00, 0x00,
  0xff, 0xff, 0xff, 0xff, 0x01, 0x00, 0x00, 0x00, 0xe4, 0xdb, 0xff, 0xff,
  0x08, 0x00, 0x00, 0x00, 0x14, 0x00, 0x00, 0x00, 0x01, 0x00, 0x00, 0x00,
  0x7f, 0x00, 0x00, 0x00, 0x00, 0x00, 0x00, 0x00, 0x00, 0x00, 0x00, 0x00,
  0x01, 0x00, 0x00, 0x00, 0x74, 0xe1, 0x00, 0x3c, 0x7d, 0x02, 0x00, 0x00,
  0x6d, 0x6f, 0x64, 0x65, 0x6c, 0x2f, 0x73, 0x69, 0x6d, 0x70, 0x6c, 0x65,
  0x5f, 0x72, 0x6e, 0x6e, 0x2f, 0x75, 0x6e, 0x73, 0x74, 0x61, 0x63, 0x6b,
  0x3b, 0x6d, 0x6f, 0x64, 0x65, 0x6c, 0x2f, 0x73, 0x69, 0x6d, 0x70, 0x6c,
  0x65, 0x5f, 0x72, 0x6e, 0x6e, 0x2f, 0x75, 0x6e, 0x73, 0x74, 0x61, 0x63,
  0x6b, 0x31, 0x3b, 0x6d, 0x6f, 0x64, 0x65, 0x6c, 0x2f, 0x73, 0x69, 0x6d,
  0x70, 0x6c, 0x65, 0x5f, 0x72, 0x6e, 0x6e, 0x2f, 0x75, 0x6e, 0x73, 0x74,
  0x61, 0x63, 0x6b, 0x32, 0x3b, 0x6d, 0x6f, 0x64, 0x65, 0x6c, 0x2f, 0x73,
  0x69, 0x6d, 0x70, 0x6c, 0x65, 0x5f, 0x72, 0x6e, 0x6e, 0x2f, 0x75, 0x6e,
  0x73, 0x74, 0x61, 0x63, 0x6b, 0x33, 0x3b, 0x6d, 0x6f, 0x64, 0x65, 0x6c,
  0x2f, 0x73, 0x69, 0x6d, 0x70, 0x6c, 0x65, 0x5f, 0x72, 0x6e, 0x6e, 0x2f,
  0x75, 0x6e, 0x73, 0x74, 0x61, 0x63, 0x6b, 0x34, 0x3b, 0x6d, 0x6f, 0x64,
  0x65, 0x6c, 0x2f, 0x73, 0x69, 0x6d, 0x70, 0x6c, 0x65, 0x5f, 0x72, 0x6e,
  0x6e, 0x2f, 0x75, 0x6e, 0x73, 0x74, 0x61, 0x63, 0x6b, 0x35, 0x3b, 0x6d,
  0x6f, 0x64, 0x65, 0x6c, 0x2f, 0x73, 0x69, 0x6d, 0x70, 0x6c, 0x65, 0x5f,
  0x72, 0x6e, 0x6e, 0x2f, 0x75, 0x6e, 0x73, 0x74, 0x61, 0x63, 0x6b, 0x36,
  0x3b, 0x6d, 0x6f, 0x64, 0x65, 0x6c, 0x2f, 0x73, 0x69, 0x6d, 0x70, 0x6c,
  0x65, 0x5f, 0x72, 0x6e, 0x6e, 0x2f, 0x75, 0x6e, 0x73, 0x74, 0x61, 0x63,
  0x6b, 0x37, 0x3b, 0x6d, 0x6f, 0x64, 0x65, 0x6c, 0x2f, 0x73, 0x69, 0x6d,
  0x70, 0x6c, 0x65, 0x5f, 0x72, 0x6e, 0x6e, 0x2f, 0x75, 0x6e, 0x73, 0x74,
  0x61, 0x63, 0x6b, 0x38, 0x3b, 0x6d, 0x6f, 0x64, 0x65, 0x6c, 0x2f, 0x73,
  0x69, 0x6d, 0x70, 0x6c, 0x65, 0x5f, 0x72, 0x6e, 0x6e, 0x2f, 0x75, 0x6e,
  0x73, 0x74, 0x61, 0x63, 0x6b, 0x39, 0x3b, 0x6d, 0x6f, 0x64, 0x65, 0x6c,
  0x2f, 0x73, 0x69, 0x6d, 0x70, 0x6c, 0x65, 0x5f, 0x72, 0x6e, 0x6e, 0x2f,
  0x75, 0x6e, 0x73, 0x74, 0x61, 0x63, 0x6b, 0x31, 0x30, 0x3b, 0x6d, 0x6f,
  0x64, 0x65, 0x6c, 0x2f, 0x73, 0x69, 0x6d, 0x70, 0x6c, 0x65, 0x5f, 0x72,
  0x6e, 0x6e, 0x2f, 0x75, 0x6e, 0x73, 0x74, 0x61, 0x63, 0x6b, 0x31, 0x31,
  0x3b, 0x6d, 0x6f, 0x64, 0x65, 0x6c, 0x2f, 0x73, 0x69, 0x6d, 0x70, 0x6c,
  0x65, 0x5f, 0x72, 0x6e, 0x6e, 0x2f, 0x75, 0x6e, 0x73, 0x74, 0x61, 0x63,
  0x6b, 0x31, 0x32, 0x3b, 0x6d, 0x6f, 0x64, 0x65, 0x6c, 0x2f, 0x73, 0x69,
  0x6d, 0x70, 0x6c, 0x65, 0x5f, 0x72, 0x6e, 0x6e, 0x2f, 0x75, 0x6e, 0x73,
  0x74, 0x61, 0x63, 0x6b, 0x31, 0x33, 0x3b, 0x6d, 0x6f, 0x64, 0x65, 0x6c,
  0x2f, 0x73, 0x69, 0x6d, 0x70, 0x6c, 0x65, 0x5f, 0x72, 0x6e, 0x6e, 0x2f,
  0x75, 0x6e, 0x73, 0x74, 0x61, 0x63, 0x6b, 0x31, 0x34, 0x3b, 0x6d, 0x6f,
  0x64, 0x65, 0x6c, 0x2f, 0x73, 0x69, 0x6d, 0x70, 0x6c, 0x65, 0x5f, 0x72,
  0x6e, 0x6e, 0x2f, 0x75, 0x6e, 0x73, 0x74, 0x61, 0x63, 0x6b, 0x31, 0x35,
  0x3b, 0x6d, 0x6f, 0x64, 0x65, 0x6c, 0x2f, 0x73, 0x69, 0x6d, 0x70, 0x6c,
  0x65, 0x5f, 0x72, 0x6e, 0x6e, 0x2f, 0x75, 0x6e, 0x73, 0x74, 0x61, 0x63,
  0x6b, 0x31, 0x36, 0x3b, 0x6d, 0x6f, 0x64, 0x65, 0x6c, 0x2f, 0x73, 0x69,
  0x6d, 0x70, 0x6c, 0x65, 0x5f, 0x72, 0x6e, 0x6e, 0x2f, 0x75, 0x6e, 0x73,
  0x74, 0x61, 0x63, 0x6b, 0x31, 0x37, 0x3b, 0x6d, 0x6f, 0x64, 0x65, 0x6c,
  0x2f, 0x73, 0x69, 0x6d, 0x70, 0x6c, 0x65, 0x5f, 0x72, 0x6e, 0x6e, 0x2f,
  0x75, 0x6e, 0x73, 0x74, 0x61, 0x63, 0x6b, 0x31, 0x38, 0x3b, 0x6d, 0x6f,
  0x64, 0x65, 0x6c, 0x2f, 0x73, 0x69, 0x6d, 0x70, 0x6c, 0x65, 0x5f, 0x72,
  0x6e, 0x6e, 0x2f, 0x75, 0x6e, 0x73, 0x74, 0x61, 0x63, 0x6b, 0x31, 0x39,
  0x3b, 0x6d, 0x6f, 0x64, 0x65, 0x6c, 0x2f, 0x73, 0x69, 0x6d, 0x70, 0x6c,
  0x65, 0x5f, 0x72, 0x6e, 0x6e, 0x2f, 0x75, 0x6e, 0x73, 0x74, 0x61, 0x63,
  0x6b, 0x32, 0x30, 0x3b, 0x6d, 0x6f, 0x64, 0x65, 0x6c, 0x2f, 0x73, 0x69,
  0x6d, 0x70, 0x6c, 0x65, 0x5f, 0x72, 0x6e, 0x6e, 0x2f, 0x75, 0x6e, 0x73,
  0x74, 0x61, 0x63, 0x6b, 0x32, 0x31, 0x3b, 0x6d, 0x6f, 0x64, 0x65, 0x6c,
  0x2f, 0x73, 0x69, 0x6d, 0x70, 0x6c, 0x65, 0x5f, 0x72, 0x6e, 0x6e, 0x2f,
  0x75, 0x6e, 0x73, 0x74, 0x61, 0x63, 0x6b, 0x32, 0x32, 0x3b, 0x6d, 0x6f,
  0x64, 0x65, 0x6c, 0x2f, 0x73, 0x69, 0x6d, 0x70, 0x6c, 0x65, 0x5f, 0x72,
  0x6e, 0x6e, 0x2f, 0x75, 0x6e, 0x73, 0x74, 0x61, 0x63, 0x6b, 0x32, 0x33,
  0x36, 0x00, 0x00, 0x00, 0x02, 0x00, 0x00, 0x00, 0x01, 0x00, 0x00, 0x00,
  0x01, 0x00, 0x00, 0x00, 0xb2, 0xed, 0xff, 0xff, 0x00, 0x00, 0x00, 0x01,
  0x18, 0x00, 0x00, 0x00, 0x20, 0x00, 0x00, 0x00, 0x40, 0x00, 0x00, 0x00,
  0x2c, 0x00, 0x00, 0x00, 0x00, 0x00, 0x00, 0x09, 0xb8, 0x02, 0x00, 0x00,
  0x02, 0x00, 0x00, 0x00, 0xff, 0xff, 0xff, 0xff, 0x01, 0x00, 0x00, 0x00,
  0xc4, 0xde, 0xff, 0xff, 0x08, 0x00, 0x00, 0x00, 0x14, 0x00, 0x00, 0x00,
  0x01, 0x00, 0x00, 0x00, 0x7f, 0x00, 0x00, 0x00, 0x00, 0x00, 0x00, 0x00,
  0x00, 0x00, 0x00, 0x00, 0x01, 0x00, 0x00, 0x00, 0x74, 0xe1, 0x00, 0x3c,
  0x7d, 0x02, 0x00, 0x00, 0x6d, 0x6f, 0x64, 0x65, 0x6c, 0x2f, 0x73, 0x69,
  0x6d, 0x70, 0x6c, 0x65, 0x5f, 0x72, 0x6e, 0x6e, 0x2f, 0x75, 0x6e, 0x73,
  0x74, 0x61, 0x63, 0x6b, 0x3b, 0x6d, 0x6f, 0x64, 0x65, 0x6c, 0x2f, 0x73,
  0x69, 0x6d, 0x70, 0x6c, 0x65, 0x5f, 0x72, 0x6e, 0x6e, 0x2f, 0x75, 0x6e,
  0x73, 0x74, 0x61, 0x63, 0x6b, 0x31, 0x3b, 0x6d, 0x6f, 0x64, 0x65, 0x6c,
  0x2f, 0x73, 0x69, 0x6d, 0x70, 0x6c, 0x65, 0x5f, 0x72, 0x6e, 0x6e, 0x2f,
  0x75, 0x6e, 0x73, 0x74, 0x61, 0x63, 0x6b, 0x32, 0x3b, 0x6d, 0x6f, 0x64,
  0x65, 0x6c, 0x2f, 0x73, 0x69, 0x6d, 0x70, 0x6c, 0x65, 0x5f, 0x72, 0x6e,
  0x6e, 0x2f, 0x75, 0x6e, 0x73, 0x74, 0x61, 0x63, 0x6b, 0x33, 0x3b, 0x6d,
  0x6f, 0x64, 0x65, 0x6c, 0x2f, 0x73, 0x69, 0x6d, 0x70, 0x6c, 0x65, 0x5f,
  0x72, 0x6e, 0x6e, 0x2f, 0x75, 0x6e, 0x73, 0x74, 0x61, 0x63, 0x6b, 0x34,
  0x3b, 0x6d, 0x6f, 0x64, 0x65, 0x6c, 0x2f, 0x73, 0x69, 0x6d, 0x70, 0x6c,
  0x65, 0x5f, 0x72, 0x6e, 0x6e, 0x2f, 0x75, 0x6e, 0x73, 0x74, 0x61, 0x63,
  0x6b, 0x35, 0x3b, 0x6d, 0x6f, 0x64, 0x65, 0x6c, 0x2f, 0x73, 0x69, 0x6d,
  0x70, 0x6c, 0x65, 0x5f, 0x72, 0x6e, 0x6e, 0x2f, 0x75, 0x6e, 0x73, 0x74,
  0x61, 0x63, 0x6b, 0x36, 0x3b, 0x6d, 0x6f, 0x64, 0x65, 0x6c, 0x2f, 0x73,
  0x69, 0x6d, 0x70, 0x6c, 0x65, 0x5f, 0x72, 0x6e, 0x6e, 0x2f, 0x75, 0x6e,
  0x73, 0x74, 0x61, 0x63, 0x6b, 0x37, 0x3b, 0x6d, 0x6f, 0x64, 0x65, 0x6c,
  0x2f, 0x73, 0x69, 0x6d, 0x70, 0x6c, 0x65, 0x5f, 0x72, 0x6e, 0x6e, 0x2f,
  0x75, 0x6e, 0x73, 0x74, 0x61, 0x63, 0x6b, 0x38, 0x3b, 0x6d, 0x6f, 0x64,
  0x65, 0x6c, 0x2f, 0x73, 0x69, 0x6d, 0x70, 0x6c, 0x65, 0x5f, 0x72, 0x6e,
  0x6e, 0x2f, 0x75, 0x6e, 0x73, 0x74, 0x61, 0x63, 0x6b, 0x39, 0x3b, 0x6d,
  0x6f, 0x64, 0x65, 0x6c, 0x2f, 0x73, 0x69, 0x6d, 0x70, 0x6c, 0x65, 0x5f,
  0x72, 0x6e, 0x6e, 0x2f, 0x75, 0x6e, 0x73, 0x74, 0x61, 0x63, 0x6b, 0x31,
  0x30, 0x3b, 0x6d, 0x6f, 0x64, 0x65, 0x6c, 0x2f, 0x73, 0x69, 0x6d, 0x70,
  0x6c, 0x65, 0x5f, 0x72, 0x6e, 0x6e, 0x2f, 0x75, 0x6e, 0x73, 0x74, 0x61,
  0x63, 0x6b, 0x31, 0x31, 0x3b, 0x6d, 0x6f, 0x64, 0x65, 0x6c, 0x2f, 0x73,
  0x69, 0x6d, 0x70, 0x6c, 0x65, 0x5f, 0x72, 0x6e, 0x6e, 0x2f, 0x75, 0x6e,
  0x73, 0x74, 0x61, 0x63, 0x6b, 0x31, 0x32, 0x3b, 0x6d, 0x6f, 0x64, 0x65,
  0x6c, 0x2f, 0x73, 0x69, 0x6d, 0x70, 0x6c, 0x65, 0x5f, 0x72, 0x6e, 0x6e,
  0x2f, 0x75, 0x6e, 0x73, 0x74, 0x61, 0x63, 0x6b, 0x31, 0x33, 0x3b, 0x6d,
  0x6f, 0x64, 0x65, 0x6c, 0x2f, 0x73, 0x69, 0x6d, 0x70, 0x6c, 0x65, 0x5f,
  0x72, 0x6e, 0x6e, 0x2f, 0x75, 0x6e, 0x73, 0x74, 0x61, 0x63, 0x6b, 0x31,
  0x34, 0x3b, 0x6d, 0x6f, 0x64, 0x65, 0x6c, 0x2f, 0x73, 0x69, 0x6d, 0x70,
  0x6c, 0x65, 0x5f, 0x72, 0x6e, 0x6e, 0x2f, 0x75, 0x6e, 0x73, 0x74, 0x61,
  0x63, 0x6b, 0x31, 0x35, 0x3b, 0x6d, 0x6f, 0x64, 0x65, 0x6c, 0x2f, 0x73,
  0x69, 0x6d, 0x70, 0x6c, 0x65, 0x5f, 0x72, 0x6e, 0x6e, 0x2f, 0x75, 0x6e,
  0x73, 0x74, 0x61, 0x63, 0x6b, 0x31, 0x36, 0x3b, 0x6d, 0x6f, 0x64, 0x65,
  0x6c, 0x2f, 0x73, 0x69, 0x6d, 0x70, 0x6c, 0x65, 0x5f, 0x72, 0x6e, 0x6e,
  0x2f, 0x75, 0x6e, 0x73, 0x74, 0x61, 0x63, 0x6b, 0x31, 0x37, 0x3b, 0x6d,
  0x6f, 0x64, 0x65, 0x6c, 0x2f, 0x73, 0x69, 0x6d, 0x70, 0x6c, 0x65, 0x5f,
  0x72, 0x6e, 0x6e, 0x2f, 0x75, 0x6e, 0x73, 0x74, 0x61, 0x63, 0x6b, 0x31,
  0x38, 0x3b, 0x6d, 0x6f, 0x64, 0x65, 0x6c, 0x2f, 0x73, 0x69, 0x6d, 0x70,
  0x6c, 0x65, 0x5f, 0x72, 0x6e, 0x6e, 0x2f, 0x75, 0x6e, 0x73, 0x74, 0x61,
  0x63, 0x6b, 0x31, 0x39, 0x3b, 0x6d, 0x6f, 0x64, 0x65, 0x6c, 0x2f, 0x73,
  0x69, 0x6d, 0x70, 0x6c, 0x65, 0x5f, 0x72, 0x6e, 0x6e, 0x2f, 0x75, 0x6e,
  0x73, 0x74, 0x61, 0x63, 0x6b, 0x32, 0x30, 0x3b, 0x6d, 0x6f, 0x64, 0x65,
  0x6c, 0x2f, 0x73, 0x69, 0x6d, 0x70, 0x6c, 0x65, 0x5f, 0x72, 0x6e, 0x6e,
  0x2f, 0x75, 0x6e, 0x73, 0x74, 0x61, 0x63, 0x6b, 0x32, 0x31, 0x3b, 0x6d,
  0x6f, 0x64, 0x65, 0x6c, 0x2f, 0x73, 0x69, 0x6d, 0x70, 0x6c, 0x65, 0x5f,
  0x72, 0x6e, 0x6e, 0x2f, 0x75, 0x6e, 0x73, 0x74, 0x61, 0x63, 0x6b, 0x32,
  0x32, 0x3b, 0x6d, 0x6f, 0x64, 0x65, 0x6c, 0x2f, 0x73, 0x69, 0x6d, 0x70,
  0x6c, 0x65, 0x5f, 0x72, 0x6e, 0x6e, 0x2f, 0x75, 0x6e, 0x73, 0x74, 0x61,
  0x63, 0x6b, 0x32, 0x33, 0x35, 0x00, 0x00, 0x00, 0x02, 0x00, 0x00, 0x00,
  0x01, 0x00, 0x00, 0x00, 0x01, 0x00, 0x00, 0x00, 0x92, 0xf0, 0xff, 0xff,
  0x00, 0x00, 0x00, 0x01, 0x18, 0x00, 0x00, 0x00, 0x20, 0x00, 0x00, 0x00,
  0x40, 0x00, 0x00, 0x00, 0x2b, 0x00, 0x00, 0x00, 0x00, 0x00, 0x00, 0x09,
  0xb8, 0x02, 0x00, 0x00, 0x02, 0x00, 0x00, 0x00, 0xff, 0xff, 0xff, 0xff,
  0x01, 0x00, 0x00, 0x00, 0xa4, 0xe1, 0xff, 0xff, 0x08, 0x00, 0x00, 0x00,
  0x14, 0x00, 0x00, 0x00, 0x01, 0x00, 0x00, 0x00, 0x7f, 0x00, 0x00, 0x00,
  0x00, 0x00, 0x00, 0x00, 0x00, 0x00, 0x00, 0x00, 0x01, 0x00, 0x00, 0x00,
  0x74, 0xe1, 0x00, 0x3c, 0x7d, 0x02, 0x00, 0x00, 0x6d, 0x6f, 0x64, 0x65,
  0x6c, 0x2f, 0x73, 0x69, 0x6d, 0x70, 0x6c, 0x65, 0x5f, 0x72, 0x6e, 0x6e,
  0x2f, 0x75, 0x6e, 0x73, 0x74, 0x61, 0x63, 0x6b, 0x3b, 0x6d, 0x6f, 0x64,
  0x65, 0x6c, 0x2f, 0x73, 0x69, 0x6d, 0x70, 0x6c, 0x65, 0x5f, 0x72, 0x6e,
  0x6e, 0x2f, 0x75, 0x6e, 0x73, 0x74, 0x61, 0x63, 0x6b, 0x31, 0x3b, 0x6d,
  0x6f, 0x64, 0x65, 0x6c, 0x2f, 0x73, 0x69, 0x6d, 0x70, 0x6c, 0x65, 0x5f,
  0x72, 0x6e, 0x6e, 0x2f, 0x75, 0x6e, 0x73, 0x74, 0x61, 0x63, 0x6b, 0x32,
  0x3b, 0x6d, 0x6f, 0x64, 0x65, 0x6c, 0x2f, 0x73, 0x69, 0x6d, 0x70, 0x6c,
  0x65, 0x5f, 0x72, 0x6e, 0x6e, 0x2f, 0x75, 0x6e, 0x73, 0x74, 0x61, 0x63,
  0x6b, 0x33, 0x3b, 0x6d, 0x6f, 0x64, 0x65, 0x6c, 0x2f, 0x73, 0x69, 0x6d,
  0x70, 0x6c, 0x65, 0x5f, 0x72, 0x6e, 0x6e, 0x2f, 0x75, 0x6e, 0x73, 0x74,
  0x61, 0x63, 0x6b, 0x34, 0x3b, 0x6d, 0x6f, 0x64, 0x65, 0x6c, 0x2f, 0x73,
  0x69, 0x6d, 0x70, 0x6c, 0x65, 0x5f, 0x72, 0x6e, 0x6e, 0x2f, 0x75, 0x6e,
  0x73, 0x74, 0x61, 0x63, 0x6b, 0x35, 0x3b, 0x6d, 0x6f, 0x64, 0x65, 0x6c,
  0x2f, 0x73, 0x69, 0x6d, 0x70, 0x6c, 0x65, 0x5f, 0x72, 0x6e, 0x6e, 0x2f,
  0x75, 0x6e, 0x73, 0x74, 0x61, 0x63, 0x6b, 0x36, 0x3b, 0x6d, 0x6f, 0x64,
  0x65, 0x6c, 0x2f, 0x73, 0x69, 0x6d, 0x70, 0x6c, 0x65, 0x5f, 0x72, 0x6e,
  0x6e, 0x2f, 0x75, 0x6e, 0x73, 0x74, 0x61, 0x63, 0x6b, 0x37, 0x3b, 0x6d,
  0x6f, 0x64, 0x65, 0x6c, 0x2f, 0x73, 0x69, 0x6d, 0x70, 0x6c, 0x65, 0x5f,
  0x72, 0x6e, 0x6e, 0x2f, 0x75, 0x6e, 0x73, 0x74, 0x61, 0x63, 0x6b, 0x38,
  0x3b, 0x6d, 0x6f, 0x64, 0x65, 0x6c, 0x2f, 0x73, 0x69, 0x6d, 0x70, 0x6c,
  0x65, 0x5f, 0x72, 0x6e, 0x6e, 0x2f, 0x75, 0x6e, 0x73, 0x74, 0x61, 0x63,
  0x6b, 0x39, 0x3b, 0x6d, 0x6f, 0x64, 0x65, 0x6c, 0x2f, 0x73, 0x69, 0x6d,
  0x70, 0x6c, 0x65, 0x5f, 0x72, 0x6e, 0x6e, 0x2f, 0x75, 0x6e, 0x73, 0x74,
  0x61, 0x63, 0x6b, 0x31, 0x30, 0x3b, 0x6d, 0x6f, 0x64, 0x65, 0x6c, 0x2f,
  0x73, 0x69, 0x6d, 0x70, 0x6c, 0x65, 0x5f, 0x72, 0x6e, 0x6e, 0x2f, 0x75,
  0x6e, 0x73, 0x74, 0x61, 0x63, 0x6b, 0x31, 0x31, 0x3b, 0x6d, 0x6f, 0x64,
  0x65, 0x6c, 0x2f, 0x73, 0x69, 0x6d, 0x70, 0x6c, 0x65, 0x5f, 0x72, 0x6e,
  0x6e, 0x2f, 0x75, 0x6e, 0x73, 0x74, 0x61, 0x63, 0x6b, 0x31, 0x32, 0x3b,
  0x6d, 0x6f, 0x64, 0x65, 0x6c, 0x2f, 0x73, 0x69, 0x6d, 0x70, 0x6c, 0x65,
  0x5f, 0x72, 0x6e, 0x6e, 0x2f, 0x75, 0x6e, 0x73, 0x74, 0x61, 0x63, 0x6b,
  0x31, 0x33, 0x3b, 0x6d, 0x6f, 0x64, 0x65, 0x6c, 0x2f, 0x73, 0x69, 0x6d,
  0x70, 0x6c, 0x65, 0x5f, 0x72, 0x6e, 0x6e, 0x2f, 0x75, 0x6e, 0x73, 0x74,
  0x61, 0x63, 0x6b, 0x31, 0x34, 0x3b, 0x6d, 0x6f, 0x64, 0x65, 0x6c, 0x2f,
  0x73, 0x69, 0x6d, 0x70, 0x6c, 0x65, 0x5f, 0x72, 0x6e, 0x6e, 0x2f, 0x75,
  0x6e, 0x73, 0x74, 0x61, 0x63, 0x6b, 0x31, 0x35, 0x3b, 0x6d, 0x6f, 0x64,
  0x65, 0x6c, 0x2f, 0x73, 0x69, 0x6d, 0x70, 0x6c, 0x65, 0x5f, 0x72, 0x6e,
  0x6e, 0x2f, 0x75, 0x6e, 0x73, 0x74, 0x61, 0x63, 0x6b, 0x31, 0x36, 0x3b,
  0x6d, 0x6f, 0x64, 0x65, 0x6c, 0x2f, 0x73, 0x69, 0x6d, 0x70, 0x6c, 0x65,
  0x5f, 0x72, 0x6e, 0x6e, 0x2f, 0x75, 0x6e, 0x73, 0x74, 0x61, 0x63, 0x6b,
  0x31, 0x37, 0x3b, 0x6d, 0x6f, 0x64, 0x65, 0x6c, 0x2f, 0x73, 0x69, 0x6d,
  0x70, 0x6c, 0x65, 0x5f, 0x72, 0x6e, 0x6e, 0x2f, 0x75, 0x6e, 0x73, 0x74,
  0x61, 0x63, 0x6b, 0x31, 0x38, 0x3b, 0x6d, 0x6f, 0x64, 0x65, 0x6c, 0x2f,
  0x73, 0x69, 0x6d, 0x70, 0x6c, 0x65, 0x5f, 0x72, 0x6e, 0x6e, 0x2f, 0x75,
  0x6e, 0x73, 0x74, 0x61, 0x63, 0x6b, 0x31, 0x39, 0x3b, 0x6d, 0x6f, 0x64,
  0x65, 0x6c, 0x2f, 0x73, 0x69, 0x6d, 0x70, 0x6c, 0x65, 0x5f, 0x72, 0x6e,
  0x6e, 0x2f, 0x75, 0x6e, 0x73, 0x74, 0x61, 0x63, 0x6b, 0x32, 0x30, 0x3b,
  0x6d, 0x6f, 0x64, 0x65, 0x6c, 0x2f, 0x73, 0x69, 0x6d, 0x70, 0x6c, 0x65,
  0x5f, 0x72, 0x6e, 0x6e, 0x2f, 0x75, 0x6e, 0x73, 0x74, 0x61, 0x63, 0x6b,
  0x32, 0x31, 0x3b, 0x6d, 0x6f, 0x64, 0x65, 0x6c, 0x2f, 0x73, 0x69, 0x6d,
  0x70, 0x6c, 0x65, 0x5f, 0x72, 0x6e, 0x6e, 0x2f, 0x75, 0x6e, 0x73, 0x74,
  0x61, 0x63, 0x6b, 0x32, 0x32, 0x3b, 0x6d, 0x6f, 0x64, 0x65, 0x6c, 0x2f,
  0x73, 0x69, 0x6d, 0x70, 0x6c, 0x65, 0x5f, 0x72, 0x6e, 0x6e, 0x2f, 0x75,
  0x6e, 0x73, 0x74, 0x61, 0x63, 0x6b, 0x32, 0x33, 0x34, 0x00, 0x00, 0x00,
  0x02, 0x00, 0x00, 0x00, 0x01, 0x00, 0x00, 0x00, 0x01, 0x00, 0x00, 0x00,
  0x72, 0xf3, 0xff, 0xff, 0x00, 0x00, 0x00, 0x01, 0x18, 0x00, 0x00, 0x00,
  0x20, 0x00, 0x00, 0x00, 0x40, 0x00, 0x00, 0x00, 0x2a, 0x00, 0x00, 0x00,
  0x00, 0x00, 0x00, 0x09, 0xb8, 0x02, 0x00, 0x00, 0x02, 0x00, 0x00, 0x00,
  0xff, 0xff, 0xff, 0xff, 0x01, 0x00, 0x00, 0x00, 0x84, 0xe4, 0xff, 0xff,
  0x08, 0x00, 0x00, 0x00, 0x14, 0x00, 0x00, 0x00, 0x01, 0x00, 0x00, 0x00,
  0x7f, 0x00, 0x00, 0x00, 0x00, 0x00, 0x00, 0x00, 0x00, 0x00, 0x00, 0x00,
  0x01, 0x00, 0x00, 0x00, 0x74, 0xe1, 0x00, 0x3c, 0x7d, 0x02, 0x00, 0x00,
  0x6d, 0x6f, 0x64, 0x65, 0x6c, 0x2f, 0x73, 0x69, 0x6d, 0x70, 0x6c, 0x65,
  0x5f, 0x72, 0x6e, 0x6e, 0x2f, 0x75, 0x6e, 0x73, 0x74, 0x61, 0x63, 0x6b,
  0x3b, 0x6d, 0x6f, 0x64, 0x65, 0x6c, 0x2f, 0x73, 0x69, 0x6d, 0x70, 0x6c,
  0x65, 0x5f, 0x72, 0x6e, 0x6e, 0x2f, 0x75, 0x6e, 0x73, 0x74, 0x61, 0x63,
  0x6b, 0x31, 0x3b, 0x6d, 0x6f, 0x64, 0x65, 0x6c, 0x2f, 0x73, 0x69, 0x6d,
  0x70, 0x6c, 0x65, 0x5f, 0x72, 0x6e, 0x6e, 0x2f, 0x75, 0x6e, 0x73, 0x74,
  0x61, 0x63, 0x6b, 0x32, 0x3b, 0x6d, 0x6f, 0x64, 0x65, 0x6c, 0x2f, 0x73,
  0x69, 0x6d, 0x70, 0x6c, 0x65, 0x5f, 0x72, 0x6e, 0x6e, 0x2f, 0x75, 0x6e,
  0x73, 0x74, 0x61, 0x63, 0x6b, 0x33, 0x3b, 0x6d, 0x6f, 0x64, 0x65, 0x6c,
  0x2f, 0x73, 0x69, 0x6d, 0x70, 0x6c, 0x65, 0x5f, 0x72, 0x6e, 0x6e, 0x2f,
  0x75, 0x6e, 0x73, 0x74, 0x61, 0x63, 0x6b, 0x34, 0x3b, 0x6d, 0x6f, 0x64,
  0x65, 0x6c, 0x2f, 0x73, 0x69, 0x6d, 0x70, 0x6c, 0x65, 0x5f, 0x72, 0x6e,
  0x6e, 0x2f, 0x75, 0x6e, 0x73, 0x74, 0x61, 0x63, 0x6b, 0x35, 0x3b, 0x6d,
  0x6f, 0x64, 0x65, 0x6c, 0x2f, 0x73, 0x69, 0x6d, 0x70, 0x6c, 0x65, 0x5f,
  0x72, 0x6e, 0x6e, 0x2f, 0x75, 0x6e, 0x73, 0x74, 0x61, 0x63, 0x6b, 0x36,
  0x3b, 0x6d, 0x6f, 0x64, 0x65, 0x6c, 0x2f, 0x73, 0x69, 0x6d, 0x70, 0x6c,
  0x65, 0x5f, 0x72, 0x6e, 0x6e, 0x2f, 0x75, 0x6e, 0x73, 0x74, 0x61, 0x63,
  0x6b, 0x37, 0x3b, 0x6d, 0x6f, 0x64, 0x65, 0x6c, 0x2f, 0x73, 0x69, 0x6d,
  0x70, 0x6c, 0x65, 0x5f, 0x72, 0x6e, 0x6e, 0x2f, 0x75, 0x6e, 0x73, 0x74,
  0x61, 0x63, 0x6b, 0x38, 0x3b, 0x6d, 0x6f, 0x64, 0x65, 0x6c, 0x2f, 0x73,
  0x69, 0x6d, 0x70, 0x6c, 0x65, 0x5f, 0x72, 0x6e, 0x6e, 0x2f, 0x75, 0x6e,
  0x73, 0x74, 0x61, 0x63, 0x6b, 0x39, 0x3b, 0x6d, 0x6f, 0x64, 0x65, 0x6c,
  0x2f, 0x73, 0x69, 0x6d, 0x70, 0x6c, 0x65, 0x5f, 0x72, 0x6e, 0x6e, 0x2f,
  0x75, 0x6e, 0x73, 0x74, 0x61, 0x63, 0x6b, 0x31, 0x30, 0x3b, 0x6d, 0x6f,
  0x64, 0x65, 0x6c, 0x2f, 0x73, 0x69, 0x6d, 0x70, 0x6c, 0x65, 0x5f, 0x72,
  0x6e, 0x6e, 0x2f, 0x75, 0x6e, 0x73, 0x74, 0x61, 0x63, 0x6b, 0x31, 0x31,
  0x3b, 0x6d, 0x6f, 0x64, 0x65, 0x6c, 0x2f, 0x73, 0x69, 0x6d, 0x70, 0x6c,
  0x65, 0x5f, 0x72, 0x6e, 0x6e, 0x2f, 0x75, 0x6e, 0x73, 0x74, 0x61, 0x63,
  0x6b, 0x31, 0x32, 0x3b, 0x6d, 0x6f, 0x64, 0x65, 0x6c, 0x2f, 0x73, 0x69,
  0x6d, 0x70, 0x6c, 0x65, 0x5f, 0x72, 0x6e, 0x6e, 0x2f, 0x75, 0x6e, 0x73,
  0x74, 0x61, 0x63, 0x6b, 0x31, 0x33, 0x3b, 0x6d, 0x6f, 0x64, 0x65, 0x6c,
  0x2f, 0x73, 0x69, 0x6d, 0x70, 0x6c, 0x65, 0x5f, 0x72, 0x6e, 0x6e, 0x2f,
  0x75, 0x6e, 0x73, 0x74, 0x61, 0x63, 0x6b, 0x31, 0x34, 0x3b, 0x6d, 0x6f,
  0x64, 0x65, 0x6c, 0x2f, 0x73, 0x69, 0x6d, 0x70, 0x6c, 0x65, 0x5f, 0x72,
  0x6e, 0x6e, 0x2f, 0x75, 0x6e, 0x73, 0x74, 0x61, 0x63, 0x6b, 0x31, 0x35,
  0x3b, 0x6d, 0x6f, 0x64, 0x65, 0x6c, 0x2f, 0x73, 0x69, 0x6d, 0x70, 0x6c,
  0x65, 0x5f, 0x72, 0x6e, 0x6e, 0x2f, 0x75, 0x6e, 0x73, 0x74, 0x61, 0x63,
  0x6b, 0x31, 0x36, 0x3b, 0x6d, 0x6f, 0x64, 0x65, 0x6c, 0x2f, 0x73, 0x69,
  0x6d, 0x70, 0x6c, 0x65, 0x5f, 0x72, 0x6e, 0x6e, 0x2f, 0x75, 0x6e, 0x73,
  0x74, 0x61, 0x63, 0x6b, 0x31, 0x37, 0x3b, 0x6d, 0x6f, 0x64, 0x65, 0x6c,
  0x2f, 0x73, 0x69, 0x6d, 0x70, 0x6c, 0x65, 0x5f, 0x72, 0x6e, 0x6e, 0x2f,
  0x75, 0x6e, 0x73, 0x74, 0x61, 0x63, 0x6b, 0x31, 0x38, 0x3b, 0x6d, 0x6f,
  0x64, 0x65, 0x6c, 0x2f, 0x73, 0x69, 0x6d, 0x70, 0x6c, 0x65, 0x5f, 0x72,
  0x6e, 0x6e, 0x2f, 0x75, 0x6e, 0x73, 0x74, 0x61, 0x63, 0x6b, 0x31, 0x39,
  0x3b, 0x6d, 0x6f, 0x64, 0x65, 0x6c, 0x2f, 0x73, 0x69, 0x6d, 0x70, 0x6c,
  0x65, 0x5f, 0x72, 0x6e, 0x6e, 0x2f, 0x75, 0x6e, 0x73, 0x74, 0x61, 0x63,
  0x6b, 0x32, 0x30, 0x3b, 0x6d, 0x6f, 0x64, 0x65, 0x6c, 0x2f, 0x73, 0x69,
  0x6d, 0x70, 0x6c, 0x65, 0x5f, 0x72, 0x6e, 0x6e, 0x2f, 0x75, 0x6e, 0x73,
  0x74, 0x61, 0x63, 0x6b, 0x32, 0x31, 0x3b, 0x6d, 0x6f, 0x64, 0x65, 0x6c,
  0x2f, 0x73, 0x69, 0x6d, 0x70, 0x6c, 0x65, 0x5f, 0x72, 0x6e, 0x6e, 0x2f,
  0x75, 0x6e, 0x73, 0x74, 0x61, 0x63, 0x6b, 0x32, 0x32, 0x3b, 0x6d, 0x6f,
  0x64, 0x65, 0x6c, 0x2f, 0x73, 0x69, 0x6d, 0x70, 0x6c, 0x65, 0x5f, 0x72,
  0x6e, 0x6e, 0x2f, 0x75, 0x6e, 0x73, 0x74, 0x61, 0x63, 0x6b, 0x32, 0x33,
  0x33, 0x00, 0x00, 0x00, 0x02, 0x00, 0x00, 0x00, 0x01, 0x00, 0x00, 0x00,
  0x01, 0x00, 0x00, 0x00, 0x52, 0xf6, 0xff, 0xff, 0x00, 0x00, 0x00, 0x01,
  0x18, 0x00, 0x00, 0x00, 0x20, 0x00, 0x00, 0x00, 0x40, 0x00, 0x00, 0x00,
  0x29, 0x00, 0x00, 0x00, 0x00, 0x00, 0x00, 0x09, 0xb8, 0x02, 0x00, 0x00,
  0x02, 0x00, 0x00, 0x00, 0xff, 0xff, 0xff, 0xff, 0x01, 0x00, 0x00, 0x00,
  0x64, 0xe7, 0xff, 0xff, 0x08, 0x00, 0x00, 0x00, 0x14, 0x00, 0x00, 0x00,
  0x01, 0x00, 0x00, 0x00, 0x7f, 0x00, 0x00, 0x00, 0x00, 0x00, 0x00, 0x00,
  0x00, 0x00, 0x00, 0x00, 0x01, 0x00, 0x00, 0x00, 0x74, 0xe1, 0x00, 0x3c,
  0x7d, 0x02, 0x00, 0x00, 0x6d, 0x6f, 0x64, 0x65, 0x6c, 0x2f, 0x73, 0x69,
  0x6d, 0x70, 0x6c, 0x65, 0x5f, 0x72, 0x6e, 0x6e, 0x2f, 0x75, 0x6e, 0x73,
  0x74, 0x61, 0x63, 0x6b, 0x3b, 0x6d, 0x6f, 0x64, 0x65, 0x6c, 0x2f, 0x73,
  0x69, 0x6d, 0x70, 0x6c, 0x65, 0x5f, 0x72, 0x6e, 0x6e, 0x2f, 0x75, 0x6e,
  0x73, 0x74, 0x61, 0x63, 0x6b, 0x31, 0x3b, 0x6d, 0x6f, 0x64, 0x65, 0x6c,
  0x2f, 0x73, 0x69, 0x6d, 0x70, 0x6c, 0x65, 0x5f, 0x72, 0x6e, 0x6e, 0x2f,
  0x75, 0x6e, 0x73, 0x74, 0x61, 0x63, 0x6b, 0x32, 0x3b, 0x6d, 0x6f, 0x64,
  0x65, 0x6c, 0x2f, 0x73, 0x69, 0x6d, 0x70, 0x6c, 0x65, 0x5f, 0x72, 0x6e,
  0x6e, 0x2f, 0x75, 0x6e, 0x73, 0x74, 0x61, 0x63, 0x6b, 0x33, 0x3b, 0x6d,
  0x6f, 0x64, 0x65, 0x6c, 0x2f, 0x73, 0x69, 0x6d, 0x70, 0x6c, 0x65, 0x5f,
  0x72, 0x6e, 0x6e, 0x2f, 0x75, 0x6e, 0x73, 0x74, 0x61, 0x63, 0x6b, 0x34,
  0x3b, 0x6d, 0x6f, 0x64, 0x65, 0x6c, 0x2f, 0x73, 0x69, 0x6d, 0x70, 0x6c,
  0x65, 0x5f, 0x72, 0x6e, 0x6e, 0x2f, 0x75, 0x6e, 0x73, 0x74, 0x61, 0x63,
  0x6b, 0x35, 0x3b, 0x6d, 0x6f, 0x64, 0x65, 0x6c, 0x2f, 0x73, 0x69, 0x6d,
  0x70, 0x6c, 0x65, 0x5f, 0x72, 0x6e, 0x6e, 0x2f, 0x75, 0x6e, 0x73, 0x74,
  0x61, 0x63, 0x6b, 0x36, 0x3b, 0x6d, 0x6f, 0x64, 0x65, 0x6c, 0x2f, 0x73,
  0x69, 0x6d, 0x70, 0x6c, 0x65, 0x5f, 0x72, 0x6e, 0x6e, 0x2f, 0x75, 0x6e,
  0x73, 0x74, 0x61, 0x63, 0x6b, 0x37, 0x3b, 0x6d, 0x6f, 0x64, 0x65, 0x6c,
  0x2f, 0x73, 0x69, 0x6d, 0x70, 0x6c, 0x65, 0x5f, 0x72, 0x6e, 0x6e, 0x2f,
  0x75, 0x6e, 0x73, 0x74, 0x61, 0x63, 0x6b, 0x38, 0x3b, 0x6d, 0x6f, 0x64,
  0x65, 0x6c, 0x2f, 0x73, 0x69, 0x6d, 0x70, 0x6c, 0x65, 0x5f, 0x72, 0x6e,
  0x6e, 0x2f, 0x75, 0x6e, 0x73, 0x74, 0x61, 0x63, 0x6b, 0x39, 0x3b, 0x6d,
  0x6f, 0x64, 0x65, 0x6c, 0x2f, 0x73, 0x69, 0x6d, 0x70, 0x6c, 0x65, 0x5f,
  0x72, 0x6e, 0x6e, 0x2f, 0x75, 0x6e, 0x73, 0x74, 0x61, 0x63, 0x6b, 0x31,
  0x30, 0x3b, 0x6d, 0x6f, 0x64, 0x65, 0x6c, 0x2f, 0x73, 0x69, 0x6d, 0x70,
  0x6c, 0x65, 0x5f, 0x72, 0x6e, 0x6e, 0x2f, 0x75, 0x6e, 0x73, 0x74, 0x61,
  0x63, 0x6b, 0x31, 0x31, 0x3b, 0x6d, 0x6f, 0x64, 0x65, 0x6c, 0x2f, 0x73,
  0x69, 0x6d, 0x70, 0x6c, 0x65, 0x5f, 0x72, 0x6e, 0x6e, 0x2f, 0x75, 0x6e,
  0x73, 0x74, 0x61, 0x63, 0x6b, 0x31, 0x32, 0x3b, 0x6d, 0x6f, 0x64, 0x65,
  0x6c, 0x2f, 0x73, 0x69, 0x6d, 0x70, 0x6c, 0x65, 0x5f, 0x72, 0x6e, 0x6e,
  0x2f, 0x75, 0x6e, 0x73, 0x74, 0x61, 0x63, 0x6b, 0x31, 0x33, 0x3b, 0x6d,
  0x6f, 0x64, 0x65, 0x6c, 0x2f, 0x73, 0x69, 0x6d, 0x70, 0x6c, 0x65, 0x5f,
  0x72, 0x6e, 0x6e, 0x2f, 0x75, 0x6e, 0x73, 0x74, 0x61, 0x63, 0x6b, 0x31,
  0x34, 0x3b, 0x6d, 0x6f, 0x64, 0x65, 0x6c, 0x2f, 0x73, 0x69, 0x6d, 0x70,
  0x6c, 0x65, 0x5f, 0x72, 0x6e, 0x6e, 0x2f, 0x75, 0x6e, 0x73, 0x74, 0x61,
  0x63, 0x6b, 0x31, 0x35, 0x3b, 0x6d, 0x6f, 0x64, 0x65, 0x6c, 0x2f, 0x73,
  0x69, 0x6d, 0x70, 0x6c, 0x65, 0x5f, 0x72, 0x6e, 0x6e, 0x2f, 0x75, 0x6e,
  0x73, 0x74, 0x61, 0x63, 0x6b, 0x31, 0x36, 0x3b, 0x6d, 0x6f, 0x64, 0x65,
  0x6c, 0x2f, 0x73, 0x69, 0x6d, 0x70, 0x6c, 0x65, 0x5f, 0x72, 0x6e, 0x6e,
  0x2f, 0x75, 0x6e, 0x73, 0x74, 0x61, 0x63, 0x6b, 0x31, 0x37, 0x3b, 0x6d,
  0x6f, 0x64, 0x65, 0x6c, 0x2f, 0x73, 0x69, 0x6d, 0x70, 0x6c, 0x65, 0x5f,
  0x72, 0x6e, 0x6e, 0x2f, 0x75, 0x6e, 0x73, 0x74, 0x61, 0x63, 0x6b, 0x31,
  0x38, 0x3b, 0x6d, 0x6f, 0x64, 0x65, 0x6c, 0x2f, 0x73, 0x69, 0x6d, 0x70,
  0x6c, 0x65, 0x5f, 0x72, 0x6e, 0x6e, 0x2f, 0x75, 0x6e, 0x73, 0x74, 0x61,
  0x63, 0x6b, 0x31, 0x39, 0x3b, 0x6d, 0x6f, 0x64, 0x65, 0x6c, 0x2f, 0x73,
  0x69, 0x6d, 0x70, 0x6c, 0x65, 0x5f, 0x72, 0x6e, 0x6e, 0x2f, 0x75, 0x6e,
  0x73, 0x74, 0x61, 0x63, 0x6b, 0x32, 0x30, 0x3b, 0x6d, 0x6f, 0x64, 0x65,
  0x6c, 0x2f, 0x73, 0x69, 0x6d, 0x70, 0x6c, 0x65, 0x5f, 0x72, 0x6e, 0x6e,
  0x2f, 0x75, 0x6e, 0x73, 0x74, 0x61, 0x63, 0x6b, 0x32, 0x31, 0x3b, 0x6d,
  0x6f, 0x64, 0x65, 0x6c, 0x2f, 0x73, 0x69, 0x6d, 0x70, 0x6c, 0x65, 0x5f,
  0x72, 0x6e, 0x6e, 0x2f, 0x75, 0x6e, 0x73, 0x74, 0x61, 0x63, 0x6b, 0x32,
  0x32, 0x3b, 0x6d, 0x6f, 0x64, 0x65, 0x6c, 0x2f, 0x73, 0x69, 0x6d, 0x70,
  0x6c, 0x65, 0x5f, 0x72, 0x6e, 0x6e, 0x2f, 0x75, 0x6e, 0x73, 0x74, 0x61,
  0x63, 0x6b, 0x32, 0x33, 0x32, 0x00, 0x00, 0x00, 0x02, 0x00, 0x00, 0x00,
  0x01, 0x00, 0x00, 0x00, 0x01, 0x00, 0x00, 0x00, 0x32, 0xf9, 0xff, 0xff,
  0x00, 0x00, 0x00, 0x01, 0x18, 0x00, 0x00, 0x00, 0x20, 0x00, 0x00, 0x00,
  0x40, 0x00, 0x00, 0x00, 0x28, 0x00, 0x00, 0x00, 0x00, 0x00, 0x00, 0x09,
  0xb8, 0x02, 0x00, 0x00, 0x02, 0x00, 0x00, 0x00, 0xff, 0xff, 0xff, 0xff,
  0x01, 0x00, 0x00, 0x00, 0x44, 0xea, 0xff, 0xff, 0x08, 0x00, 0x00, 0x00,
  0x14, 0x00, 0x00, 0x00, 0x01, 0x00, 0x00, 0x00, 0x7f, 0x00, 0x00, 0x00,
  0x00, 0x00, 0x00, 0x00, 0x00, 0x00, 0x00, 0x00, 0x01, 0x00, 0x00, 0x00,
  0x74, 0xe1, 0x00, 0x3c, 0x7d, 0x02, 0x00, 0x00, 0x6d, 0x6f, 0x64, 0x65,
  0x6c, 0x2f, 0x73, 0x69, 0x6d, 0x70, 0x6c, 0x65, 0x5f, 0x72, 0x6e, 0x6e,
  0x2f, 0x75, 0x6e, 0x73, 0x74, 0x61, 0x63, 0x6b, 0x3b, 0x6d, 0x6f, 0x64,
  0x65, 0x6c, 0x2f, 0x73, 0x69, 0x6d, 0x70, 0x6c, 0x65, 0x5f, 0x72, 0x6e,
  0x6e, 0x2f, 0x75, 0x6e, 0x73, 0x74, 0x61, 0x63, 0x6b, 0x31, 0x3b, 0x6d,
  0x6f, 0x64, 0x65, 0x6c, 0x2f, 0x73, 0x69, 0x6d, 0x70, 0x6c, 0x65, 0x5f,
  0x72, 0x6e, 0x6e, 0x2f, 0x75, 0x6e, 0x73, 0x74, 0x61, 0x63, 0x6b, 0x32,
  0x3b, 0x6d, 0x6f, 0x64, 0x65, 0x6c, 0x2f, 0x73, 0x69, 0x6d, 0x70, 0x6c,
  0x65, 0x5f, 0x72, 0x6e, 0x6e, 0x2f, 0x75, 0x6e, 0x73, 0x74, 0x61, 0x63,
  0x6b, 0x33, 0x3b, 0x6d, 0x6f, 0x64, 0x65, 0x6c, 0x2f, 0x73, 0x69, 0x6d,
  0x70, 0x6c, 0x65, 0x5f, 0x72, 0x6e, 0x6e, 0x2f, 0x75, 0x6e, 0x73, 0x74,
  0x61, 0x63, 0x6b, 0x34, 0x3b, 0x6d, 0x6f, 0x64, 0x65, 0x6c, 0x2f, 0x73,
  0x69, 0x6d, 0x70, 0x6c, 0x65, 0x5f, 0x72, 0x6e, 0x6e, 0x2f, 0x75, 0x6e,
  0x73, 0x74, 0x61, 0x63, 0x6b, 0x35, 0x3b, 0x6d, 0x6f, 0x64, 0x65, 0x6c,
  0x2f, 0x73, 0x69, 0x6d, 0x70, 0x6c, 0x65, 0x5f, 0x72, 0x6e, 0x6e, 0x2f,
  0x75, 0x6e, 0x73, 0x74, 0x61, 0x63, 0x6b, 0x36, 0x3b, 0x6d, 0x6f, 0x64,
  0x65, 0x6c, 0x2f, 0x73, 0x69, 0x6d, 0x70, 0x6c, 0x65, 0x5f, 0x72, 0x6e,
  0x6e, 0x2f, 0x75, 0x6e, 0x73, 0x74, 0x61, 0x63, 0x6b, 0x37, 0x3b, 0x6d,
  0x6f, 0x64, 0x65, 0x6c, 0x2f, 0x73, 0x69, 0x6d, 0x70, 0x6c, 0x65, 0x5f,
  0x72, 0x6e, 0x6e, 0x2f, 0x75, 0x6e, 0x73, 0x74, 0x61, 0x63, 0x6b, 0x38,
  0x3b, 0x6d, 0x6f, 0x64, 0x65, 0x6c, 0x2f, 0x73, 0x69, 0x6d, 0x70, 0x6c,
  0x65, 0x5f, 0x72, 0x6e, 0x6e, 0x2f, 0x75, 0x6e, 0x73, 0x74, 0x61, 0x63,
  0x6b, 0x39, 0x3b, 0x6d, 0x6f, 0x64, 0x65, 0x6c, 0x2f, 0x73, 0x69, 0x6d,
  0x70, 0x6c, 0x65, 0x5f, 0x72, 0x6e, 0x6e, 0x2f, 0x75, 0x6e, 0x73, 0x74,
  0x61, 0x63, 0x6b, 0x31, 0x30, 0x3b, 0x6d, 0x6f, 0x64, 0x65, 0x6c, 0x2f,
  0x73, 0x69, 0x6d, 0x70, 0x6c, 0x65, 0x5f, 0x72, 0x6e, 0x6e, 0x2f, 0x75,
  0x6e, 0x73, 0x74, 0x61, 0x63, 0x6b, 0x31, 0x31, 0x3b, 0x6d, 0x6f, 0x64,
  0x65, 0x6c, 0x2f, 0x73, 0x69, 0x6d, 0x70, 0x6c, 0x65, 0x5f, 0x72, 0x6e,
  0x6e, 0x2f, 0x75, 0x6e, 0x73, 0x74, 0x61, 0x63, 0x6b, 0x31, 0x32, 0x3b,
  0x6d, 0x6f, 0x64, 0x65, 0x6c, 0x2f, 0x73, 0x69, 0x6d, 0x70, 0x6c, 0x65,
  0x5f, 0x72, 0x6e, 0x6e, 0x2f, 0x75, 0x6e, 0x73, 0x74, 0x61, 0x63, 0x6b,
  0x31, 0x33, 0x3b, 0x6d, 0x6f, 0x64, 0x65, 0x6c, 0x2f, 0x73, 0x69, 0x6d,
  0x70, 0x6c, 0x65, 0x5f, 0x72, 0x6e, 0x6e, 0x2f, 0x75, 0x6e, 0x73, 0x74,
  0x61, 0x63, 0x6b, 0x31, 0x34, 0x3b, 0x6d, 0x6f, 0x64, 0x65, 0x6c, 0x2f,
  0x73, 0x69, 0x6d, 0x70, 0x6c, 0x65, 0x5f, 0x72, 0x6e, 0x6e, 0x2f, 0x75,
  0x6e, 0x73, 0x74, 0x61, 0x63, 0x6b, 0x31, 0x35, 0x3b, 0x6d, 0x6f, 0x64,
  0x65, 0x6c, 0x2f, 0x73, 0x69, 0x6d, 0x70, 0x6c, 0x65, 0x5f, 0x72, 0x6e,
  0x6e, 0x2f, 0x75, 0x6e, 0x73, 0x74, 0x61, 0x63, 0x6b, 0x31, 0x36, 0x3b,
  0x6d, 0x6f, 0x64, 0x65, 0x6c, 0x2f, 0x73, 0x69, 0x6d, 0x70, 0x6c, 0x65,
  0x5f, 0x72, 0x6e, 0x6e, 0x2f, 0x75, 0x6e, 0x73, 0x74, 0x61, 0x63, 0x6b,
  0x31, 0x37, 0x3b, 0x6d, 0x6f, 0x64, 0x65, 0x6c, 0x2f, 0x73, 0x69, 0x6d,
  0x70, 0x6c, 0x65, 0x5f, 0x72, 0x6e, 0x6e, 0x2f, 0x75, 0x6e, 0x73, 0x74,
  0x61, 0x63, 0x6b, 0x31, 0x38, 0x3b, 0x6d, 0x6f, 0x64, 0x65, 0x6c, 0x2f,
  0x73, 0x69, 0x6d, 0x70, 0x6c, 0x65, 0x5f, 0x72, 0x6e, 0x6e, 0x2f, 0x75,
  0x6e, 0x73, 0x74, 0x61, 0x63, 0x6b, 0x31, 0x39, 0x3b, 0x6d, 0x6f, 0x64,
  0x65, 0x6c, 0x2f, 0x73, 0x69, 0x6d, 0x70, 0x6c, 0x65, 0x5f, 0x72, 0x6e,
  0x6e, 0x2f, 0x75, 0x6e, 0x73, 0x74, 0x61, 0x63, 0x6b, 0x32, 0x30, 0x3b,
  0x6d, 0x6f, 0x64, 0x65, 0x6c, 0x2f, 0x73, 0x69, 0x6d, 0x70, 0x6c, 0x65,
  0x5f, 0x72, 0x6e, 0x6e, 0x2f, 0x75, 0x6e, 0x73, 0x74, 0x61, 0x63, 0x6b,
  0x32, 0x31, 0x3b, 0x6d, 0x6f, 0x64, 0x65, 0x6c, 0x2f, 0x73, 0x69, 0x6d,
  0x70, 0x6c, 0x65, 0x5f, 0x72, 0x6e, 0x6e, 0x2f, 0x75, 0x6e, 0x73, 0x74,
  0x61, 0x63, 0x6b, 0x32, 0x32, 0x3b, 0x6d, 0x6f, 0x64, 0x65, 0x6c, 0x2f,
  0x73, 0x69, 0x6d, 0x70, 0x6c, 0x65, 0x5f, 0x72, 0x6e, 0x6e, 0x2f, 0x75,
  0x6e, 0x73, 0x74, 0x61, 0x63, 0x6b, 0x32, 0x33, 0x31, 0x00, 0x00, 0x00,
  0x02, 0x00, 0x00, 0x00, 0x01, 0x00, 0x00, 0x00, 0x01, 0x00, 0x00, 0x00,
  0x12, 0xfc, 0xff, 0xff, 0x00, 0x00, 0x00, 0x01, 0x18, 0x00, 0x00, 0x00,
  0x20, 0x00, 0x00, 0x00, 0x3c, 0x00, 0x00, 0x00, 0x27, 0x00, 0x00, 0x00,
  0x00, 0x00, 0x00, 0x09, 0xb4, 0x02, 0x00, 0x00, 0x02, 0x00, 0x00, 0x00,
  0xff, 0xff, 0xff, 0xff, 0x01, 0x00, 0x00, 0x00, 0x24, 0xed, 0xff, 0xff,
  0x08, 0x00, 0x00, 0x00, 0x10, 0x00, 0x00, 0x00, 0x01, 0x00, 0x00, 0x00,
  0x7f, 0x00, 0x00, 0x00, 0x00, 0x00, 0x00, 0x00, 0x01, 0x00, 0x00, 0x00,
  0x74, 0xe1, 0x00, 0x3c, 0x7c, 0x02, 0x00, 0x00, 0x6d, 0x6f, 0x64, 0x65,
  0x6c, 0x2f, 0x73, 0x69, 0x6d, 0x70, 0x6c, 0x65, 0x5f, 0x72, 0x6e, 0x6e,
  0x2f, 0x75, 0x6e, 0x73, 0x74, 0x61, 0x63, 0x6b, 0x3b, 0x6d, 0x6f, 0x64,
  0x65, 0x6c, 0x2f, 0x73, 0x69, 0x6d, 0x70, 0x6c, 0x65, 0x5f, 0x72, 0x6e,
  0x6e, 0x2f, 0x75, 0x6e, 0x73, 0x74, 0x61, 0x63, 0x6b, 0x31, 0x3b, 0x6d,
  0x6f, 0x64, 0x65, 0x6c, 0x2f, 0x73, 0x69, 0x6d, 0x70, 0x6c, 0x65, 0x5f,
  0x72, 0x6e, 0x6e, 0x2f, 0x75, 0x6e, 0x73, 0x74, 0x61, 0x63, 0x6b, 0x32,
  0x3b, 0x6d, 0x6f, 0x64, 0x65, 0x6c, 0x2f, 0x73, 0x69, 0x6d, 0x70, 0x6c,
  0x65, 0x5f, 0x72, 0x6e, 0x6e, 0x2f, 0x75, 0x6e, 0x73, 0x74, 0x61, 0x63,
  0x6b, 0x33, 0x3b, 0x6d, 0x6f, 0x64, 0x65, 0x6c, 0x2f, 0x73, 0x69, 0x6d,
  0x70, 0x6c, 0x65, 0x5f, 0x72, 0x6e, 0x6e, 0x2f, 0x75, 0x6e, 0x73, 0x74,
  0x61, 0x63, 0x6b, 0x34, 0x3b, 0x6d, 0x6f, 0x64, 0x65, 0x6c, 0x2f, 0x73,
  0x69, 0x6d, 0x70, 0x6c, 0x65, 0x5f, 0x72, 0x6e, 0x6e, 0x2f, 0x75, 0x6e,
  0x73, 0x74, 0x61, 0x63, 0x6b, 0x35, 0x3b, 0x6d, 0x6f, 0x64, 0x65, 0x6c,
  0x2f, 0x73, 0x69, 0x6d, 0x70, 0x6c, 0x65, 0x5f, 0x72, 0x6e, 0x6e, 0x2f,
  0x75, 0x6e, 0x73, 0x74, 0x61, 0x63, 0x6b, 0x36, 0x3b, 0x6d, 0x6f, 0x64,
  0x65, 0x6c, 0x2f, 0x73, 0x69, 0x6d, 0x70, 0x6c, 0x65, 0x5f, 0x72, 0x6e,
  0x6e, 0x2f, 0x75, 0x6e, 0x73, 0x74, 0x61, 0x63, 0x6b, 0x37, 0x3b, 0x6d,
  0x6f, 0x64, 0x65, 0x6c, 0x2f, 0x73, 0x69, 0x6d, 0x70, 0x6c, 0x65, 0x5f,
  0x72, 0x6e, 0x6e, 0x2f, 0x75, 0x6e, 0x73, 0x74, 0x61, 0x63, 0x6b, 0x38,
  0x3b, 0x6d, 0x6f, 0x64, 0x65, 0x6c, 0x2f, 0x73, 0x69, 0x6d, 0x70, 0x6c,
  0x65, 0x5f, 0x72, 0x6e, 0x6e, 0x2f, 0x75, 0x6e, 0x73, 0x74, 0x61, 0x63,
  0x6b, 0x39, 0x3b, 0x6d, 0x6f, 0x64, 0x65, 0x6c, 0x2f, 0x73, 0x69, 0x6d,
  0x70, 0x6c, 0x65, 0x5f, 0x72, 0x6e, 0x6e, 0x2f, 0x75, 0x6e, 0x73, 0x74,
  0x61, 0x63, 0x6b, 0x31, 0x30, 0x3b, 0x6d, 0x6f, 0x64, 0x65, 0x6c, 0x2f,
  0x73, 0x69, 0x6d, 0x70, 0x6c, 0x65, 0x5f, 0x72, 0x6e, 0x6e, 0x2f, 0x75,
  0x6e, 0x73, 0x74, 0x61, 0x63, 0x6b, 0x31, 0x31, 0x3b, 0x6d, 0x6f, 0x64,
  0x65, 0x6c, 0x2f, 0x73, 0x69, 0x6d, 0x70, 0x6c, 0x65, 0x5f, 0x72, 0x6e,
  0x6e, 0x2f, 0x75, 0x6e, 0x73, 0x74, 0x61, 0x63, 0x6b, 0x31, 0x32, 0x3b,
  0x6d, 0x6f, 0x64, 0x65, 0x6c, 0x2f, 0x73, 0x69, 0x6d, 0x70, 0x6c, 0x65,
  0x5f, 0x72, 0x6e, 0x6e, 0x2f, 0x75, 0x6e, 0x73, 0x74, 0x61, 0x63, 0x6b,
  0x31, 0x33, 0x3b, 0x6d, 0x6f, 0x64, 0x65, 0x6c, 0x2f, 0x73, 0x69, 0x6d,
  0x70, 0x6c, 0x65, 0x5f, 0x72, 0x6e, 0x6e, 0x2f, 0x75, 0x6e, 0x73, 0x74,
  0x61, 0x63, 0x6b, 0x31, 0x34, 0x3b, 0x6d, 0x6f, 0x64, 0x65, 0x6c, 0x2f,
  0x73, 0x69, 0x6d, 0x70, 0x6c, 0x65, 0x5f, 0x72, 0x6e, 0x6e, 0x2f, 0x75,
  0x6e, 0x73, 0x74, 0x61, 0x63, 0x6b, 0x31, 0x35, 0x3b, 0x6d, 0x6f, 0x64,
  0x65, 0x6c, 0x2f, 0x73, 0x69, 0x6d, 0x70, 0x6c, 0x65, 0x5f, 0x72, 0x6e,
  0x6e, 0x2f, 0x75, 0x6e, 0x73, 0x74, 0x61, 0x63, 0x6b, 0x31, 0x36, 0x3b,
  0x6d, 0x6f, 0x64, 0x65, 0x6c, 0x2f, 0x73, 0x69, 0x6d, 0x70, 0x6c, 0x65,
  0x5f, 0x72, 0x6e, 0x6e, 0x2f, 0x75, 0x6e, 0x73, 0x74, 0x61, 0x63, 0x6b,
  0x31, 0x37, 0x3b, 0x6d, 0x6f, 0x64, 0x65, 0x6c, 0x2f, 0x73, 0x69, 0x6d,
  0x70, 0x6c, 0x65, 0x5f, 0x72, 0x6e, 0x6e, 0x2f, 0x75, 0x6e, 0x73, 0x74,
  0x61, 0x63, 0x6b, 0x31, 0x38, 0x3b, 0x6d, 0x6f, 0x64, 0x65, 0x6c, 0x2f,
  0x73, 0x69, 0x6d, 0x70, 0x6c, 0x65, 0x5f, 0x72, 0x6e, 0x6e, 0x2f, 0x75,
  0x6e, 0x73, 0x74, 0x61, 0x63, 0x6b, 0x31, 0x39, 0x3b, 0x6d, 0x6f, 0x64,
  0x65, 0x6c, 0x2f, 0x73, 0x69, 0x6d, 0x70, 0x6c, 0x65, 0x5f, 0x72, 0x6e,
  0x6e, 0x2f, 0x75, 0x6e, 0x73, 0x74, 0x61, 0x63, 0x6b, 0x32, 0x30, 0x3b,
  0x6d, 0x6f, 0x64, 0x65, 0x6c, 0x2f, 0x73, 0x69, 0x6d, 0x70, 0x6c, 0x65,
  0x5f, 0x72, 0x6e, 0x6e, 0x2f, 0x75, 0x6e, 0x73, 0x74, 0x61, 0x63, 0x6b,
  0x32, 0x31, 0x3b, 0x6d, 0x6f, 0x64, 0x65, 0x6c, 0x2f, 0x73, 0x69, 0x6d,
  0x70, 0x6c, 0x65, 0x5f, 0x72, 0x6e, 0x6e, 0x2f, 0x75, 0x6e, 0x73, 0x74,
  0x61, 0x63, 0x6b, 0x32, 0x32, 0x3b, 0x6d, 0x6f, 0x64, 0x65, 0x6c, 0x2f,
  0x73, 0x69, 0x6d, 0x70, 0x6c, 0x65, 0x5f, 0x72, 0x6e, 0x6e, 0x2f, 0x75,
  0x6e, 0x73, 0x74, 0x61, 0x63, 0x6b, 0x32, 0x33, 0x00, 0x00, 0x00, 0x00,
  0x02, 0x00, 0x00, 0x00, 0x01, 0x00, 0x00, 0x00, 0x01, 0x00, 0x00, 0x00,
  0xee, 0xfe, 0xff, 0xff, 0x00, 0x00, 0x00, 0x01, 0x18, 0x00, 0x00, 0x00,
  0x24, 0x00, 0x00, 0x00, 0x44, 0x00, 0x00, 0x00, 0x26, 0x00, 0x00, 0x00,
  0x00, 0x00, 0x00, 0x09, 0x58, 0x00, 0x00, 0x00, 0x03, 0x00, 0x00, 0x00,
  0x18, 0x00, 0x00, 0x00, 0xff, 0xff, 0xff, 0xff, 0x01, 0x00, 0x00, 0x00,
  0x04, 0xf0, 0xff, 0xff, 0x08, 0x00, 0x00, 0x00, 0x14, 0x00, 0x00, 0x00,
  0x01, 0x00, 0x00, 0x00, 0x7f, 0x00, 0x00, 0x00, 0x00, 0x00, 0x00, 0x00,
  0x00, 0x00, 0x00, 0x00, 0x01, 0x00, 0x00, 0x00, 0x74, 0xe1, 0x00, 0x3c,
  0x1a, 0x00, 0x00, 0x00, 0x6d, 0x6f, 0x64, 0x65, 0x6c, 0x2f, 0x73, 0x69,
  0x6d, 0x70, 0x6c, 0x65, 0x5f, 0x72, 0x6e, 0x6e, 0x2f, 0x74, 0x72, 0x61,
  0x6e, 0x73, 0x70, 0x6f, 0x73, 0x65, 0x00, 0x00, 0x03, 0x00, 0x00, 0x00,
  0x18, 0x00, 0x00, 0x00, 0x01, 0x00, 0x00, 0x00, 0x01, 0x00, 0x00, 0x00,
  0x12, 0xef, 0xff, 0xff, 0x00, 0x00, 0x00, 0x01, 0x14, 0x00, 0x00, 0x00,
  0x14, 0x00, 0x00, 0x00, 0x25, 0x00, 0x00, 0x00, 0x00, 0x00, 0x00, 0x02,
  0x2c, 0x00, 0x00, 0x00, 0x80, 0xee, 0xff, 0xff, 0x1e, 0x00, 0x00, 0x00,
  0x6d, 0x6f, 0x64, 0x65, 0x6c, 0x2f, 0x73, 0x69, 0x6d, 0x70, 0x6c, 0x65,
  0x5f, 0x72, 0x6e, 0x6e, 0x2f, 0x73, 0x74, 0x72, 0x69, 0x64, 0x65, 0x64,
  0x5f, 0x73, 0x6c, 0x69, 0x63, 0x65, 0x00, 0x00, 0x00, 0x00, 0x00, 0x00,
  0x5a, 0xef, 0xff, 0xff, 0x00, 0x00, 0x00, 0x01, 0x14, 0x00, 0x00, 0x00,
  0x14, 0x00, 0x00, 0x00, 0x24, 0x00, 0x00, 0x00, 0x00, 0x00, 0x00, 0x02,
  0x24, 0x00, 0x00, 0x00, 0xc8, 0xee, 0xff, 0xff, 0x16, 0x00, 0x00, 0x00,
  0x6d, 0x6f, 0x64, 0x65, 0x6c, 0x2f, 0x73, 0x69, 0x6d, 0x70, 0x6c, 0x65,
  0x5f, 0x72, 0x6e, 0x6e, 0x2f, 0x53, 0x68, 0x61, 0x70, 0x65, 0x00, 0x00,
  0x01, 0x00, 0x00, 0x00, 0x03, 0x00, 0x00, 0x00, 0x00, 0x00, 0x16, 0x00,
  0x20, 0x00, 0x1c, 0x00, 0x1b, 0x00, 0x14, 0x00, 0x10, 0x00, 0x0c, 0x00,
  0x00, 0x00, 0x00, 0x00, 0x08, 0x00, 0x07, 0x00, 0x16, 0x00, 0x00, 0x00,
  0x00, 0x00, 0x00, 0x01, 0x18, 0x00, 0x00, 0x00, 0x24, 0x00, 0x00, 0x00,
  0x40, 0x00, 0x00, 0x00, 0x23, 0x00, 0x00, 0x00, 0x00, 0x00, 0x00, 0x09,
  0x48, 0x00, 0x00, 0x00, 0x03, 0x00, 0x00, 0x00, 0xff, 0xff, 0xff, 0xff,
  0x18, 0x00, 0x00, 0x00, 0x01, 0x00, 0x00, 0x00, 0x2c, 0xf1, 0xff, 0xff,
  0x08, 0x00, 0x00, 0x00, 0x10, 0x00, 0x00, 0x00, 0x01, 0x00, 0x00, 0x00,
  0x7f, 0x00, 0x00, 0x00, 0x00, 0x00, 0x00, 0x00, 0x01, 0x00, 0x00, 0x00,
  0x74, 0xe1, 0x00, 0x3c, 0x0c, 0x00, 0x00, 0x00, 0x74, 0x66, 0x6c, 0x2e,
  0x71, 0x75, 0x61, 0x6e, 0x74, 0x69, 0x7a, 0x65, 0x00, 0x00, 0x00, 0x00,
  0x03, 0x00, 0x00, 0x00, 0x01, 0x00, 0x00, 0x00, 0x18, 0x00, 0x00, 0x00,
  0x01, 0x00, 0x00, 0x00, 0x2a, 0xf0, 0xff, 0xff, 0x00, 0x00, 0x00, 0x01,
  0x14, 0x00, 0x00, 0x00, 0x34, 0x00, 0x00, 0x00, 0x22, 0x00, 0x00, 0x00,
  0x00, 0x00, 0x00, 0x09, 0x4c, 0x00, 0x00, 0x00, 0x8c, 0xf1, 0xff, 0xff,
  0x08, 0x00, 0x00, 0x00, 0x14, 0x00, 0x00, 0x00, 0x01, 0x00, 0x00, 0x00,
  0x00, 0x00, 0x00, 0x00, 0x00, 0x00, 0x00, 0x00, 0x00, 0x00, 0x00, 0x00,
  0x01, 0x00, 0x00, 0x00, 0x7b, 0xbe, 0x06, 0x32, 0x1c, 0x00, 0x00, 0x00,
  0x6d, 0x6f, 0x64, 0x65, 0x6c, 0x2f, 0x73, 0x69, 0x6d, 0x70, 0x6c, 0x65,
  0x5f, 0x72, 0x6e, 0x6e, 0x2f, 0x7a, 0x65, 0x72, 0x6f, 0x73, 0x2f, 0x43,
  0x6f, 0x6e, 0x73, 0x74, 0x00, 0x00, 0x00, 0x00, 0x00, 0x00, 0x00, 0x00,
  0x92, 0xf0, 0xff, 0xff, 0x00, 0x00, 0x00, 0x01, 0x14, 0x00, 0x00, 0x00,
  0x30, 0x00, 0x00, 0x00, 0x21, 0x00, 0x00, 0x00, 0x00, 0x00, 0x00, 0x09,
  0x54, 0x00, 0x00, 0x00, 0xf4, 0xf1, 0xff, 0xff, 0x08, 0x00, 0x00, 0x00,
  0x10, 0x00, 0x00, 0x00, 0x01, 0x00, 0x00, 0x00, 0x00, 0x00, 0x00, 0x00,
  0x00, 0x00, 0x00, 0x00, 0x01, 0x00, 0x00, 0x00, 0xa8, 0xe2, 0x01, 0x3c,
  0x2a, 0x00, 0x00, 0x00, 0x6d, 0x6f, 0x64, 0x65, 0x6c, 0x2f, 0x73, 0x69,
  0x6d, 0x70, 0x6c, 0x65, 0x5f, 0x72, 0x6e, 0x6e, 0x2f, 0x73, 0x69, 0x6d,
  0x70, 0x6c, 0x65, 0x5f, 0x72, 0x6e, 0x6e, 0x5f, 0x63, 0x65, 0x6c, 0x6c,
  0x2f, 0x4d, 0x61, 0x74, 0x4d, 0x75, 0x6c, 0x5f, 0x34, 0x37, 0x00, 0x00,
  0x02, 0x00, 0x00, 0x00, 0x32, 0x00, 0x00, 0x00, 0x32, 0x00, 0x00, 0x00,
  0x0a, 0xf1, 0xff, 0xff, 0x00, 0x00, 0x00, 0x01, 0x14, 0x00, 0x00, 0x00,
  0x30, 0x00, 0x00, 0x00, 0x20, 0x00, 0x00, 0x00, 0x00, 0x00, 0x00, 0x09,
  0x54, 0x00, 0x00, 0x00, 0x6c, 0xf2, 0xff, 0xff, 0x08, 0x00, 0x00, 0x00,
  0x10, 0x00, 0x00, 0x00, 0x01, 0x00, 0x00, 0x00, 0x00, 0x00, 0x00, 0x00,
  0x00, 0x00, 0x00, 0x00, 0x01, 0x00, 0x00, 0x00, 0xba, 0x70, 0x9e, 0x3b,
  0x29, 0x00, 0x00, 0x00, 0x6d, 0x6f, 0x64, 0x65, 0x6c, 0x2f, 0x73, 0x69,
  0x6d, 0x70, 0x6c, 0x65, 0x5f, 0x72, 0x6e, 0x6e, 0x2f, 0x73, 0x69, 0x6d,
  0x70, 0x6c, 0x65, 0x5f, 0x72, 0x6e, 0x6e, 0x5f, 0x63, 0x65, 0x6c, 0x6c,
  0x2f, 0x4d, 0x61, 0x74, 0x4d, 0x75, 0x6c, 0x5f, 0x38, 0x00, 0x00, 0x00,
  0x02, 0x00, 0x00, 0x00, 0x32, 0x00, 0x00, 0x00, 0x01, 0x00, 0x00, 0x00,
  0x82, 0xf1, 0xff, 0xff, 0x00, 0x00, 0x00, 0x01, 0x14, 0x00, 0x00, 0x00,
  0x34, 0x00, 0x00, 0x00, 0x08, 0x00, 0x00, 0x00, 0x00, 0x00, 0x00, 0x02,
  0x68, 0x00, 0x00, 0x00, 0xe4, 0xf2, 0xff, 0xff, 0x08, 0x00, 0x00, 0x00,
  0x14, 0x00, 0x00, 0x00, 0x01, 0x00, 0x00, 0x00, 0x00, 0x00, 0x00, 0x00,
  0x00, 0x00, 0x00, 0x00, 0x00, 0x00, 0x00, 0x00, 0x01, 0x00, 0x00, 0x00,
  0xcc, 0x87, 0x1f, 0x38, 0x39, 0x00, 0x00, 0x00, 0x6d, 0x6f, 0x64, 0x65,
  0x6c, 0x2f, 0x73, 0x69, 0x6d, 0x70, 0x6c, 0x65, 0x5f, 0x72, 0x6e, 0x6e,
  0x2f, 0x73, 0x69, 0x6d, 0x70, 0x6c, 0x65, 0x5f, 0x72, 0x6e, 0x6e, 0x5f,
  0x63, 0x65, 0x6c, 0x6c, 0x2f, 0x42, 0x69, 0x61, 0x73, 0x41, 0x64, 0x64,
  0x2f, 0x52, 0x65, 0x61, 0x64, 0x56, 0x61, 0x72, 0x69, 0x61, 0x62, 0x6c,
  0x65, 0x4f, 0x70, 0x32, 0x33, 0x00, 0x00, 0x00, 0x01, 0x00, 0x00, 0x00,
  0x32, 0x00, 0x00, 0x00, 0x0a, 0xf2, 0xff, 0xff, 0x00, 0x00, 0x00, 0x01,
  0x14, 0x00, 0x00, 0x00, 0x34, 0x00, 0x00, 0x00, 0x08, 0x00, 0x00, 0x00,
  0x00, 0x00, 0x00, 0x02, 0x68, 0x00, 0x00, 0x00, 0x6c, 0xf3, 0xff, 0xff,
  0x08, 0x00, 0x00, 0x00, 0x14, 0x00, 0x00, 0x00, 0x01, 0x00, 0x00, 0x00,
  0x00, 0x00, 0x00, 0x00, 0x00, 0x00, 0x00, 0x00, 0x00, 0x00, 0x00, 0x00,
  0x01, 0x00, 0x00, 0x00, 0xcc, 0x87, 0x1f, 0x38, 0x39, 0x00, 0x00, 0x00,
  0x6d, 0x6f, 0x64, 0x65, 0x6c, 0x2f, 0x73, 0x69, 0x6d, 0x70, 0x6c, 0x65,
  0x5f, 0x72, 0x6e, 0x6e, 0x2f, 0x73, 0x69, 0x6d, 0x70, 0x6c, 0x65, 0x5f,
  0x72, 0x6e, 0x6e, 0x5f, 0x63, 0x65, 0x6c, 0x6c, 0x2f, 0x42, 0x69, 0x61,
  0x73, 0x41, 0x64, 0x64, 0x2f, 0x52, 0x65, 0x61, 0x64, 0x56, 0x61, 0x72,
  0x69, 0x61, 0x62, 0x6c, 0x65, 0x4f, 0x70, 0x32, 0x32, 0x00, 0x00, 0x00,
  0x01, 0x00, 0x00, 0x00, 0x32, 0x00, 0x00, 0x00, 0x92, 0xf2, 0xff, 0xff,
  0x00, 0x00, 0x00, 0x01, 0x14, 0x00, 0x00, 0x00, 0x34, 0x00, 0x00, 0x00,
  0x08, 0x00, 0x00, 0x00, 0x00, 0x00, 0x00, 0x02, 0x68, 0x00, 0x00, 0x00,
  0xf4, 0xf3, 0xff, 0xff, 0x08, 0x00, 0x00, 0x00, 0x14, 0x00, 0x00, 0x00,
  0x01, 0x00, 0x00, 0x00, 0x00, 0x00, 0x00, 0x00, 0x00, 0x00, 0x00, 0x00,
  0x00, 0x00, 0x00, 0x00, 0x01, 0x00, 0x00, 0x00, 0xcc, 0x87, 0x1f, 0x38,
  0x39, 0x00, 0x00, 0x00, 0x6d, 0x6f, 0x64, 0x65, 0x6c, 0x2f, 0x73, 0x69,
  0x6d, 0x70, 0x6c, 0x65, 0x5f, 0x72, 0x6e, 0x6e, 0x2f, 0x73, 0x69, 0x6d,
  0x70, 0x6c, 0x65, 0x5f, 0x72, 0x6e, 0x6e, 0x5f, 0x63, 0x65, 0x6c, 0x6c,
  0x2f, 0x42, 0x69, 0x61, 0x73, 0x41, 0x64, 0x64, 0x2f, 0x52, 0x65, 0x61,
  0x64, 0x56, 0x61, 0x72, 0x69, 0x61, 0x62, 0x6c, 0x65, 0x4f, 0x70, 0x32,
  0x31, 0x00, 0x00, 0x00, 0x01, 0x00, 0x00, 0x00, 0x32, 0x00, 0x00, 0x00,
  0x1a, 0xf3, 0xff, 0xff, 0x00, 0x00, 0x00, 0x01, 0x14, 0x00, 0x00, 0x00,
  0x34, 0x00, 0x00, 0x00, 0x08, 0x00, 0x00, 0x00, 0x00, 0x00, 0x00, 0x02,
  0x68, 0x00, 0x00, 0x00, 0x7c, 0xf4, 0xff, 0xff, 0x08, 0x00, 0x00, 0x00,
  0x14, 0x00, 0x00, 0x00, 0x01, 0x00, 0x00, 0x00, 0x00, 0x00, 0x00, 0x00,
  0x00, 0x00, 0x00, 0x00, 0x00, 0x00, 0x00, 0x00, 0x01, 0x00, 0x00, 0x00,
  0xcc, 0x87, 0x1f, 0x38, 0x39, 0x00, 0x00, 0x00, 0x6d, 0x6f, 0x64, 0x65,
  0x6c, 0x2f, 0x73, 0x69, 0x6d, 0x70, 0x6c, 0x65, 0x5f, 0x72, 0x6e, 0x6e,
  0x2f, 0x73, 0x69, 0x6d, 0x70, 0x6c, 0x65, 0x5f, 0x72, 0x6e, 0x6e, 0x5f,
  0x63, 0x65, 0x6c, 0x6c, 0x2f, 0x42, 0x69, 0x61, 0x73, 0x41, 0x64, 0x64,
  0x2f, 0x52, 0x65, 0x61, 0x64, 0x56, 0x61, 0x72, 0x69, 0x61, 0x62, 0x6c,
  0x65, 0x4f, 0x70, 0x32, 0x30, 0x00, 0x00, 0x00, 0x01, 0x00, 0x00, 0x00,
  0x32, 0x00, 0x00, 0x00, 0xa2, 0xf3, 0xff, 0xff, 0x00, 0x00, 0x00, 0x01,
  0x14, 0x00, 0x00, 0x00, 0x34, 0x00, 0x00, 0x00, 0x08, 0x00, 0x00, 0x00,
  0x00, 0x00, 0x00, 0x02, 0x68, 0x00, 0x00, 0x00, 0x04, 0xf5, 0xff, 0xff,
  0x08, 0x00, 0x00, 0x00, 0x14, 0x00, 0x00, 0x00, 0x01, 0x00, 0x00, 0x00,
  0x00, 0x00, 0x00, 0x00, 0x00, 0x00, 0x00, 0x00, 0x00, 0x00, 0x00, 0x00,
  0x01, 0x00, 0x00, 0x00, 0xcc, 0x87, 0x1f, 0x38, 0x39, 0x00, 0x00, 0x00,
  0x6d, 0x6f, 0x64, 0x65, 0x6c, 0x2f, 0x73, 0x69, 0x6d, 0x70, 0x6c, 0x65,
  0x5f, 0x72, 0x6e, 0x6e, 0x2f, 0x73, 0x69, 0x6d, 0x70, 0x6c, 0x65, 0x5f,
  0x72, 0x6e, 0x6e, 0x5f, 0x63, 0x65, 0x6c, 0x6c, 0x2f, 0x42, 0x69, 0x61,
  0x73, 0x41, 0x64, 0x64, 0x2f, 0x52, 0x65, 0x61, 0x64, 0x56, 0x61, 0x72,
  0x69, 0x61, 0x62, 0x6c, 0x65, 0x4f, 0x70, 0x31, 0x39, 0x00, 0x00, 0x00,
  0x01, 0x00, 0x00, 0x00, 0x32, 0x00, 0x00, 0x00, 0x2a, 0xf4, 0xff, 0xff,
  0x00, 0x00, 0x00, 0x01, 0x14, 0x00, 0x00, 0x00, 0x34, 0x00, 0x00, 0x00,
  0x08, 0x00, 0x00, 0x00, 0x00, 0x00, 0x00, 0x02, 0x68, 0x00, 0x00, 0x00,
  0x8c, 0xf5, 0xff, 0xff, 0x08, 0x00, 0x00, 0x00, 0x14, 0x00, 0x00, 0x00,
  0x01, 0x00, 0x00, 0x00, 0x00, 0x00, 0x00, 0x00, 0x00, 0x00, 0x00, 0x00,
  0x00, 0x00, 0x00, 0x00, 0x01, 0x00, 0x00, 0x00, 0xcc, 0x87, 0x1f, 0x38,
  0x39, 0x00, 0x00, 0x00, 0x6d, 0x6f, 0x64, 0x65, 0x6c, 0x2f, 0x73, 0x69,
  0x6d, 0x70, 0x6c, 0x65, 0x5f, 0x72, 0x6e, 0x6e, 0x2f, 0x73, 0x69, 0x6d,
  0x70, 0x6c, 0x65, 0x5f, 0x72, 0x6e, 0x6e, 0x5f, 0x63, 0x65, 0x6c, 0x6c,
  0x2f, 0x42, 0x69, 0x61, 0x73, 0x41, 0x64, 0x64, 0x2f, 0x52, 0x65, 0x61,
  0x64, 0x56, 0x61, 0x72, 0x69, 0x61, 0x62, 0x6c, 0x65, 0x4f, 0x70, 0x31,
  0x38, 0x00, 0x00, 0x00, 0x01, 0x00, 0x00, 0x00, 0x32, 0x00, 0x00, 0x00,
  0xb2, 0xf4, 0xff, 0xff, 0x00, 0x00, 0x00, 0x01, 0x14, 0x00, 0x00, 0x00,
  0x34, 0x00, 0x00, 0x00, 0x08, 0x00, 0x00, 0x00, 0x00, 0x00, 0x00, 0x02,
  0x68, 0x00, 0x00, 0x00, 0x14, 0xf6, 0xff, 0xff, 0x08, 0x00, 0x00, 0x00,
  0x14, 0x00, 0x00, 0x00, 0x01, 0x00, 0x00, 0x00, 0x00, 0x00, 0x00, 0x00,
  0x00, 0x00, 0x00, 0x00, 0x00, 0x00, 0x00, 0x00, 0x01, 0x00, 0x00, 0x00,
  0xcc, 0x87, 0x1f, 0x38, 0x39, 0x00, 0x00, 0x00, 0x6d, 0x6f, 0x64, 0x65,
  0x6c, 0x2f, 0x73, 0x69, 0x6d, 0x70, 0x6c, 0x65, 0x5f, 0x72, 0x6e, 0x6e,
  0x2f, 0x73, 0x69, 0x6d, 0x70, 0x6c, 0x65, 0x5f, 0x72, 0x6e, 0x6e, 0x5f,
  0x63, 0x65, 0x6c, 0x6c, 0x2f, 0x42, 0x69, 0x61, 0x73, 0x41, 0x64, 0x64,
  0x2f, 0x52, 0x65, 0x61, 0x64, 0x56, 0x61, 0x72, 0x69, 0x61, 0x62, 0x6c,
  0x65, 0x4f, 0x70, 0x31, 0x37, 0x00, 0x00, 0x00, 0x01, 0x00, 0x00, 0x00,
  0x32, 0x00, 0x00, 0x00, 0x3a, 0xf5, 0xff, 0xff, 0x00, 0x00, 0x00, 0x01,
  0x14, 0x00, 0x00, 0x00, 0x34, 0x00, 0x00, 0x00, 0x08, 0x00, 0x00, 0x00,
  0x00, 0x00, 0x00, 0x02, 0x68, 0x00, 0x00, 0x00, 0x9c, 0xf6, 0xff, 0xff,
  0x08, 0x00, 0x00, 0x00, 0x14, 0x00, 0x00, 0x00, 0x01, 0x00, 0x00, 0x00,
  0x00, 0x00, 0x00, 0x00, 0x00, 0x00, 0x00, 0x00, 0x00, 0x00, 0x00, 0x00,
  0x01, 0x00, 0x00, 0x00, 0xcc, 0x87, 0x1f, 0x38, 0x39, 0x00, 0x00, 0x00,
  0x6d, 0x6f, 0x64, 0x65, 0x6c, 0x2f, 0x73, 0x69, 0x6d, 0x70, 0x6c, 0x65,
  0x5f, 0x72, 0x6e, 0x6e, 0x2f, 0x73, 0x69, 0x6d, 0x70, 0x6c, 0x65, 0x5f,
  0x72, 0x6e, 0x6e, 0x5f, 0x63, 0x65, 0x6c, 0x6c, 0x2f, 0x42, 0x69, 0x61,
  0x73, 0x41, 0x64, 0x64, 0x2f, 0x52, 0x65, 0x61, 0x64, 0x56, 0x61, 0x72,
  0x69, 0x61, 0x62, 0x6c, 0x65, 0x4f, 0x70, 0x31, 0x36, 0x00, 0x00, 0x00,
  0x01, 0x00, 0x00, 0x00, 0x32, 0x00, 0x00, 0x00, 0xc2, 0xf5, 0xff, 0xff,
  0x00, 0x00, 0x00, 0x01, 0x14, 0x00, 0x00, 0x00, 0x34, 0x00, 0x00, 0x00,
  0x08, 0x00, 0x00, 0x00, 0x00, 0x00, 0x00, 0x02, 0x68, 0x00, 0x00, 0x00,
  0x24, 0xf7, 0xff, 0xff, 0x08, 0x00, 0x00, 0x00, 0x14, 0x00, 0x00, 0x00,
  0x01, 0x00, 0x00, 0x00, 0x00, 0x00, 0x00, 0x00, 0x00, 0x00, 0x00, 0x00,
  0x00, 0x00, 0x00, 0x00, 0x01, 0x00, 0x00, 0x00, 0xcc, 0x87, 0x1f, 0x38,
  0x39, 0x00, 0x00, 0x00, 0x6d, 0x6f, 0x64, 0x65, 0x6c, 0x2f, 0x73, 0x69,
  0x6d, 0x70, 0x6c, 0x65, 0x5f, 0x72, 0x6e, 0x6e, 0x2f, 0x73, 0x69, 0x6d,
  0x70, 0x6c, 0x65, 0x5f, 0x72, 0x6e, 0x6e, 0x5f, 0x63, 0x65, 0x6c, 0x6c,
  0x2f, 0x42, 0x69, 0x61, 0x73, 0x41, 0x64, 0x64, 0x2f, 0x52, 0x65, 0x61,
  0x64, 0x56, 0x61, 0x72, 0x69, 0x61, 0x62, 0x6c, 0x65, 0x4f, 0x70, 0x31,
  0x35, 0x00, 0x00, 0x00, 0x01, 0x00, 0x00, 0x00, 0x32, 0x00, 0x00, 0x00,
  0x4a, 0xf6, 0xff, 0xff, 0x00, 0x00, 0x00, 0x01, 0x14, 0x00, 0x00, 0x00,
  0x34, 0x00, 0x00, 0x00, 0x08, 0x00, 0x00, 0x00, 0x00, 0x00, 0x00, 0x02,
  0x68, 0x00, 0x00, 0x00, 0xac, 0xf7, 0xff, 0xff, 0x08, 0x00, 0x00, 0x00,
  0x14, 0x00, 0x00, 0x00, 0x01, 0x00, 0x00, 0x00, 0x00, 0x00, 0x00, 0x00,
  0x00, 0x00, 0x00, 0x00, 0x00, 0x00, 0x00, 0x00, 0x01, 0x00, 0x00, 0x00,
  0xcc, 0x87, 0x1f, 0x38, 0x39, 0x00, 0x00, 0x00, 0x6d, 0x6f, 0x64, 0x65,
  0x6c, 0x2f, 0x73, 0x69, 0x6d, 0x70, 0x6c, 0x65, 0x5f, 0x72, 0x6e, 0x6e,
  0x2f, 0x73, 0x69, 0x6d, 0x70, 0x6c, 0x65, 0x5f, 0x72, 0x6e, 0x6e, 0x5f,
  0x63, 0x65, 0x6c, 0x6c, 0x2f, 0x42, 0x69, 0x61, 0x73, 0x41, 0x64, 0x64,
  0x2f, 0x52, 0x65, 0x61, 0x64, 0x56, 0x61, 0x72, 0x69, 0x61, 0x62, 0x6c,
  0x65, 0x4f, 0x70, 0x31, 0x34, 0x00, 0x00, 0x00, 0x01, 0x00, 0x00, 0x00,
  0x32, 0x00, 0x00, 0x00, 0xd2, 0xf6, 0xff, 0xff, 0x00, 0x00, 0x00, 0x01,
  0x14, 0x00, 0x00, 0x00, 0x34, 0x00, 0x00, 0x00, 0x08, 0x00, 0x00, 0x00,
  0x00, 0x00, 0x00, 0x02, 0x68, 0x00, 0x00, 0x00, 0x34, 0xf8, 0xff, 0xff,
  0x08, 0x00, 0x00, 0x00, 0x14, 0x00, 0x00, 0x00, 0x01, 0x00, 0x00, 0x00,
  0x00, 0x00, 0x00, 0x00, 0x00, 0x00, 0x00, 0x00, 0x00, 0x00, 0x00, 0x00,
  0x01, 0x00, 0x00, 0x00, 0xcc, 0x87, 0x1f, 0x38, 0x39, 0x00, 0x00, 0x00,
  0x6d, 0x6f, 0x64, 0x65, 0x6c, 0x2f, 0x73, 0x69, 0x6d, 0x70, 0x6c, 0x65,
  0x5f, 0x72, 0x6e, 0x6e, 0x2f, 0x73, 0x69, 0x6d, 0x70, 0x6c, 0x65, 0x5f,
  0x72, 0x6e, 0x6e, 0x5f, 0x63, 0x65, 0x6c, 0x6c, 0x2f, 0x42, 0x69, 0x61,
  0x73, 0x41, 0x64, 0x64, 0x2f, 0x52, 0x65, 0x61, 0x64, 0x56, 0x61, 0x72,
  0x69, 0x61, 0x62, 0x6c, 0x65, 0x4f, 0x70, 0x31, 0x33, 0x00, 0x00, 0x00,
  0x01, 0x00, 0x00, 0x00, 0x32, 0x00, 0x00, 0x00, 0x5a, 0xf7, 0xff, 0xff,
  0x00, 0x00, 0x00, 0x01, 0x14, 0x00, 0x00, 0x00, 0x34, 0x00, 0x00, 0x00,
  0x08, 0x00, 0x00, 0x00, 0x00, 0x00, 0x00, 0x02, 0x68, 0x00, 0x00, 0x00,
  0xbc, 0xf8, 0xff, 0xff, 0x08, 0x00, 0x00, 0x00, 0x14, 0x00, 0x00, 0x00,
  0x01, 0x00, 0x00, 0x00, 0x00, 0x00, 0x00, 0x00, 0x00, 0x00, 0x00, 0x00,
  0x00, 0x00, 0x00, 0x00, 0x01, 0x00, 0x00, 0x00, 0xcc, 0x87, 0x1f, 0x38,
  0x39, 0x00, 0x00, 0x00, 0x6d, 0x6f, 0x64, 0x65, 0x6c, 0x2f, 0x73, 0x69,
  0x6d, 0x70, 0x6c, 0x65, 0x5f, 0x72, 0x6e, 0x6e, 0x2f, 0x73, 0x69, 0x6d,
  0x70, 0x6c, 0x65, 0x5f, 0x72, 0x6e, 0x6e, 0x5f, 0x63, 0x65, 0x6c, 0x6c,
  0x2f, 0x42, 0x69, 0x61, 0x73, 0x41, 0x64, 0x64, 0x2f, 0x52, 0x65, 0x61,
  0x64, 0x56, 0x61, 0x72, 0x69, 0x61, 0x62, 0x6c, 0x65, 0x4f, 0x70, 0x31,
  0x32, 0x00, 0x00, 0x00, 0x01, 0x00, 0x00, 0x00, 0x32, 0x00, 0x00, 0x00,
  0xe2, 0xf7, 0xff, 0xff, 0x00, 0x00, 0x00, 0x01, 0x14, 0x00, 0x00, 0x00,
  0x34, 0x00, 0x00, 0x00, 0x08, 0x00, 0x00, 0x00, 0x00, 0x00, 0x00, 0x02,
  0x68, 0x00, 0x00, 0x00, 0x44, 0xf9, 0xff, 0xff, 0x08, 0x00, 0x00, 0x00,
  0x14, 0x00, 0x00, 0x00, 0x01, 0x00, 0x00, 0x00, 0x00, 0x00, 0x00, 0x00,
  0x00, 0x00, 0x00, 0x00, 0x00, 0x00, 0x00, 0x00, 0x01, 0x00, 0x00, 0x00,
  0xcc, 0x87, 0x1f, 0x38, 0x39, 0x00, 0x00, 0x00, 0x6d, 0x6f, 0x64, 0x65,
  0x6c, 0x2f, 0x73, 0x69, 0x6d, 0x70, 0x6c, 0x65, 0x5f, 0x72, 0x6e, 0x6e,
  0x2f, 0x73, 0x69, 0x6d, 0x70, 0x6c, 0x65, 0x5f, 0x72, 0x6e, 0x6e, 0x5f,
  0x63, 0x65, 0x6c, 0x6c, 0x2f, 0x42, 0x69, 0x61, 0x73, 0x41, 0x64, 0x64,
  0x2f, 0x52, 0x65, 0x61, 0x64, 0x56, 0x61, 0x72, 0x69, 0x61, 0x62, 0x6c,
  0x65, 0x4f, 0x70, 0x31, 0x31, 0x00, 0x00, 0x00, 0x01, 0x00, 0x00, 0x00,
  0x32, 0x00, 0x00, 0x00, 0x6a, 0xf8, 0xff, 0xff, 0x00, 0x00, 0x00, 0x01,
  0x14, 0x00, 0x00, 0x00, 0x34, 0x00, 0x00, 0x00, 0x08, 0x00, 0x00, 0x00,
  0x00, 0x00, 0x00, 0x02, 0x68, 0x00, 0x00, 0x00, 0xcc, 0xf9, 0xff, 0xff,
  0x08, 0x00, 0x00, 0x00, 0x14, 0x00, 0x00, 0x00, 0x01, 0x00, 0x00, 0x00,
  0x00, 0x00, 0x00, 0x00, 0x00, 0x00, 0x00, 0x00, 0x00, 0x00, 0x00, 0x00,
  0x01, 0x00, 0x00, 0x00, 0xcc, 0x87, 0x1f, 0x38, 0x39, 0x00, 0x00, 0x00,
  0x6d, 0x6f, 0x64, 0x65, 0x6c, 0x2f, 0x73, 0x69, 0x6d, 0x70, 0x6c, 0x65,
  0x5f, 0x72, 0x6e, 0x6e, 0x2f, 0x73, 0x69, 0x6d, 0x70, 0x6c, 0x65, 0x5f,
  0x72, 0x6e, 0x6e, 0x5f, 0x63, 0x65, 0x6c, 0x6c, 0x2f, 0x42, 0x69, 0x61,
  0x73, 0x41, 0x64, 0x64, 0x2f, 0x52, 0x65, 0x61, 0x64, 0x56, 0x61, 0x72,
  0x69, 0x61, 0x62, 0x6c, 0x65, 0x4f, 0x70, 0x31, 0x30, 0x00, 0x00, 0x00,
  0x01, 0x00, 0x00, 0x00, 0x32, 0x00, 0x00, 0x00, 0xf2, 0xf8, 0xff, 0xff,
  0x00, 0x00, 0x00, 0x01, 0x14, 0x00, 0x00, 0x00, 0x34, 0x00, 0x00, 0x00,
  0x08, 0x00, 0x00, 0x00, 0x00, 0x00, 0x00, 0x02, 0x68, 0x00, 0x00, 0x00,
  0x54, 0xfa, 0xff, 0xff, 0x08, 0x00, 0x00, 0x00, 0x14, 0x00, 0x00, 0x00,
  0x01, 0x00, 0x00, 0x00, 0x00, 0x00, 0x00, 0x00, 0x00, 0x00, 0x00, 0x00,
  0x00, 0x00, 0x00, 0x00, 0x01, 0x00, 0x00, 0x00, 0xcc, 0x87, 0x1f, 0x38,
  0x38, 0x00, 0x00, 0x00, 0x6d, 0x6f, 0x64, 0x65, 0x6c, 0x2f, 0x73, 0x69,
  0x6d, 0x70, 0x6c, 0x65, 0x5f, 0x72, 0x6e, 0x6e, 0x2f, 0x73, 0x69, 0x6d,
  0x70, 0x6c, 0x65, 0x5f, 0x72, 0x6e, 0x6e, 0x5f, 0x63, 0x65, 0x6c, 0x6c,
  0x2f, 0x42, 0x69, 0x61, 0x73, 0x41, 0x64, 0x64, 0x2f, 0x52, 0x65, 0x61,
  0x64, 0x56, 0x61, 0x72, 0x69, 0x61, 0x62, 0x6c, 0x65, 0x4f, 0x70, 0x39,
  0x00, 0x00, 0x00, 0x00, 0x01, 0x00, 0x00, 0x00, 0x32, 0x00, 0x00, 0x00,
  0x7a, 0xf9, 0xff, 0xff, 0x00, 0x00, 0x00, 0x01, 0x14, 0x00, 0x00, 0x00,
  0x34, 0x00, 0x00, 0x00, 0x08, 0x00, 0x00, 0x00, 0x00, 0x00, 0x00, 0x02,
  0x68, 0x00, 0x00, 0x00, 0xdc, 0xfa, 0xff, 0xff, 0x08, 0x00, 0x00, 0x00,
  0x14, 0x00, 0x00, 0x00, 0x01, 0x00, 0x00, 0x00, 0x00, 0x00, 0x00, 0x00,
  0x00, 0x00, 0x00, 0x00, 0x00, 0x00, 0x00, 0x00, 0x01, 0x00, 0x00, 0x00,
  0xcc, 0x87, 0x1f, 0x38, 0x38, 0x00, 0x00, 0x00, 0x6d, 0x6f, 0x64, 0x65,
  0x6c, 0x2f, 0x73, 0x69, 0x6d, 0x70, 0x6c, 0x65, 0x5f, 0x72, 0x6e, 0x6e,
  0x2f, 0x73, 0x69, 0x6d, 0x70, 0x6c, 0x65, 0x5f, 0x72, 0x6e, 0x6e, 0x5f,
  0x63, 0x65, 0x6c, 0x6c, 0x2f, 0x42, 0x69, 0x61, 0x73, 0x41, 0x64, 0x64,
  0x2f, 0x52, 0x65, 0x61, 0x64, 0x56, 0x61, 0x72, 0x69, 0x61, 0x62, 0x6c,
  0x65, 0x4f, 0x70, 0x38, 0x00, 0x00, 0x00, 0x00, 0x01, 0x00, 0x00, 0x00,
  0x32, 0x00, 0x00, 0x00, 0x02, 0xfa, 0xff, 0xff, 0x00, 0x00, 0x00, 0x01,
  0x14, 0x00, 0x00, 0x00, 0x34, 0x00, 0x00, 0x00, 0x08, 0x00, 0x00, 0x00,
  0x00, 0x00, 0x00, 0x02, 0x68, 0x00, 0x00, 0x00, 0x64, 0xfb, 0xff, 0xff,
  0x08, 0x00, 0x00, 0x00, 0x14, 0x00, 0x00, 0x00, 0x01, 0x00, 0x00, 0x00,
  0x00, 0x00, 0x00, 0x00, 0x00, 0x00, 0x00, 0x00, 0x00, 0x00, 0x00, 0x00,
  0x01, 0x00, 0x00, 0x00, 0xcc, 0x87, 0x1f, 0x38, 0x38, 0x00, 0x00, 0x00,
  0x6d, 0x6f, 0x64, 0x65, 0x6c, 0x2f, 0x73, 0x69, 0x6d, 0x70, 0x6c, 0x65,
  0x5f, 0x72, 0x6e, 0x6e, 0x2f, 0x73, 0x69, 0x6d, 0x70, 0x6c, 0x65, 0x5f,
  0x72, 0x6e, 0x6e, 0x5f, 0x63, 0x65, 0x6c, 0x6c, 0x2f, 0x42, 0x69, 0x61,
  0x73, 0x41, 0x64, 0x64, 0x2f, 0x52, 0x65, 0x61, 0x64, 0x56, 0x61, 0x72,
  0x69, 0x61, 0x62, 0x6c, 0x65, 0x4f, 0x70, 0x37, 0x00, 0x00, 0x00, 0x00,
  0x01, 0x00, 0x00, 0x00, 0x32, 0x00, 0x00, 0x00, 0x8a, 0xfa, 0xff, 0xff,
  0x00, 0x00, 0x00, 0x01, 0x14, 0x00, 0x00, 0x00, 0x34, 0x00, 0x00, 0x00,
  0x08, 0x00, 0x00, 0x00, 0x00, 0x00, 0x00, 0x02, 0x68, 0x00, 0x00, 0x00,
  0xec, 0xfb, 0xff, 0xff, 0x08, 0x00, 0x00, 0x00, 0x14, 0x00, 0x00, 0x00,
  0x01, 0x00, 0x00, 0x00, 0x00, 0x00, 0x00, 0x00, 0x00, 0x00, 0x00, 0x00,
  0x00, 0x00, 0x00, 0x00, 0x01, 0x00, 0x00, 0x00, 0xcc, 0x87, 0x1f, 0x38,
  0x38, 0x00, 0x00, 0x00, 0x6d, 0x6f, 0x64, 0x65, 0x6c, 0x2f, 0x73, 0x69,
  0x6d, 0x70, 0x6c, 0x65, 0x5f, 0x72, 0x6e, 0x6e, 0x2f, 0x73, 0x69, 0x6d,
  0x70, 0x6c, 0x65, 0x5f, 0x72, 0x6e, 0x6e, 0x5f, 0x63, 0x65, 0x6c, 0x6c,
  0x2f, 0x42, 0x69, 0x61, 0x73, 0x41, 0x64, 0x64, 0x2f, 0x52, 0x65, 0x61,
  0x64, 0x56, 0x61, 0x72, 0x69, 0x61, 0x62, 0x6c, 0x65, 0x4f, 0x70, 0x36,
  0x00, 0x00, 0x00, 0x00, 0x01, 0x00, 0x00, 0x00, 0x32, 0x00, 0x00, 0x00,
  0x12, 0xfb, 0xff, 0xff, 0x00, 0x00, 0x00, 0x01, 0x14, 0x00, 0x00, 0x00,
  0x34, 0x00, 0x00, 0x00, 0x08, 0x00, 0x00, 0x00, 0x00, 0x00, 0x00, 0x02,
  0x68, 0x00, 0x00, 0x00, 0x74, 0xfc, 0xff, 0xff, 0x08, 0x00, 0x00, 0x00,
  0x14, 0x00, 0x00, 0x00, 0x01, 0x00, 0x00, 0x00, 0x00, 0x00, 0x00, 0x00,
  0x00, 0x00, 0x00, 0x00, 0x00, 0x00, 0x00, 0x00, 0x01, 0x00, 0x00, 0x00,
  0xcc, 0x87, 0x1f, 0x38, 0x38, 0x00, 0x00, 0x00, 0x6d, 0x6f, 0x64, 0x65,
  0x6c, 0x2f, 0x73, 0x69, 0x6d, 0x70, 0x6c, 0x65, 0x5f, 0x72, 0x6e, 0x6e,
  0x2f, 0x73, 0x69, 0x6d, 0x70, 0x6c, 0x65, 0x5f, 0x72, 0x6e, 0x6e, 0x5f,
  0x63, 0x65, 0x6c, 0x6c, 0x2f, 0x42, 0x69, 0x61, 0x73, 0x41, 0x64, 0x64,
  0x2f, 0x52, 0x65, 0x61, 0x64, 0x56, 0x61, 0x72, 0x69, 0x61, 0x62, 0x6c,
  0x65, 0x4f, 0x70, 0x35, 0x00, 0x00, 0x00, 0x00, 0x01, 0x00, 0x00, 0x00,
  0x32, 0x00, 0x00, 0x00, 0x9a, 0xfb, 0xff, 0xff, 0x00, 0x00, 0x00, 0x01,
  0x14, 0x00, 0x00, 0x00, 0x34, 0x00, 0x00, 0x00, 0x08, 0x00, 0x00, 0x00,
  0x00, 0x00, 0x00, 0x02, 0x68, 0x00, 0x00, 0x00, 0xfc, 0xfc, 0xff, 0xff,
  0x08, 0x00, 0x00, 0x00, 0x14, 0x00, 0x00, 0x00, 0x01, 0x00, 0x00, 0x00,
  0x00, 0x00, 0x00, 0x00, 0x00, 0x00, 0x00, 0x00, 0x00, 0x00, 0x00, 0x00,
  0x01, 0x00, 0x00, 0x00, 0xcc, 0x87, 0x1f, 0x38, 0x38, 0x00, 0x00, 0x00,
  0x6d, 0x6f, 0x64, 0x65, 0x6c, 0x2f, 0x73, 0x69, 0x6d, 0x70, 0x6c, 0x65,
  0x5f, 0x72, 0x6e, 0x6e, 0x2f, 0x73, 0x69, 0x6d, 0x70, 0x6c, 0x65, 0x5f,
  0x72, 0x6e, 0x6e, 0x5f, 0x63, 0x65, 0x6c, 0x6c, 0x2f, 0x42, 0x69, 0x61,
  0x73, 0x41, 0x64, 0x64, 0x2f, 0x52, 0x65, 0x61, 0x64, 0x56, 0x61, 0x72,
  0x69, 0x61, 0x62, 0x6c, 0x65, 0x4f, 0x70, 0x34, 0x00, 0x00, 0x00, 0x00,
  0x01, 0x00, 0x00, 0x00, 0x32, 0x00, 0x00, 0x00, 0x22, 0xfc, 0xff, 0xff,
  0x00, 0x00, 0x00, 0x01, 0x14, 0x00, 0x00, 0x00, 0x34, 0x00, 0x00, 0x00,
  0x08, 0x00, 0x00, 0x00, 0x00, 0x00, 0x00, 0x02, 0x68, 0x00, 0x00, 0x00,
  0x84, 0xfd, 0xff, 0xff, 0x08, 0x00, 0x00, 0x00, 0x14, 0x00, 0x00, 0x00,
  0x01, 0x00, 0x00, 0x00, 0x00, 0x00, 0x00, 0x00, 0x00, 0x00, 0x00, 0x00,
  0x00, 0x00, 0x00, 0x00, 0x01, 0x00, 0x00, 0x00, 0xcc, 0x87, 0x1f, 0x38,
  0x38, 0x00, 0x00, 0x00, 0x6d, 0x6f, 0x64, 0x65, 0x6c, 0x2f, 0x73, 0x69,
  0x6d, 0x70, 0x6c, 0x65, 0x5f, 0x72, 0x6e, 0x6e, 0x2f, 0x73, 0x69, 0x6d,
  0x70, 0x6c, 0x65, 0x5f, 0x72, 0x6e, 0x6e, 0x5f, 0x63, 0x65, 0x6c, 0x6c,
  0x2f, 0x42, 0x69, 0x61, 0x73, 0x41, 0x64, 0x64, 0x2f, 0x52, 0x65, 0x61,
  0x64, 0x56, 0x61, 0x72, 0x69, 0x61, 0x62, 0x6c, 0x65, 0x4f, 0x70, 0x33,
  0x00, 0x00, 0x00, 0x00, 0x01, 0x00, 0x00, 0x00, 0x32, 0x00, 0x00, 0x00,
  0xaa, 0xfc, 0xff, 0xff, 0x00, 0x00, 0x00, 0x01, 0x14, 0x00, 0x00, 0x00,
  0x34, 0x00, 0x00, 0x00, 0x08, 0x00, 0x00, 0x00, 0x00, 0x00, 0x00, 0x02,
  0x68, 0x00, 0x00, 0x00, 0x0c, 0xfe, 0xff, 0xff, 0x08, 0x00, 0x00, 0x00,
  0x14, 0x00, 0x00, 0x00, 0x01, 0x00, 0x00, 0x00, 0x00, 0x00, 0x00, 0x00,
  0x00, 0x00, 0x00, 0x00, 0x00, 0x00, 0x00, 0x00, 0x01, 0x00, 0x00, 0x00,
  0xcc, 0x87, 0x1f, 0x38, 0x38, 0x00, 0x00, 0x00, 0x6d, 0x6f, 0x64, 0x65,
  0x6c, 0x2f, 0x73, 0x69, 0x6d, 0x70, 0x6c, 0x65, 0x5f, 0x72, 0x6e, 0x6e,
  0x2f, 0x73, 0x69, 0x6d, 0x70, 0x6c, 0x65, 0x5f, 0x72, 0x6e, 0x6e, 0x5f,
  0x63, 0x65, 0x6c, 0x6c, 0x2f, 0x42, 0x69, 0x61, 0x73, 0x41, 0x64, 0x64,
  0x2f, 0x52, 0x65, 0x61, 0x64, 0x56, 0x61, 0x72, 0x69, 0x61, 0x62, 0x6c,
  0x65, 0x4f, 0x70, 0x32, 0x00, 0x00, 0x00, 0x00, 0x01, 0x00, 0x00, 0x00,
  0x32, 0x00, 0x00, 0x00, 0x32, 0xfd, 0xff, 0xff, 0x00, 0x00, 0x00, 0x01,
  0x14, 0x00, 0x00, 0x00, 0x34, 0x00, 0x00, 0x00, 0x08, 0x00, 0x00, 0x00,
  0x00, 0x00, 0x00, 0x02, 0x68, 0x00, 0x00, 0x00, 0x94, 0xfe, 0xff, 0xff,
  0x08, 0x00, 0x00, 0x00, 0x14, 0x00, 0x00, 0x00, 0x01, 0x00, 0x00, 0x00,
  0x00, 0x00, 0x00, 0x00, 0x00, 0x00, 0x00, 0x00, 0x00, 0x00, 0x00, 0x00,
  0x01, 0x00, 0x00, 0x00, 0xcc, 0x87, 0x1f, 0x38, 0x38, 0x00, 0x00, 0x00,
  0x6d, 0x6f, 0x64, 0x65, 0x6c, 0x2f, 0x73, 0x69, 0x6d, 0x70, 0x6c, 0x65,
  0x5f, 0x72, 0x6e, 0x6e, 0x2f, 0x73, 0x69, 0x6d, 0x70, 0x6c, 0x65, 0x5f,
  0x72, 0x6e, 0x6e, 0x5f, 0x63, 0x65, 0x6c, 0x6c, 0x2f, 0x42, 0x69, 0x61,
  0x73, 0x41, 0x64, 0x64, 0x2f, 0x52, 0x65, 0x61, 0x64, 0x56, 0x61, 0x72,
  0x69, 0x61, 0x62, 0x6c, 0x65, 0x4f, 0x70, 0x31, 0x00, 0x00, 0x00, 0x00,
  0x01, 0x00, 0x00, 0x00, 0x32, 0x00, 0x00, 0x00, 0xba, 0xfd, 0xff, 0xff,
  0x00, 0x00, 0x00, 0x01, 0x14, 0x00, 0x00, 0x00, 0x30, 0x00, 0x00, 0x00,
  0x08, 0x00, 0x00, 0x00, 0x00, 0x00, 0x00, 0x02, 0x60, 0x00, 0x00, 0x00,
  0x1c, 0xff, 0xff, 0xff, 0x08, 0x00, 0x00, 0x00, 0x10, 0x00, 0x00, 0x00,
  0x01, 0x00, 0x00, 0x00, 0x00, 0x00, 0x00, 0x00, 0x00, 0x00, 0x00, 0x00,
  0x01, 0x00, 0x00, 0x00, 0xcc, 0x87, 0x1f, 0x38, 0x37, 0x00, 0x00, 0x00,
  0x6d, 0x6f, 0x64, 0x65, 0x6c, 0x2f, 0x73, 0x69, 0x6d, 0x70, 0x6c, 0x65,
  0x5f, 0x72, 0x6e, 0x6e, 0x2f, 0x73, 0x69, 0x6d, 0x70, 0x6c, 0x65, 0x5f,
  0x72, 0x6e, 0x6e, 0x5f, 0x63, 0x65, 0x6c, 0x6c, 0x2f, 0x42, 0x69, 0x61,
  0x73, 0x41, 0x64, 0x64, 0x2f, 0x52, 0x65, 0x61, 0x64, 0x56, 0x61, 0x72,
  0x69, 0x61, 0x62, 0x6c, 0x65, 0x4f, 0x70, 0x00, 0x01, 0x00, 0x00, 0x00,
  0x32, 0x00, 0x00, 0x00, 0x3a, 0xfe, 0xff, 0xff, 0x00, 0x00, 0x00, 0x01,
  0x14, 0x00, 0x00, 0x00, 0x34, 0x00, 0x00, 0x00, 0x07, 0x00, 0x00, 0x00,
  0x00, 0x00, 0x00, 0x09, 0x40, 0x00, 0x00, 0x00, 0x9c, 0xff, 0xff, 0xff,
  0x08, 0x00, 0x00, 0x00, 0x14, 0x00, 0x00, 0x00, 0x01, 0x00, 0x00, 0x00,
  0x00, 0x00, 0x00, 0x00, 0x00, 0x00, 0x00, 0x00, 0x00, 0x00, 0x00, 0x00,
  0x01, 0x00, 0x00, 0x00, 0x81, 0xbe, 0x88, 0x3b, 0x12, 0x00, 0x00, 0x00,
  0x6d, 0x6f, 0x64, 0x65, 0x6c, 0x2f, 0x64, 0x65, 0x6e, 0x73, 0x65, 0x2f,
  0x4d, 0x61, 0x74, 0x4d, 0x75, 0x6c, 0x00, 0x00, 0x02, 0x00, 0x00, 0x00,
  0x01, 0x00, 0x00, 0x00, 0x32, 0x00, 0x00, 0x00, 0x9e, 0xfe, 0xff, 0xff,
  0x00, 0x00, 0x00, 0x01, 0x20, 0x00, 0x00, 0x00, 0x3c, 0x00, 0x00, 0x00,
  0x06, 0x00, 0x00, 0x00, 0x00, 0x00, 0x00, 0x02, 0x58, 0x00, 0x00, 0x00,
  0x0c, 0x00, 0x0c, 0x00, 0x00, 0x00, 0x00, 0x00, 0x08, 0x00, 0x04, 0x00,
  0x0c, 0x00, 0x00, 0x00, 0x08, 0x00, 0x00, 0x00, 0x10, 0x00, 0x00, 0x00,
  0x01, 0x00, 0x00, 0x00, 0x00, 0x00, 0x00, 0x00, 0x00, 0x00, 0x00, 0x00,
  0x01, 0x00, 0x00, 0x00, 0x6c, 0xd6, 0xc0, 0x37, 0x22, 0x00, 0x00, 0x00,
  0x6d, 0x6f, 0x64, 0x65, 0x6c, 0x2f, 0x64, 0x65, 0x6e, 0x73, 0x65, 0x2f,
  0x42, 0x69, 0x61, 0x73, 0x41, 0x64, 0x64, 0x2f, 0x52, 0x65, 0x61, 0x64,
  0x56, 0x61, 0x72, 0x69, 0x61, 0x62, 0x6c, 0x65, 0x4f, 0x70, 0x00, 0x00,
  0x01, 0x00, 0x00, 0x00, 0x01, 0x00, 0x00, 0x00, 0x16, 0xff, 0xff, 0xff,
  0x00, 0x00, 0x00, 0x01, 0x14, 0x00, 0x00, 0x00, 0x14, 0x00, 0x00, 0x00,
  0x05, 0x00, 0x00, 0x00, 0x00, 0x00, 0x00, 0x02, 0x2c, 0x00, 0x00, 0x00,
  0x84, 0xfe, 0xff, 0xff, 0x1f, 0x00, 0x00, 0x00, 0x6d, 0x6f, 0x64, 0x65,
  0x6c, 0x2f, 0x73, 0x69, 0x6d, 0x70, 0x6c, 0x65, 0x5f, 0x72, 0x6e, 0x6e,
  0x2f, 0x7a, 0x65, 0x72, 0x6f, 0x73, 0x2f, 0x70, 0x61, 0x63, 0x6b, 0x65,
  0x64, 0x2f, 0x31, 0x00, 0x00, 0x00, 0x00, 0x00, 0x5e, 0xff, 0xff, 0xff,
  0x00, 0x00, 0x00, 0x01, 0x14, 0x00, 0x00, 0x00, 0x14, 0x00, 0x00, 0x00,
  0x04, 0x00, 0x00, 0x00, 0x00, 0x00, 0x00, 0x02, 0x2c, 0x00, 0x00, 0x00,
  0xcc, 0xfe, 0xff, 0xff, 0x1f, 0x00, 0x00, 0x00, 0x6d, 0x6f, 0x64, 0x65,
  0x6c, 0x2f, 0x73, 0x69, 0x6d, 0x70, 0x6c, 0x65, 0x5f, 0x72, 0x6e, 0x6e,
  0x2f, 0x74, 0x72, 0x61, 0x6e, 0x73, 0x70, 0x6f, 0x73, 0x65, 0x2f, 0x70,
  0x65, 0x72, 0x6d, 0x00, 0x01, 0x00, 0x00, 0x00, 0x03, 0x00, 0x00, 0x00,
  0xaa, 0xff, 0xff, 0xff, 0x00, 0x00, 0x00, 0x01, 0x14, 0x00, 0x00, 0x00,
  0x14, 0x00, 0x00, 0x00, 0x03, 0x00, 0x00, 0x00, 0x00, 0x00, 0x00, 0x02,
  0x34, 0x00, 0x00, 0x00, 0x18, 0xff, 0xff, 0xff, 0x26, 0x00, 0x00, 0x00,
  0x6d, 0x6f, 0x64, 0x65, 0x6c, 0x2f, 0x73, 0x69, 0x6d, 0x70, 0x6c, 0x65,
  0x5f, 0x72, 0x6e, 0x6e, 0x2f, 0x73, 0x74, 0x72, 0x69, 0x64, 0x65, 0x64,
  0x5f, 0x73, 0x6c, 0x69, 0x63, 0x65, 0x2f, 0x73, 0x74, 0x61, 0x63, 0x6b,
  0x5f, 0x31, 0x00, 0x00, 0x01, 0x00, 0x00, 0x00, 0x01, 0x00, 0x00, 0x00,
  0x00, 0x00, 0x16, 0x00, 0x1c, 0x00, 0x18, 0x00, 0x17, 0x00, 0x10, 0x00,
  0x0c, 0x00, 0x08, 0x00, 0x00, 0x00, 0x00, 0x00, 0x00, 0x00, 0x07, 0x00,
  0x16, 0x00, 0x00, 0x00, 0x00, 0x00, 0x00, 0x01, 0x14, 0x00, 0x00, 0x00,
  0x14, 0x00, 0x00, 0x00, 0x02, 0x00, 0x00, 0x00, 0x00, 0x00, 0x00, 0x02,
  0x34, 0x00, 0x00, 0x00, 0x84, 0xff, 0xff, 0xff, 0x24, 0x00, 0x00, 0x00,
  0x6d, 0x6f, 0x64, 0x65, 0x6c, 0x2f, 0x73, 0x69, 0x6d, 0x70, 0x6c, 0x65,
  0x5f, 0x72, 0x6e, 0x6e, 0x2f, 0x73, 0x74, 0x72, 0x69, 0x64, 0x65, 0x64,
  0x5f, 0x73, 0x6c, 0x69, 0x63, 0x65, 0x2f, 0x73, 0x74, 0x61, 0x63, 0x6b,
  0x00, 0x00, 0x00, 0x00, 0x01, 0x00, 0x00, 0x00, 0x01, 0x00, 0x00, 0x00,
  0x00, 0x00, 0x16, 0x00, 0x1c, 0x00, 0x18, 0x00, 0x00, 0x00, 0x14, 0x00,
  0x10, 0x00, 0x0c, 0x00, 0x00, 0x00, 0x00, 0x00, 0x08, 0x00, 0x07, 0x00,
  0x16, 0x00, 0x00, 0x00, 0x00, 0x00, 0x00, 0x01, 0x14, 0x00, 0x00, 0x00,
  0x24, 0x00, 0x00, 0x00, 0x24, 0x00, 0x00, 0x00, 0x01, 0x00, 0x00, 0x00,
  0x3c, 0x00, 0x00, 0x00, 0x03, 0x00, 0x00, 0x00, 0xff, 0xff, 0xff, 0xff,
  0x18, 0x00, 0x00, 0x00, 0x01, 0x00, 0x00, 0x00, 0x04, 0x00, 0x04, 0x00,
  0x04, 0x00, 0x00, 0x00, 0x19, 0x00, 0x00, 0x00, 0x73, 0x65, 0x72, 0x76,
  0x69, 0x6e, 0x67, 0x5f, 0x64, 0x65, 0x66, 0x61, 0x75, 0x6c, 0x74, 0x5f,
  0x69, 0x6e, 0x70, 0x75, 0x74, 0x5f, 0x31, 0x3a, 0x30, 0x00, 0x00, 0x00,
  0x03, 0x00, 0x00, 0x00, 0x01, 0x00, 0x00, 0x00, 0x18, 0x00, 0x00, 0x00,
  0x01, 0x00, 0x00, 0x00, 0x0a, 0x00, 0x00, 0x00, 0xd0, 0x00, 0x00, 0x00,
  0xb4, 0x00, 0x00, 0x00, 0xa4, 0x00, 0x00, 0x00, 0x90, 0x00, 0x00, 0x00,
  0x70, 0x00, 0x00, 0x00, 0x60, 0x00, 0x00, 0x00, 0x4c, 0x00, 0x00, 0x00,
  0x38, 0x00, 0x00, 0x00, 0x2c, 0x00, 0x00, 0x00, 0x10, 0x00, 0x00, 0x00,
  0x0c, 0x00, 0x0e, 0x00, 0x0d, 0x00, 0x00, 0x00, 0x08, 0x00, 0x04, 0x00,
  0x0c, 0x00, 0x00, 0x00, 0x06, 0x00, 0x00, 0x00, 0x02, 0x00, 0x00, 0x00,
  0x00, 0x06, 0x0a, 0x00, 0x08, 0x00, 0x00, 0x00, 0x00, 0x00, 0x04, 0x00,
  0x0a, 0x00, 0x00, 0x00, 0x02, 0x00, 0x00, 0x00, 0xc4, 0xff, 0xff, 0xff,
  0x09, 0x00, 0x00, 0x00, 0x04, 0x00, 0x00, 0x00, 0x00, 0x00, 0x00, 0x09,
  0xd4, 0xff, 0xff, 0xff, 0x5e, 0x00, 0x00, 0x00, 0x03, 0x00, 0x00, 0x00,
  0x00, 0x00, 0x00, 0x5e, 0xb0, 0xff, 0xff, 0xff, 0x53, 0x00, 0x00, 0x00,
  0x00, 0x00, 0x00, 0x53, 0xf0, 0xff, 0xff, 0xff, 0x58, 0x00, 0x00, 0x00,
  0x02, 0x00, 0x00, 0x00, 0x00, 0x00, 0x00, 0x58, 0x0c, 0x00, 0x10, 0x00,
  0x0f, 0x00, 0x00, 0x00, 0x08, 0x00, 0x04, 0x00, 0x0c, 0x00, 0x00, 0x00,
  0x27, 0x00, 0x00, 0x00, 0x02, 0x00, 0x00, 0x00, 0x00, 0x00, 0x00, 0x27,
  0xe8, 0xff, 0xff, 0xff, 0x2d, 0x00, 0x00, 0x00, 0x00, 0x00, 0x00, 0x2d,
  0xf4, 0xff, 0xff, 0xff, 0x4d, 0x00, 0x00, 0x00, 0x00, 0x00, 0x00, 0x4d,
  0x0c, 0x00, 0x0c, 0x00, 0x0b, 0x00, 0x00, 0x00, 0x00, 0x00, 0x04, 0x00,
  0x0c, 0x00, 0x00, 0x00, 0x72, 0x00, 0x00, 0x00, 0x00, 0x00, 0x00, 0x72
};
unsigned int RNN_temp_in_C_new_tflite_len  = 44712;
